{
  "total_pixels": 264,
  "good_quality_pixels": 188,
  "mean_chlorophyll": 2.5471801630137336,
  "median_chlorophyll": 1.7579396528317481,
  "std_chlorophyll": 2.2685548986399247,
  "min_chlorophyll": 0.2659332275744553,
  "max_chlorophyll": 15.0,
  "mean_sst": 20.165426264932226,
  "sst_range": [
    12.013417747557966,
    27.910838557300547
  ],
  "bloom_count": 3,
  "bloom_percentage": 1.5957446808510638,
  "bloom_locations": [
    {
      "region": "Gulf of Mexico",
      "bloom_pixels": 2
    },
    {
      "region": "Pacific Coast",
      "bloom_pixels": 1
    }
  ],
  "productivity_distribution": {
    "high": 130,
    "medium": 58
  },
  "regional_stats": {
    "Pacific Coast": {
      "mean_chlorophyll": 3.534168216577134,
      "mean_sst": 15.162725571505424,
      "pixel_count": 62,
      "bloom_pixels": 1
    },
    "Gulf of Mexico": {
      "mean_chlorophyll": 2.8848708739876394,
      "mean_sst": 25.05898508112627,
      "pixel_count": 68,
      "bloom_pixels": 2
    },
    "Atlantic Coast": {
      "mean_chlorophyll": 1.0962107204765557,
      "mean_sst": 19.775864945816135,
      "pixel_count": 58,
      "bloom_pixels": 0
    }
  },
  "ocean_health_status": "NORMAL - Moderate productivity",
  "spatial_extent": {
    "lon_range": [
      -127.99548306784186,
      -70.03536345396296
    ],
    "lat_range": [
      25.2244208908737,
      47.46702756067329
    ]
  },
  "summary": "NORMAL: Chl-a 2.55 mg/m\u00b3, 3 bloom pixels detected",
  "analysis_date": "2026-01-22 21:18:36"
}