{
  "total_pixels": 264,
  "good_quality_pixels": 188,
  "mean_chlorophyll": 2.3814462408571666,
  "median_chlorophyll": 1.8636480608354096,
  "std_chlorophyll": 2.068409409689971,
  "min_chlorophyll": 0.2,
  "max_chlorophyll": 12.617690820090187,
  "mean_sst": 20.039328065617315,
  "sst_range": [
    12.020325801936956,
    27.98031210509096
  ],
  "bloom_count": 3,
  "bloom_percentage": 1.5957446808510638,
  "bloom_locations": [
    {
      "region": "Gulf of Mexico",
      "bloom_pixels": 2
    },
    {
      "region": "Pacific Coast",
      "bloom_pixels": 1
    }
  ],
  "productivity_distribution": {
    "high": 129,
    "medium": 59
  },
  "regional_stats": {
    "Pacific Coast": {
      "mean_chlorophyll": 3.357163219443232,
      "mean_sst": 14.855989350904002,
      "pixel_count": 63,
      "bloom_pixels": 1
    },
    "Gulf of Mexico": {
      "mean_chlorophyll": 2.6367331720545457,
      "mean_sst": 24.797603046429455,
      "pixel_count": 66,
      "bloom_pixels": 2
    },
    "Atlantic Coast": {
      "mean_chlorophyll": 1.0540037474681978,
      "mean_sst": 20.251263494317946,
      "pixel_count": 59,
      "bloom_pixels": 0
    }
  },
  "ocean_health_status": "NORMAL - Moderate productivity",
  "spatial_extent": {
    "lon_range": [
      -127.99809532764867,
      -70.01831011665287
    ],
    "lat_range": [
      25.02457364461298,
      47.435094203106296
    ]
  },
  "summary": "NORMAL: Chl-a 2.38 mg/m\u00b3, 3 bloom pixels detected",
  "analysis_date": "2025-12-01 15:17:29"
}