{
  "total_pixels": 264,
  "good_quality_pixels": 184,
  "mean_chlorophyll": 2.575373418102121,
  "median_chlorophyll": 1.926931886684994,
  "std_chlorophyll": 2.239518199168529,
  "min_chlorophyll": 0.2652949650546501,
  "max_chlorophyll": 15.0,
  "mean_sst": 20.05245861816679,
  "sst_range": [
    12.006759395961389,
    27.908306766039164
  ],
  "bloom_count": 3,
  "bloom_percentage": 1.6304347826086956,
  "bloom_locations": [
    {
      "region": "Gulf of Mexico",
      "bloom_pixels": 1
    },
    {
      "region": "Pacific Coast",
      "bloom_pixels": 2
    }
  ],
  "productivity_distribution": {
    "high": 125,
    "medium": 59
  },
  "regional_stats": {
    "Pacific Coast": {
      "mean_chlorophyll": 3.5932183858070346,
      "mean_sst": 14.502305910259295,
      "pixel_count": 58,
      "bloom_pixels": 2
    },
    "Gulf of Mexico": {
      "mean_chlorophyll": 2.8473103565672826,
      "mean_sst": 25.021765277291884,
      "pixel_count": 67,
      "bloom_pixels": 1
    },
    "Atlantic Coast": {
      "mean_chlorophyll": 1.265970316338549,
      "mean_sst": 19.865429989306673,
      "pixel_count": 59,
      "bloom_pixels": 0
    }
  },
  "ocean_health_status": "NORMAL - Moderate productivity",
  "spatial_extent": {
    "lon_range": [
      -127.99520979511891,
      -70.19992419051285
    ],
    "lat_range": [
      25.020389507953542,
      47.38377964672581
    ]
  },
  "summary": "NORMAL: Chl-a 2.58 mg/m\u00b3, 3 bloom pixels detected",
  "analysis_date": "2026-07-23 18:17:01"
}