{
  "total_pixels": 264,
  "good_quality_pixels": 173,
  "mean_chlorophyll": 2.7965218197807618,
  "median_chlorophyll": 2.187068094921323,
  "std_chlorophyll": 2.249565666722243,
  "min_chlorophyll": 0.21057006320805308,
  "max_chlorophyll": 11.612894084927243,
  "mean_sst": 20.333463110836345,
  "sst_range": [
    12.000839689896775,
    27.882933702463085
  ],
  "bloom_count": 3,
  "bloom_percentage": 1.7341040462427744,
  "bloom_locations": [
    {
      "region": "Gulf of Mexico",
      "bloom_pixels": 1
    },
    {
      "region": "Pacific Coast",
      "bloom_pixels": 2
    }
  ],
  "productivity_distribution": {
    "high": 126,
    "medium": 47
  },
  "regional_stats": {
    "Pacific Coast": {
      "mean_chlorophyll": 3.6019071587619442,
      "mean_sst": 15.373776231877551,
      "pixel_count": 60,
      "bloom_pixels": 2
    },
    "Gulf of Mexico": {
      "mean_chlorophyll": 3.138574454061964,
      "mean_sst": 25.12269062406559,
      "pixel_count": 66,
      "bloom_pixels": 1
    },
    "Atlantic Coast": {
      "mean_chlorophyll": 1.2880410920907548,
      "mean_sst": 19.939680065397976,
      "pixel_count": 47,
      "bloom_pixels": 0
    }
  },
  "ocean_health_status": "NORMAL - Moderate productivity",
  "spatial_extent": {
    "lon_range": [
      -127.95887571871245,
      -70.17656629779592
    ],
    "lat_range": [
      25.05396950065479,
      47.455905035697484
    ]
  },
  "summary": "NORMAL: Chl-a 2.80 mg/m\u00b3, 3 bloom pixels detected",
  "analysis_date": "2025-12-24 09:20:34"
}