{
  "total_pixels": 264,
  "good_quality_pixels": 179,
  "mean_chlorophyll": 2.7381606090379838,
  "median_chlorophyll": 1.999801190019667,
  "std_chlorophyll": 2.5056290517220443,
  "min_chlorophyll": 0.23547280303671028,
  "max_chlorophyll": 13.885981563242542,
  "mean_sst": 20.326858864035096,
  "sst_range": [
    12.19854124906929,
    27.94466422566482
  ],
  "bloom_count": 5,
  "bloom_percentage": 2.793296089385475,
  "bloom_locations": [
    {
      "region": "Gulf of Mexico",
      "bloom_pixels": 1
    },
    {
      "region": "Pacific Coast",
      "bloom_pixels": 4
    }
  ],
  "productivity_distribution": {
    "high": 122,
    "medium": 57
  },
  "regional_stats": {
    "Pacific Coast": {
      "mean_chlorophyll": 4.1669208593734615,
      "mean_sst": 14.735411941645223,
      "pixel_count": 54,
      "bloom_pixels": 4
    },
    "Gulf of Mexico": {
      "mean_chlorophyll": 2.8097905390651596,
      "mean_sst": 25.072360095903893,
      "pixel_count": 68,
      "bloom_pixels": 1
    },
    "Atlantic Coast": {
      "mean_chlorophyll": 1.2991450167579195,
      "mean_sst": 19.962719391087287,
      "pixel_count": 57,
      "bloom_pixels": 0
    }
  },
  "ocean_health_status": "NORMAL - Moderate productivity",
  "spatial_extent": {
    "lon_range": [
      -127.9555151236588,
      -70.04441730155544
    ],
    "lat_range": [
      25.02303153172268,
      47.186871977432894
    ]
  },
  "summary": "NORMAL: Chl-a 2.74 mg/m\u00b3, 5 bloom pixels detected",
  "analysis_date": "2025-11-19 21:12:30"
}