{
  "total_pixels": 264,
  "good_quality_pixels": 183,
  "mean_chlorophyll": 2.836375873344168,
  "median_chlorophyll": 1.8176276529222806,
  "std_chlorophyll": 2.538023133988391,
  "min_chlorophyll": 0.23932058731933917,
  "max_chlorophyll": 11.828005190327316,
  "mean_sst": 20.241599916024402,
  "sst_range": [
    12.058931420092739,
    27.960376980182517
  ],
  "bloom_count": 6,
  "bloom_percentage": 3.278688524590164,
  "bloom_locations": [
    {
      "region": "Gulf of Mexico",
      "bloom_pixels": 2
    },
    {
      "region": "Pacific Coast",
      "bloom_pixels": 4
    }
  ],
  "productivity_distribution": {
    "high": 131,
    "medium": 52
  },
  "regional_stats": {
    "Pacific Coast": {
      "mean_chlorophyll": 3.8131602525172394,
      "mean_sst": 15.086415404531307,
      "pixel_count": 63,
      "bloom_pixels": 4
    },
    "Gulf of Mexico": {
      "mean_chlorophyll": 3.167379507297843,
      "mean_sst": 24.990258033864404,
      "pixel_count": 68,
      "bloom_pixels": 2
    },
    "Atlantic Coast": {
      "mean_chlorophyll": 1.2201131234066014,
      "mean_sst": 20.277520535465644,
      "pixel_count": 52,
      "bloom_pixels": 0
    }
  },
  "ocean_health_status": "NORMAL - Moderate productivity",
  "spatial_extent": {
    "lon_range": [
      -127.99358570538908,
      -70.03252073940382
    ],
    "lat_range": [
      25.08742874181901,
      47.404188145420164
    ]
  },
  "summary": "NORMAL: Chl-a 2.84 mg/m\u00b3, 6 bloom pixels detected",
  "analysis_date": "2026-07-18 05:32:22"
}