{
  "total_pixels": 264,
  "good_quality_pixels": 176,
  "mean_chlorophyll": 2.2553550394835487,
  "median_chlorophyll": 1.6797680293082105,
  "std_chlorophyll": 1.8112490037705329,
  "min_chlorophyll": 0.20445031084846574,
  "max_chlorophyll": 9.349001924188507,
  "mean_sst": 20.603269518674736,
  "sst_range": [
    12.13360706670249,
    27.909594557211
  ],
  "bloom_count": 0,
  "bloom_percentage": 0.0,
  "bloom_locations": [],
  "productivity_distribution": {
    "high": 119,
    "medium": 57
  },
  "regional_stats": {
    "Pacific Coast": {
      "mean_chlorophyll": 3.22291000473776,
      "mean_sst": 15.128356030064465,
      "pixel_count": 53,
      "bloom_pixels": 0
    },
    "Gulf of Mexico": {
      "mean_chlorophyll": 2.3274585361527653,
      "mean_sst": 25.29730239585313,
      "pixel_count": 66,
      "bloom_pixels": 0
    },
    "Atlantic Coast": {
      "mean_chlorophyll": 1.2722104089810653,
      "mean_sst": 20.25878258889528,
      "pixel_count": 57,
      "bloom_pixels": 0
    }
  },
  "ocean_health_status": "NORMAL - Moderate productivity",
  "spatial_extent": {
    "lon_range": [
      -127.79245291501236,
      -70.00937244150224
    ],
    "lat_range": [
      25.0820638478609,
      47.34974141384226
    ]
  },
  "summary": "NORMAL: Chl-a 2.26 mg/m\u00b3",
  "analysis_date": "2026-06-11 22:05:51"
}