{
  "total_pixels": 264,
  "good_quality_pixels": 182,
  "mean_chlorophyll": 2.53155194583946,
  "median_chlorophyll": 1.7428003362450386,
  "std_chlorophyll": 2.206211271142105,
  "min_chlorophyll": 0.2,
  "max_chlorophyll": 12.0,
  "mean_sst": 20.463577147332536,
  "sst_range": [
    12.044986298571718,
    27.966545014581747
  ],
  "bloom_count": 2,
  "bloom_percentage": 1.098901098901099,
  "bloom_locations": [
    {
      "region": "Pacific Coast",
      "bloom_pixels": 2
    }
  ],
  "productivity_distribution": {
    "high": 129,
    "medium": 53
  },
  "regional_stats": {
    "Pacific Coast": {
      "mean_chlorophyll": 3.961098381040679,
      "mean_sst": 15.21120238309703,
      "pixel_count": 60,
      "bloom_pixels": 2
    },
    "Gulf of Mexico": {
      "mean_chlorophyll": 2.2837255556144753,
      "mean_sst": 25.493834425817344,
      "pixel_count": 69,
      "bloom_pixels": 0
    },
    "Atlantic Coast": {
      "mean_chlorophyll": 1.2358393951498523,
      "mean_sst": 19.860836272590625,
      "pixel_count": 53,
      "bloom_pixels": 0
    }
  },
  "ocean_health_status": "NORMAL - Moderate productivity",
  "spatial_extent": {
    "lon_range": [
      -127.70054521054803,
      -70.29916754677319
    ],
    "lat_range": [
      25.081285688921405,
      47.09792338743722
    ]
  },
  "summary": "NORMAL: Chl-a 2.53 mg/m\u00b3, 2 bloom pixels detected",
  "analysis_date": "2026-04-10 11:40:55"
}