{
  "total_pixels": 264,
  "good_quality_pixels": 177,
  "mean_chlorophyll": 2.4118630993538477,
  "median_chlorophyll": 1.882070126798359,
  "std_chlorophyll": 1.9934578388139157,
  "min_chlorophyll": 0.2,
  "max_chlorophyll": 12.434181869294157,
  "mean_sst": 19.728581845195777,
  "sst_range": [
    12.262177426768872,
    27.788567709785198
  ],
  "bloom_count": 2,
  "bloom_percentage": 1.1299435028248588,
  "bloom_locations": [
    {
      "region": "Gulf of Mexico",
      "bloom_pixels": 1
    },
    {
      "region": "Pacific Coast",
      "bloom_pixels": 1
    }
  ],
  "productivity_distribution": {
    "high": 123,
    "medium": 54
  },
  "regional_stats": {
    "Pacific Coast": {
      "mean_chlorophyll": 3.176089675096151,
      "mean_sst": 14.589796226195862,
      "pixel_count": 65,
      "bloom_pixels": 1
    },
    "Gulf of Mexico": {
      "mean_chlorophyll": 2.567496766217782,
      "mean_sst": 25.506294555609948,
      "pixel_count": 58,
      "bloom_pixels": 1
    },
    "Atlantic Coast": {
      "mean_chlorophyll": 1.3247986530324047,
      "mean_sst": 19.708465697621204,
      "pixel_count": 54,
      "bloom_pixels": 0
    }
  },
  "ocean_health_status": "NORMAL - Moderate productivity",
  "spatial_extent": {
    "lon_range": [
      -127.92435322551586,
      -70.02397161912519
    ],
    "lat_range": [
      25.007191938165835,
      47.13332524490028
    ]
  },
  "summary": "NORMAL: Chl-a 2.41 mg/m\u00b3, 2 bloom pixels detected",
  "analysis_date": "2026-03-07 09:24:27"
}