{
  "total_pixels": 264,
  "good_quality_pixels": 190,
  "mean_chlorophyll": 2.515453793238595,
  "median_chlorophyll": 1.8865315218315133,
  "std_chlorophyll": 2.2148959075668104,
  "min_chlorophyll": 0.2,
  "max_chlorophyll": 12.0,
  "mean_sst": 20.268014591579067,
  "sst_range": [
    12.040632597546084,
    27.969839732005738
  ],
  "bloom_count": 4,
  "bloom_percentage": 2.1052631578947367,
  "bloom_locations": [
    {
      "region": "Gulf of Mexico",
      "bloom_pixels": 2
    },
    {
      "region": "Pacific Coast",
      "bloom_pixels": 2
    }
  ],
  "productivity_distribution": {
    "high": 140,
    "medium": 50
  },
  "regional_stats": {
    "Pacific Coast": {
      "mean_chlorophyll": 3.310143634093645,
      "mean_sst": 14.812956448610846,
      "pixel_count": 64,
      "bloom_pixels": 2
    },
    "Gulf of Mexico": {
      "mean_chlorophyll": 2.78345987020579,
      "mean_sst": 24.929701880786382,
      "pixel_count": 76,
      "bloom_pixels": 2
    },
    "Atlantic Coast": {
      "mean_chlorophyll": 1.0908815599539932,
      "mean_sst": 20.164724334983283,
      "pixel_count": 50,
      "bloom_pixels": 0
    }
  },
  "ocean_health_status": "NORMAL - Moderate productivity",
  "spatial_extent": {
    "lon_range": [
      -127.93952271440702,
      -70.03417624284509
    ],
    "lat_range": [
      25.108320647194436,
      47.284745489666136
    ]
  },
  "summary": "NORMAL: Chl-a 2.52 mg/m\u00b3, 4 bloom pixels detected",
  "analysis_date": "2026-06-05 17:08:12"
}