{
  "total_pixels": 264,
  "good_quality_pixels": 185,
  "mean_chlorophyll": 2.58321502186178,
  "median_chlorophyll": 2.1086535855911808,
  "std_chlorophyll": 1.954299982708693,
  "min_chlorophyll": 0.2,
  "max_chlorophyll": 10.122585027385158,
  "mean_sst": 20.0713250962618,
  "sst_range": [
    12.127262449528601,
    27.99354109200415
  ],
  "bloom_count": 2,
  "bloom_percentage": 1.0810810810810811,
  "bloom_locations": [
    {
      "region": "Gulf of Mexico",
      "bloom_pixels": 1
    },
    {
      "region": "Pacific Coast",
      "bloom_pixels": 1
    }
  ],
  "productivity_distribution": {
    "high": 128,
    "medium": 57
  },
  "regional_stats": {
    "Pacific Coast": {
      "mean_chlorophyll": 3.424555059325572,
      "mean_sst": 15.174811966519993,
      "pixel_count": 66,
      "bloom_pixels": 1
    },
    "Gulf of Mexico": {
      "mean_chlorophyll": 2.7832818800355272,
      "mean_sst": 25.118299233848724,
      "pixel_count": 62,
      "bloom_pixels": 1
    },
    "Atlantic Coast": {
      "mean_chlorophyll": 1.391415238012962,
      "mean_sst": 20.251280710868286,
      "pixel_count": 57,
      "bloom_pixels": 0
    }
  },
  "ocean_health_status": "NORMAL - Moderate productivity",
  "spatial_extent": {
    "lon_range": [
      -127.97285453969793,
      -70.04171133385591
    ],
    "lat_range": [
      25.0487162864751,
      47.49437697563995
    ]
  },
  "summary": "NORMAL: Chl-a 2.58 mg/m\u00b3, 2 bloom pixels detected",
  "analysis_date": "2026-02-12 15:46:05"
}