{
  "total_pixels": 264,
  "good_quality_pixels": 189,
  "mean_chlorophyll": 2.623163563667791,
  "median_chlorophyll": 1.838287232550699,
  "std_chlorophyll": 2.3474852538779367,
  "min_chlorophyll": 0.2187027729624951,
  "max_chlorophyll": 15.0,
  "mean_sst": 20.273751057560105,
  "sst_range": [
    12.08966063900274,
    27.977060917169695
  ],
  "bloom_count": 2,
  "bloom_percentage": 1.0582010582010581,
  "bloom_locations": [
    {
      "region": "Gulf of Mexico",
      "bloom_pixels": 1
    },
    {
      "region": "Pacific Coast",
      "bloom_pixels": 1
    }
  ],
  "productivity_distribution": {
    "high": 137,
    "medium": 52
  },
  "regional_stats": {
    "Pacific Coast": {
      "mean_chlorophyll": 3.6770791181787947,
      "mean_sst": 14.829016115099968,
      "pixel_count": 65,
      "bloom_pixels": 1
    },
    "Gulf of Mexico": {
      "mean_chlorophyll": 2.734062768835345,
      "mean_sst": 25.294222349273767,
      "pixel_count": 72,
      "bloom_pixels": 1
    },
    "Atlantic Coast": {
      "mean_chlorophyll": 1.1522163749124248,
      "mean_sst": 20.128247947108644,
      "pixel_count": 52,
      "bloom_pixels": 0
    }
  },
  "ocean_health_status": "NORMAL - Moderate productivity",
  "spatial_extent": {
    "lon_range": [
      -127.97292610425303,
      -70.00057484031807
    ],
    "lat_range": [
      25.02094428589934,
      47.46680938743486
    ]
  },
  "summary": "NORMAL: Chl-a 2.62 mg/m\u00b3, 2 bloom pixels detected",
  "analysis_date": "2026-01-17 09:16:19"
}