{
  "total_pixels": 264,
  "good_quality_pixels": 199,
  "mean_chlorophyll": 2.9067031344984247,
  "median_chlorophyll": 2.13939083190551,
  "std_chlorophyll": 2.4915620125079676,
  "min_chlorophyll": 0.2,
  "max_chlorophyll": 13.802665487223418,
  "mean_sst": 20.044005169106114,
  "sst_range": [
    12.174556534774322,
    27.99969782550725
  ],
  "bloom_count": 4,
  "bloom_percentage": 2.0100502512562812,
  "bloom_locations": [
    {
      "region": "Gulf of Mexico",
      "bloom_pixels": 2
    },
    {
      "region": "Pacific Coast",
      "bloom_pixels": 2
    }
  ],
  "productivity_distribution": {
    "high": 138,
    "medium": 61
  },
  "regional_stats": {
    "Pacific Coast": {
      "mean_chlorophyll": 3.988955263429178,
      "mean_sst": 14.93242980347628,
      "pixel_count": 66,
      "bloom_pixels": 2
    },
    "Gulf of Mexico": {
      "mean_chlorophyll": 3.260092476713616,
      "mean_sst": 25.07342545364518,
      "pixel_count": 72,
      "bloom_pixels": 2
    },
    "Atlantic Coast": {
      "mean_chlorophyll": 1.3186265254996796,
      "mean_sst": 19.638197196069335,
      "pixel_count": 61,
      "bloom_pixels": 0
    }
  },
  "ocean_health_status": "NORMAL - Moderate productivity",
  "spatial_extent": {
    "lon_range": [
      -127.98196256482618,
      -70.15280335069089
    ],
    "lat_range": [
      25.053044254341795,
      47.43316404242021
    ]
  },
  "summary": "NORMAL: Chl-a 2.91 mg/m\u00b3, 4 bloom pixels detected",
  "analysis_date": "2025-12-27 09:16:13"
}