{
  "total_pixels": 264,
  "good_quality_pixels": 188,
  "mean_chlorophyll": 2.703657042515745,
  "median_chlorophyll": 2.032428011903134,
  "std_chlorophyll": 2.2490508322099503,
  "min_chlorophyll": 0.2,
  "max_chlorophyll": 14.3314059964831,
  "mean_sst": 20.33302959645127,
  "sst_range": [
    12.013983551713398,
    27.865890790827848
  ],
  "bloom_count": 2,
  "bloom_percentage": 1.0638297872340425,
  "bloom_locations": [
    {
      "region": "Gulf of Mexico",
      "bloom_pixels": 2
    }
  ],
  "productivity_distribution": {
    "high": 128,
    "medium": 60
  },
  "regional_stats": {
    "Pacific Coast": {
      "mean_chlorophyll": 3.7010523327887643,
      "mean_sst": 15.039741341419512,
      "pixel_count": 60,
      "bloom_pixels": 0
    },
    "Gulf of Mexico": {
      "mean_chlorophyll": 2.909405313725025,
      "mean_sst": 25.25631081082341,
      "pixel_count": 68,
      "bloom_pixels": 2
    },
    "Atlantic Coast": {
      "mean_chlorophyll": 1.4730803782055397,
      "mean_sst": 20.04659914186125,
      "pixel_count": 60,
      "bloom_pixels": 0
    }
  },
  "ocean_health_status": "NORMAL - Moderate productivity",
  "spatial_extent": {
    "lon_range": [
      -127.97032512673688,
      -70.061194802012
    ],
    "lat_range": [
      25.040660167320887,
      47.48591097861308
    ]
  },
  "summary": "NORMAL: Chl-a 2.70 mg/m\u00b3, 2 bloom pixels detected",
  "analysis_date": "2026-05-12 08:48:27"
}