{
  "total_pixels": 264,
  "good_quality_pixels": 192,
  "mean_chlorophyll": 2.4765383533704637,
  "median_chlorophyll": 1.722672477908997,
  "std_chlorophyll": 2.3199711612090868,
  "min_chlorophyll": 0.2391084449228738,
  "max_chlorophyll": 12.0,
  "mean_sst": 19.683920813861743,
  "sst_range": [
    12.005842502599014,
    27.756729556695646
  ],
  "bloom_count": 5,
  "bloom_percentage": 2.604166666666667,
  "bloom_locations": [
    {
      "region": "Gulf of Mexico",
      "bloom_pixels": 2
    },
    {
      "region": "Pacific Coast",
      "bloom_pixels": 3
    }
  ],
  "productivity_distribution": {
    "high": 139,
    "medium": 53
  },
  "regional_stats": {
    "Pacific Coast": {
      "mean_chlorophyll": 3.5336168680441573,
      "mean_sst": 15.07874834392646,
      "pixel_count": 70,
      "bloom_pixels": 3
    },
    "Gulf of Mexico": {
      "mean_chlorophyll": 2.3837357623908706,
      "mean_sst": 24.591163538863025,
      "pixel_count": 69,
      "bloom_pixels": 2
    },
    "Atlantic Coast": {
      "mean_chlorophyll": 1.2012153863975095,
      "mean_sst": 19.377549585001013,
      "pixel_count": 53,
      "bloom_pixels": 0
    }
  },
  "ocean_health_status": "NORMAL - Moderate productivity",
  "spatial_extent": {
    "lon_range": [
      -127.97708176782056,
      -70.05791787021276
    ],
    "lat_range": [
      25.03335875624181,
      47.49065322805031
    ]
  },
  "summary": "NORMAL: Chl-a 2.48 mg/m\u00b3, 5 bloom pixels detected",
  "analysis_date": "2026-04-25 14:05:15"
}