{
  "total_pixels": 264,
  "good_quality_pixels": 181,
  "mean_chlorophyll": 2.527953830031961,
  "median_chlorophyll": 2.0555958562962346,
  "std_chlorophyll": 2.1748970580060885,
  "min_chlorophyll": 0.2778195329047079,
  "max_chlorophyll": 15.0,
  "mean_sst": 19.870760547167034,
  "sst_range": [
    12.008111228687348,
    27.82471782518571
  ],
  "bloom_count": 3,
  "bloom_percentage": 1.6574585635359116,
  "bloom_locations": [
    {
      "region": "Gulf of Mexico",
      "bloom_pixels": 1
    },
    {
      "region": "Pacific Coast",
      "bloom_pixels": 2
    }
  ],
  "productivity_distribution": {
    "high": 123,
    "medium": 58
  },
  "regional_stats": {
    "Pacific Coast": {
      "mean_chlorophyll": 3.2910794371184697,
      "mean_sst": 14.801928159511974,
      "pixel_count": 59,
      "bloom_pixels": 2
    },
    "Gulf of Mexico": {
      "mean_chlorophyll": 3.0893445072032906,
      "mean_sst": 24.967896126404938,
      "pixel_count": 64,
      "bloom_pixels": 1
    },
    "Atlantic Coast": {
      "mean_chlorophyll": 1.132205310082494,
      "mean_sst": 19.40256112993295,
      "pixel_count": 58,
      "bloom_pixels": 0
    }
  },
  "ocean_health_status": "NORMAL - Moderate productivity",
  "spatial_extent": {
    "lon_range": [
      -127.94838816063695,
      -70.2824825615563
    ],
    "lat_range": [
      25.033732565523355,
      47.38148608817063
    ]
  },
  "summary": "NORMAL: Chl-a 2.53 mg/m\u00b3, 3 bloom pixels detected",
  "analysis_date": "2025-12-30 15:17:41"
}