{
  "total_pixels": 264,
  "good_quality_pixels": 201,
  "mean_chlorophyll": 2.473297034278,
  "median_chlorophyll": 2.0000712993997403,
  "std_chlorophyll": 1.9028752118665122,
  "min_chlorophyll": 0.20454567005471538,
  "max_chlorophyll": 10.072087340002826,
  "mean_sst": 20.254947210536166,
  "sst_range": [
    12.026251155128747,
    27.879513522794614
  ],
  "bloom_count": 1,
  "bloom_percentage": 0.4975124378109453,
  "bloom_locations": [
    {
      "region": "Pacific Coast",
      "bloom_pixels": 1
    }
  ],
  "productivity_distribution": {
    "high": 136,
    "medium": 65
  },
  "regional_stats": {
    "Pacific Coast": {
      "mean_chlorophyll": 3.4089467045233115,
      "mean_sst": 15.11934323402006,
      "pixel_count": 62,
      "bloom_pixels": 1
    },
    "Gulf of Mexico": {
      "mean_chlorophyll": 2.6239240787003606,
      "mean_sst": 24.86238532160332,
      "pixel_count": 74,
      "bloom_pixels": 0
    },
    "Atlantic Coast": {
      "mean_chlorophyll": 1.4093480982400912,
      "mean_sst": 19.90813223092123,
      "pixel_count": 65,
      "bloom_pixels": 0
    }
  },
  "ocean_health_status": "NORMAL - Moderate productivity",
  "spatial_extent": {
    "lon_range": [
      -127.9729344724028,
      -70.03936504155789
    ],
    "lat_range": [
      25.009202459500568,
      47.41928306253404
    ]
  },
  "summary": "NORMAL: Chl-a 2.47 mg/m\u00b3, 1 bloom pixels detected",
  "analysis_date": "2026-05-15 06:24:44"
}