{
  "total_pixels": 264,
  "good_quality_pixels": 180,
  "mean_chlorophyll": 2.5563760099091417,
  "median_chlorophyll": 2.007892848448839,
  "std_chlorophyll": 2.0627470242682575,
  "min_chlorophyll": 0.26893043450723025,
  "max_chlorophyll": 12.021500198294158,
  "mean_sst": 19.837820451319107,
  "sst_range": [
    12.024455897753889,
    27.92561489315495
  ],
  "bloom_count": 4,
  "bloom_percentage": 2.2222222222222223,
  "bloom_locations": [
    {
      "region": "Gulf of Mexico",
      "bloom_pixels": 3
    },
    {
      "region": "Pacific Coast",
      "bloom_pixels": 1
    }
  ],
  "productivity_distribution": {
    "high": 122,
    "medium": 58
  },
  "regional_stats": {
    "Pacific Coast": {
      "mean_chlorophyll": 3.028752534810147,
      "mean_sst": 14.827945615202877,
      "pixel_count": 60,
      "bloom_pixels": 1
    },
    "Gulf of Mexico": {
      "mean_chlorophyll": 3.1341374379489704,
      "mean_sst": 24.62823868121324,
      "pixel_count": 62,
      "bloom_pixels": 3
    },
    "Atlantic Coast": {
      "mean_chlorophyll": 1.4501035955551815,
      "mean_sst": 19.899657691207697,
      "pixel_count": 58,
      "bloom_pixels": 0
    }
  },
  "ocean_health_status": "NORMAL - Moderate productivity",
  "spatial_extent": {
    "lon_range": [
      -127.99846184496491,
      -70.11248305244604
    ],
    "lat_range": [
      25.141144963714,
      47.43308111632065
    ]
  },
  "summary": "NORMAL: Chl-a 2.56 mg/m\u00b3, 4 bloom pixels detected",
  "analysis_date": "2025-12-15 09:27:22"
}