{
  "total_pixels": 264,
  "good_quality_pixels": 180,
  "mean_chlorophyll": 2.620313268798942,
  "median_chlorophyll": 2.068958286119422,
  "std_chlorophyll": 2.063810424327088,
  "min_chlorophyll": 0.2,
  "max_chlorophyll": 15.0,
  "mean_sst": 20.11887102987642,
  "sst_range": [
    12.006079712507498,
    27.748840616626584
  ],
  "bloom_count": 2,
  "bloom_percentage": 1.1111111111111112,
  "bloom_locations": [
    {
      "region": "Gulf of Mexico",
      "bloom_pixels": 2
    }
  ],
  "productivity_distribution": {
    "high": 128,
    "medium": 52
  },
  "regional_stats": {
    "Pacific Coast": {
      "mean_chlorophyll": 3.308786055193221,
      "mean_sst": 14.986916056920832,
      "pixel_count": 64,
      "bloom_pixels": 0
    },
    "Gulf of Mexico": {
      "mean_chlorophyll": 2.8644518812277626,
      "mean_sst": 25.241990181214803,
      "pixel_count": 64,
      "bloom_pixels": 2
    },
    "Atlantic Coast": {
      "mean_chlorophyll": 1.4724838548628196,
      "mean_sst": 20.12974588725145,
      "pixel_count": 52,
      "bloom_pixels": 0
    }
  },
  "ocean_health_status": "NORMAL - Moderate productivity",
  "spatial_extent": {
    "lon_range": [
      -127.99942812591327,
      -70.12796316904992
    ],
    "lat_range": [
      25.173163752744635,
      47.35582836725393
    ]
  },
  "summary": "NORMAL: Chl-a 2.62 mg/m\u00b3, 2 bloom pixels detected",
  "analysis_date": "2025-11-03 15:16:41"
}