{
  "total_pixels": 264,
  "good_quality_pixels": 184,
  "mean_chlorophyll": 2.776878035933617,
  "median_chlorophyll": 1.8620895621701963,
  "std_chlorophyll": 2.4177052124691256,
  "min_chlorophyll": 0.24397102850255467,
  "max_chlorophyll": 12.0,
  "mean_sst": 20.272448478659367,
  "sst_range": [
    12.012225657324063,
    27.96057759980428
  ],
  "bloom_count": 4,
  "bloom_percentage": 2.1739130434782608,
  "bloom_locations": [
    {
      "region": "Gulf of Mexico",
      "bloom_pixels": 1
    },
    {
      "region": "Pacific Coast",
      "bloom_pixels": 3
    }
  ],
  "productivity_distribution": {
    "high": 130,
    "medium": 54
  },
  "regional_stats": {
    "Pacific Coast": {
      "mean_chlorophyll": 4.030333693246852,
      "mean_sst": 15.14002357315481,
      "pixel_count": 60,
      "bloom_pixels": 3
    },
    "Gulf of Mexico": {
      "mean_chlorophyll": 2.883906074383581,
      "mean_sst": 25.038890101161524,
      "pixel_count": 70,
      "bloom_pixels": 1
    },
    "Atlantic Coast": {
      "mean_chlorophyll": 1.2454094779652547,
      "mean_sst": 19.796422196346814,
      "pixel_count": 54,
      "bloom_pixels": 0
    }
  },
  "ocean_health_status": "NORMAL - Moderate productivity",
  "spatial_extent": {
    "lon_range": [
      -127.99304483168044,
      -70.00656781984837
    ],
    "lat_range": [
      25.0545187486532,
      47.45914221425303
    ]
  },
  "summary": "NORMAL: Chl-a 2.78 mg/m\u00b3, 4 bloom pixels detected",
  "analysis_date": "2026-03-04 15:35:32"
}