{
  "total_pixels": 264,
  "good_quality_pixels": 183,
  "mean_chlorophyll": 2.7900764467109886,
  "median_chlorophyll": 1.9913202388939557,
  "std_chlorophyll": 2.6351315449764723,
  "min_chlorophyll": 0.22321623736923293,
  "max_chlorophyll": 12.889051126020885,
  "mean_sst": 20.38147295319101,
  "sst_range": [
    12.108254022641889,
    27.942710069789612
  ],
  "bloom_count": 6,
  "bloom_percentage": 3.278688524590164,
  "bloom_locations": [
    {
      "region": "Gulf of Mexico",
      "bloom_pixels": 4
    },
    {
      "region": "Pacific Coast",
      "bloom_pixels": 2
    }
  ],
  "productivity_distribution": {
    "high": 125,
    "medium": 58
  },
  "regional_stats": {
    "Pacific Coast": {
      "mean_chlorophyll": 3.7364143575596334,
      "mean_sst": 14.553444760611946,
      "pixel_count": 57,
      "bloom_pixels": 2
    },
    "Gulf of Mexico": {
      "mean_chlorophyll": 3.3769072827262496,
      "mean_sst": 25.28658867728685,
      "pixel_count": 68,
      "bloom_pixels": 4
    },
    "Atlantic Coast": {
      "mean_chlorophyll": 1.1720461403763265,
      "mean_sst": 20.35819256937188,
      "pixel_count": 58,
      "bloom_pixels": 0
    }
  },
  "ocean_health_status": "NORMAL - Moderate productivity",
  "spatial_extent": {
    "lon_range": [
      -127.88790976810806,
      -70.04209755353739
    ],
    "lat_range": [
      25.244766210464732,
      47.46920165195791
    ]
  },
  "summary": "NORMAL: Chl-a 2.79 mg/m\u00b3, 6 bloom pixels detected",
  "analysis_date": "2026-06-20 00:01:05"
}