{
  "total_pixels": 264,
  "good_quality_pixels": 189,
  "mean_chlorophyll": 2.40475027121576,
  "median_chlorophyll": 1.8787067030913311,
  "std_chlorophyll": 2.033326546194307,
  "min_chlorophyll": 0.2,
  "max_chlorophyll": 15.0,
  "mean_sst": 20.22211141281426,
  "sst_range": [
    12.014336051679372,
    27.977043022071655
  ],
  "bloom_count": 2,
  "bloom_percentage": 1.0582010582010581,
  "bloom_locations": [
    {
      "region": "Gulf of Mexico",
      "bloom_pixels": 1
    },
    {
      "region": "Pacific Coast",
      "bloom_pixels": 1
    }
  ],
  "productivity_distribution": {
    "high": 132,
    "medium": 57
  },
  "regional_stats": {
    "Pacific Coast": {
      "mean_chlorophyll": 3.3677388481585484,
      "mean_sst": 14.836783803015166,
      "pixel_count": 61,
      "bloom_pixels": 1
    },
    "Gulf of Mexico": {
      "mean_chlorophyll": 2.609190378820946,
      "mean_sst": 25.159036003516523,
      "pixel_count": 71,
      "bloom_pixels": 1
    },
    "Atlantic Coast": {
      "mean_chlorophyll": 1.1195300811547362,
      "mean_sst": 19.83585418926837,
      "pixel_count": 57,
      "bloom_pixels": 0
    }
  },
  "ocean_health_status": "NORMAL - Moderate productivity",
  "spatial_extent": {
    "lon_range": [
      -127.96937702061373,
      -70.01928461521533
    ],
    "lat_range": [
      25.01117724319537,
      47.30263876806632
    ]
  },
  "summary": "NORMAL: Chl-a 2.40 mg/m\u00b3, 2 bloom pixels detected",
  "analysis_date": "2026-04-27 23:43:43"
}