{
  "total_pixels": 264,
  "good_quality_pixels": 178,
  "mean_chlorophyll": 2.6877030667776256,
  "median_chlorophyll": 1.8713736806000938,
  "std_chlorophyll": 2.3245462186828485,
  "min_chlorophyll": 0.2,
  "max_chlorophyll": 13.871698695733192,
  "mean_sst": 20.138142430148786,
  "sst_range": [
    12.131494807318871,
    27.78076243546567
  ],
  "bloom_count": 4,
  "bloom_percentage": 2.247191011235955,
  "bloom_locations": [
    {
      "region": "Gulf of Mexico",
      "bloom_pixels": 2
    },
    {
      "region": "Pacific Coast",
      "bloom_pixels": 2
    }
  ],
  "productivity_distribution": {
    "high": 128,
    "medium": 50
  },
  "regional_stats": {
    "Pacific Coast": {
      "mean_chlorophyll": 3.81318956050459,
      "mean_sst": 15.200821275852297,
      "pixel_count": 63,
      "bloom_pixels": 2
    },
    "Gulf of Mexico": {
      "mean_chlorophyll": 2.563156148094572,
      "mean_sst": 24.80902292647051,
      "pixel_count": 65,
      "bloom_pixels": 2
    },
    "Atlantic Coast": {
      "mean_chlorophyll": 1.4315010789696205,
      "mean_sst": 20.287022439344124,
      "pixel_count": 50,
      "bloom_pixels": 0
    }
  },
  "ocean_health_status": "NORMAL - Moderate productivity",
  "spatial_extent": {
    "lon_range": [
      -127.97020860911687,
      -70.10313604012491
    ],
    "lat_range": [
      25.006920968945135,
      47.323941303314854
    ]
  },
  "summary": "NORMAL: Chl-a 2.69 mg/m\u00b3, 4 bloom pixels detected",
  "analysis_date": "2026-07-21 03:19:38"
}