{
  "total_pixels": 264,
  "good_quality_pixels": 180,
  "mean_chlorophyll": 2.408227459653214,
  "median_chlorophyll": 1.6722515238359836,
  "std_chlorophyll": 1.9532276492215108,
  "min_chlorophyll": 0.22272761077828698,
  "max_chlorophyll": 9.94374385786508,
  "mean_sst": 19.894691290955887,
  "sst_range": [
    12.139983799548391,
    27.818792432746758
  ],
  "bloom_count": 0,
  "bloom_percentage": 0.0,
  "bloom_locations": [],
  "productivity_distribution": {
    "high": 131,
    "medium": 49
  },
  "regional_stats": {
    "Pacific Coast": {
      "mean_chlorophyll": 3.525530519517158,
      "mean_sst": 15.030110271587517,
      "pixel_count": 66,
      "bloom_pixels": 0
    },
    "Gulf of Mexico": {
      "mean_chlorophyll": 2.2244864495651258,
      "mean_sst": 24.793493377640175,
      "pixel_count": 65,
      "bloom_pixels": 0
    },
    "Atlantic Coast": {
      "mean_chlorophyll": 1.1470267189329169,
      "mean_sst": 19.9485731612382,
      "pixel_count": 49,
      "bloom_pixels": 0
    }
  },
  "ocean_health_status": "NORMAL - Moderate productivity",
  "spatial_extent": {
    "lon_range": [
      -127.90534208713925,
      -70.02205248194704
    ],
    "lat_range": [
      25.04478895199895,
      47.39867762659849
    ]
  },
  "summary": "NORMAL: Chl-a 2.41 mg/m\u00b3",
  "analysis_date": "2025-12-31 15:16:44"
}