{
  "total_pixels": 264,
  "good_quality_pixels": 180,
  "mean_chlorophyll": 2.2600772370689755,
  "median_chlorophyll": 1.7055175169551084,
  "std_chlorophyll": 1.9249814118945576,
  "min_chlorophyll": 0.2,
  "max_chlorophyll": 11.12301679926633,
  "mean_sst": 20.103745546848636,
  "sst_range": [
    12.008918689613305,
    27.96429963420907
  ],
  "bloom_count": 2,
  "bloom_percentage": 1.1111111111111112,
  "bloom_locations": [
    {
      "region": "Gulf of Mexico",
      "bloom_pixels": 1
    },
    {
      "region": "Pacific Coast",
      "bloom_pixels": 1
    }
  ],
  "productivity_distribution": {
    "high": 122,
    "medium": 58
  },
  "regional_stats": {
    "Pacific Coast": {
      "mean_chlorophyll": 3.361702789986674,
      "mean_sst": 15.064211026445724,
      "pixel_count": 59,
      "bloom_pixels": 1
    },
    "Gulf of Mexico": {
      "mean_chlorophyll": 2.2773669231830906,
      "mean_sst": 25.083038102989427,
      "pixel_count": 63,
      "bloom_pixels": 1
    },
    "Atlantic Coast": {
      "mean_chlorophyll": 1.1206779638390882,
      "mean_sst": 19.82162667903659,
      "pixel_count": 58,
      "bloom_pixels": 0
    }
  },
  "ocean_health_status": "NORMAL - Moderate productivity",
  "spatial_extent": {
    "lon_range": [
      -127.96855559856026,
      -70.01179779593406
    ],
    "lat_range": [
      25.008535804565604,
      47.46124276229803
    ]
  },
  "summary": "NORMAL: Chl-a 2.26 mg/m\u00b3, 2 bloom pixels detected",
  "analysis_date": "2025-11-15 15:13:46"
}