{
  "total_pixels": 264,
  "good_quality_pixels": 178,
  "mean_chlorophyll": 2.6044609678719364,
  "median_chlorophyll": 2.1134653776489944,
  "std_chlorophyll": 2.056345687414656,
  "min_chlorophyll": 0.2,
  "max_chlorophyll": 10.670869855756361,
  "mean_sst": 20.102710075498983,
  "sst_range": [
    12.016801742335618,
    27.76492186244584
  ],
  "bloom_count": 2,
  "bloom_percentage": 1.1235955056179776,
  "bloom_locations": [
    {
      "region": "Gulf of Mexico",
      "bloom_pixels": 1
    },
    {
      "region": "Pacific Coast",
      "bloom_pixels": 1
    }
  ],
  "productivity_distribution": {
    "high": 132,
    "medium": 46
  },
  "regional_stats": {
    "Pacific Coast": {
      "mean_chlorophyll": 3.349825087080875,
      "mean_sst": 14.9837803961622,
      "pixel_count": 64,
      "bloom_pixels": 1
    },
    "Gulf of Mexico": {
      "mean_chlorophyll": 2.809826412350104,
      "mean_sst": 25.082442193805345,
      "pixel_count": 68,
      "bloom_pixels": 1
    },
    "Atlantic Coast": {
      "mean_chlorophyll": 1.2638489275700353,
      "mean_sst": 19.863356063166854,
      "pixel_count": 46,
      "bloom_pixels": 0
    }
  },
  "ocean_health_status": "NORMAL - Moderate productivity",
  "spatial_extent": {
    "lon_range": [
      -127.89427055705639,
      -70.301931976
    ],
    "lat_range": [
      25.029677539969654,
      47.48980912236556
    ]
  },
  "summary": "NORMAL: Chl-a 2.60 mg/m\u00b3, 2 bloom pixels detected",
  "analysis_date": "2025-11-18 03:42:43"
}