{
  "total_pixels": 264,
  "good_quality_pixels": 192,
  "mean_chlorophyll": 2.654224736340051,
  "median_chlorophyll": 1.8117987816322,
  "std_chlorophyll": 2.322683799148285,
  "min_chlorophyll": 0.2335186755015541,
  "max_chlorophyll": 15.0,
  "mean_sst": 20.306782198867428,
  "sst_range": [
    12.040909069410255,
    27.84406352523634
  ],
  "bloom_count": 2,
  "bloom_percentage": 1.0416666666666665,
  "bloom_locations": [
    {
      "region": "Gulf of Mexico",
      "bloom_pixels": 2
    }
  ],
  "productivity_distribution": {
    "high": 137,
    "medium": 55
  },
  "regional_stats": {
    "Pacific Coast": {
      "mean_chlorophyll": 3.725712071022877,
      "mean_sst": 14.916321298811724,
      "pixel_count": 64,
      "bloom_pixels": 0
    },
    "Gulf of Mexico": {
      "mean_chlorophyll": 2.861289962976749,
      "mean_sst": 25.052967370560044,
      "pixel_count": 73,
      "bloom_pixels": 2
    },
    "Atlantic Coast": {
      "mean_chlorophyll": 1.1325710824458712,
      "mean_sst": 20.27983638195841,
      "pixel_count": 55,
      "bloom_pixels": 0
    }
  },
  "ocean_health_status": "NORMAL - Moderate productivity",
  "spatial_extent": {
    "lon_range": [
      -127.92792475031708,
      -70.0606137848452
    ],
    "lat_range": [
      25.060921272312125,
      47.35973938741687
    ]
  },
  "summary": "NORMAL: Chl-a 2.65 mg/m\u00b3, 2 bloom pixels detected",
  "analysis_date": "2026-04-06 23:27:30"
}