{
  "total_pixels": 264,
  "good_quality_pixels": 190,
  "mean_chlorophyll": 2.5287878019563084,
  "median_chlorophyll": 1.8253345084739432,
  "std_chlorophyll": 2.1703140797512157,
  "min_chlorophyll": 0.2,
  "max_chlorophyll": 12.0,
  "mean_sst": 20.337632175276376,
  "sst_range": [
    12.062891896509601,
    27.898491441394807
  ],
  "bloom_count": 2,
  "bloom_percentage": 1.0526315789473684,
  "bloom_locations": [
    {
      "region": "Pacific Coast",
      "bloom_pixels": 2
    }
  ],
  "productivity_distribution": {
    "high": 133,
    "medium": 57
  },
  "regional_stats": {
    "Pacific Coast": {
      "mean_chlorophyll": 3.74964751292047,
      "mean_sst": 15.264000707009895,
      "pixel_count": 61,
      "bloom_pixels": 2
    },
    "Gulf of Mexico": {
      "mean_chlorophyll": 2.65556592013524,
      "mean_sst": 24.882707083203513,
      "pixel_count": 72,
      "bloom_pixels": 0
    },
    "Atlantic Coast": {
      "mean_chlorophyll": 1.0621129444528532,
      "mean_sst": 20.02616070498695,
      "pixel_count": 57,
      "bloom_pixels": 0
    }
  },
  "ocean_health_status": "NORMAL - Moderate productivity",
  "spatial_extent": {
    "lon_range": [
      -127.98783481046507,
      -70.08095530591976
    ],
    "lat_range": [
      25.052475021044156,
      47.26140628925431
    ]
  },
  "summary": "NORMAL: Chl-a 2.53 mg/m\u00b3, 2 bloom pixels detected",
  "analysis_date": "2026-03-27 15:48:11"
}