{
  "total_pixels": 264,
  "good_quality_pixels": 180,
  "mean_chlorophyll": 2.632879264950284,
  "median_chlorophyll": 2.203808361553597,
  "std_chlorophyll": 2.231003193077326,
  "min_chlorophyll": 0.2,
  "max_chlorophyll": 12.799661709802843,
  "mean_sst": 20.167887157151107,
  "sst_range": [
    12.175014833822619,
    27.850214913891428
  ],
  "bloom_count": 3,
  "bloom_percentage": 1.6666666666666667,
  "bloom_locations": [
    {
      "region": "Gulf of Mexico",
      "bloom_pixels": 2
    },
    {
      "region": "Pacific Coast",
      "bloom_pixels": 1
    }
  ],
  "productivity_distribution": {
    "high": 124,
    "medium": 56
  },
  "regional_stats": {
    "Pacific Coast": {
      "mean_chlorophyll": 3.466946890773649,
      "mean_sst": 15.031276302550884,
      "pixel_count": 57,
      "bloom_pixels": 1
    },
    "Gulf of Mexico": {
      "mean_chlorophyll": 3.193757525195807,
      "mean_sst": 24.78694274622722,
      "pixel_count": 67,
      "bloom_pixels": 2
    },
    "Atlantic Coast": {
      "mean_chlorophyll": 1.1128667987291785,
      "mean_sst": 19.869853125795995,
      "pixel_count": 56,
      "bloom_pixels": 0
    }
  },
  "ocean_health_status": "NORMAL - Moderate productivity",
  "spatial_extent": {
    "lon_range": [
      -127.85213754253257,
      -70.07981444979079
    ],
    "lat_range": [
      25.024938224661646,
      47.48752059245664
    ]
  },
  "summary": "NORMAL: Chl-a 2.63 mg/m\u00b3, 3 bloom pixels detected",
  "analysis_date": "2026-05-18 10:58:31"
}