{
  "total_pixels": 264,
  "good_quality_pixels": 192,
  "mean_chlorophyll": 2.7556592212240836,
  "median_chlorophyll": 1.9428467584830327,
  "std_chlorophyll": 2.6503848635909804,
  "min_chlorophyll": 0.2,
  "max_chlorophyll": 15.0,
  "mean_sst": 20.21695980103682,
  "sst_range": [
    12.096903783718702,
    27.92123397042306
  ],
  "bloom_count": 6,
  "bloom_percentage": 3.125,
  "bloom_locations": [
    {
      "region": "Gulf of Mexico",
      "bloom_pixels": 4
    },
    {
      "region": "Pacific Coast",
      "bloom_pixels": 2
    }
  ],
  "productivity_distribution": {
    "high": 131,
    "medium": 61
  },
  "regional_stats": {
    "Pacific Coast": {
      "mean_chlorophyll": 3.7409265051518696,
      "mean_sst": 15.142509062303446,
      "pixel_count": 64,
      "bloom_pixels": 2
    },
    "Gulf of Mexico": {
      "mean_chlorophyll": 3.194429381979213,
      "mean_sst": 24.937934900256753,
      "pixel_count": 67,
      "bloom_pixels": 4
    },
    "Atlantic Coast": {
      "mean_chlorophyll": 1.2400082877491327,
      "mean_sst": 20.355640385154846,
      "pixel_count": 61,
      "bloom_pixels": 0
    }
  },
  "ocean_health_status": "NORMAL - Moderate productivity",
  "spatial_extent": {
    "lon_range": [
      -127.9429553017588,
      -70.02754422505308
    ],
    "lat_range": [
      25.065226205380302,
      47.30577747528387
    ]
  },
  "summary": "NORMAL: Chl-a 2.76 mg/m\u00b3, 6 bloom pixels detected",
  "analysis_date": "2026-06-23 15:54:59"
}