{
  "total_pixels": 264,
  "good_quality_pixels": 191,
  "mean_chlorophyll": 2.6361462507291678,
  "median_chlorophyll": 1.8666557160152748,
  "std_chlorophyll": 2.5765221696026632,
  "min_chlorophyll": 0.2,
  "max_chlorophyll": 15.0,
  "mean_sst": 19.947225662007828,
  "sst_range": [
    12.065106524357416,
    27.839017392948183
  ],
  "bloom_count": 7,
  "bloom_percentage": 3.664921465968586,
  "bloom_locations": [
    {
      "region": "Gulf of Mexico",
      "bloom_pixels": 5
    },
    {
      "region": "Pacific Coast",
      "bloom_pixels": 2
    }
  ],
  "productivity_distribution": {
    "high": 133,
    "medium": 58
  },
  "regional_stats": {
    "Pacific Coast": {
      "mean_chlorophyll": 3.6333434260115123,
      "mean_sst": 14.678665832461988,
      "pixel_count": 64,
      "bloom_pixels": 2
    },
    "Gulf of Mexico": {
      "mean_chlorophyll": 2.9762790959654772,
      "mean_sst": 24.922099333702054,
      "pixel_count": 69,
      "bloom_pixels": 5
    },
    "Atlantic Coast": {
      "mean_chlorophyll": 1.1311499483261422,
      "mean_sst": 19.842424726560086,
      "pixel_count": 58,
      "bloom_pixels": 0
    }
  },
  "ocean_health_status": "NORMAL - Moderate productivity",
  "spatial_extent": {
    "lon_range": [
      -127.90939926764344,
      -70.65223124643072
    ],
    "lat_range": [
      25.00957025736762,
      47.46316095462875
    ]
  },
  "summary": "NORMAL: Chl-a 2.64 mg/m\u00b3, 7 bloom pixels detected",
  "analysis_date": "2026-05-03 23:35:41"
}