{
  "total_pixels": 264,
  "good_quality_pixels": 188,
  "mean_chlorophyll": 2.4205149607329934,
  "median_chlorophyll": 1.848555041703035,
  "std_chlorophyll": 2.044619964939979,
  "min_chlorophyll": 0.21114677059612072,
  "max_chlorophyll": 11.89770080801944,
  "mean_sst": 19.908684308581318,
  "sst_range": [
    12.063143817537355,
    27.90289792002602
  ],
  "bloom_count": 2,
  "bloom_percentage": 1.0638297872340425,
  "bloom_locations": [
    {
      "region": "Gulf of Mexico",
      "bloom_pixels": 2
    }
  ],
  "productivity_distribution": {
    "high": 129,
    "medium": 59
  },
  "regional_stats": {
    "Pacific Coast": {
      "mean_chlorophyll": 3.0942140594073697,
      "mean_sst": 15.026335440325692,
      "pixel_count": 62,
      "bloom_pixels": 0
    },
    "Gulf of Mexico": {
      "mean_chlorophyll": 2.868508010570275,
      "mean_sst": 24.68238397640456,
      "pixel_count": 67,
      "bloom_pixels": 2
    },
    "Atlantic Coast": {
      "mean_chlorophyll": 1.2038221055311422,
      "mean_sst": 19.618307225321864,
      "pixel_count": 59,
      "bloom_pixels": 0
    }
  },
  "ocean_health_status": "NORMAL - Moderate productivity",
  "spatial_extent": {
    "lon_range": [
      -127.83741321797223,
      -70.0135982401853
    ],
    "lat_range": [
      25.01437952799737,
      47.28296896152631
    ]
  },
  "summary": "NORMAL: Chl-a 2.42 mg/m\u00b3, 2 bloom pixels detected",
  "analysis_date": "2026-04-16 15:01:15"
}