{
  "total_pixels": 264,
  "good_quality_pixels": 177,
  "mean_chlorophyll": 2.7493273310115516,
  "median_chlorophyll": 1.9904471978617773,
  "std_chlorophyll": 2.5571500047461155,
  "min_chlorophyll": 0.2,
  "max_chlorophyll": 15.0,
  "mean_sst": 19.979805829084302,
  "sst_range": [
    12.105431860638353,
    27.969840172975776
  ],
  "bloom_count": 4,
  "bloom_percentage": 2.2598870056497176,
  "bloom_locations": [
    {
      "region": "Gulf of Mexico",
      "bloom_pixels": 2
    },
    {
      "region": "Pacific Coast",
      "bloom_pixels": 2
    }
  ],
  "productivity_distribution": {
    "high": 124,
    "medium": 53
  },
  "regional_stats": {
    "Pacific Coast": {
      "mean_chlorophyll": 3.7373381379401946,
      "mean_sst": 14.914372141849592,
      "pixel_count": 56,
      "bloom_pixels": 2
    },
    "Gulf of Mexico": {
      "mean_chlorophyll": 3.1507085420204355,
      "mean_sst": 24.835470053174454,
      "pixel_count": 68,
      "bloom_pixels": 2
    },
    "Atlantic Coast": {
      "mean_chlorophyll": 1.190411717113285,
      "mean_sst": 19.10205336204681,
      "pixel_count": 53,
      "bloom_pixels": 0
    }
  },
  "ocean_health_status": "NORMAL - Moderate productivity",
  "spatial_extent": {
    "lon_range": [
      -127.95845282796137,
      -70.33277194691723
    ],
    "lat_range": [
      25.004865070399315,
      47.30397881713511
    ]
  },
  "summary": "NORMAL: Chl-a 2.75 mg/m\u00b3, 4 bloom pixels detected",
  "analysis_date": "2026-01-25 04:11:54"
}