{
  "total_pixels": 264,
  "good_quality_pixels": 180,
  "mean_chlorophyll": 2.506955782966866,
  "median_chlorophyll": 1.765813673196965,
  "std_chlorophyll": 2.268560449942466,
  "min_chlorophyll": 0.2455346085125927,
  "max_chlorophyll": 12.0,
  "mean_sst": 20.17679601306207,
  "sst_range": [
    12.125051800751855,
    27.821455197562337
  ],
  "bloom_count": 2,
  "bloom_percentage": 1.1111111111111112,
  "bloom_locations": [
    {
      "region": "Pacific Coast",
      "bloom_pixels": 2
    }
  ],
  "productivity_distribution": {
    "high": 126,
    "medium": 54
  },
  "regional_stats": {
    "Pacific Coast": {
      "mean_chlorophyll": 4.132583340833675,
      "mean_sst": 14.864958314207922,
      "pixel_count": 60,
      "bloom_pixels": 2
    },
    "Gulf of Mexico": {
      "mean_chlorophyll": 2.0647484414964543,
      "mean_sst": 24.827797566037017,
      "pixel_count": 66,
      "bloom_pixels": 0
    },
    "Atlantic Coast": {
      "mean_chlorophyll": 1.2411785804675817,
      "mean_sst": 20.39428044704173,
      "pixel_count": 54,
      "bloom_pixels": 0
    }
  },
  "ocean_health_status": "NORMAL - Moderate productivity",
  "spatial_extent": {
    "lon_range": [
      -127.94910608187234,
      -70.0694295702706
    ],
    "lat_range": [
      25.012300360555823,
      47.07679708322498
    ]
  },
  "summary": "NORMAL: Chl-a 2.51 mg/m\u00b3, 2 bloom pixels detected",
  "analysis_date": "2026-01-21 04:04:04"
}