{
  "total_pixels": 264,
  "good_quality_pixels": 185,
  "mean_chlorophyll": 2.5775314184307603,
  "median_chlorophyll": 1.9839127939941876,
  "std_chlorophyll": 2.095165604407993,
  "min_chlorophyll": 0.20680275670494103,
  "max_chlorophyll": 11.52379024499425,
  "mean_sst": 19.69710347187192,
  "sst_range": [
    12.00117926250795,
    27.91206460597528
  ],
  "bloom_count": 2,
  "bloom_percentage": 1.0810810810810811,
  "bloom_locations": [
    {
      "region": "Gulf of Mexico",
      "bloom_pixels": 1
    },
    {
      "region": "Pacific Coast",
      "bloom_pixels": 1
    }
  ],
  "productivity_distribution": {
    "high": 126,
    "medium": 59
  },
  "regional_stats": {
    "Pacific Coast": {
      "mean_chlorophyll": 3.5021102522863994,
      "mean_sst": 15.323933857976272,
      "pixel_count": 69,
      "bloom_pixels": 1
    },
    "Gulf of Mexico": {
      "mean_chlorophyll": 2.847542630099285,
      "mean_sst": 24.86311717626999,
      "pixel_count": 57,
      "bloom_pixels": 1
    },
    "Atlantic Coast": {
      "mean_chlorophyll": 1.2353860184113523,
      "mean_sst": 19.820593678789034,
      "pixel_count": 59,
      "bloom_pixels": 0
    }
  },
  "ocean_health_status": "NORMAL - Moderate productivity",
  "spatial_extent": {
    "lon_range": [
      -127.8612341667904,
      -70.04110138876234
    ],
    "lat_range": [
      25.236779633113677,
      47.365041474354065
    ]
  },
  "summary": "NORMAL: Chl-a 2.58 mg/m\u00b3, 2 bloom pixels detected",
  "analysis_date": "2026-05-01 23:43:01"
}