{
  "total_pixels": 264,
  "good_quality_pixels": 180,
  "mean_chlorophyll": 2.587579456445066,
  "median_chlorophyll": 1.82786003055819,
  "std_chlorophyll": 2.248409618940118,
  "min_chlorophyll": 0.2,
  "max_chlorophyll": 12.911360771574937,
  "mean_sst": 20.25971082708184,
  "sst_range": [
    12.083188792391548,
    27.874880243386336
  ],
  "bloom_count": 2,
  "bloom_percentage": 1.1111111111111112,
  "bloom_locations": [
    {
      "region": "Gulf of Mexico",
      "bloom_pixels": 1
    },
    {
      "region": "Pacific Coast",
      "bloom_pixels": 1
    }
  ],
  "productivity_distribution": {
    "high": 124,
    "medium": 56
  },
  "regional_stats": {
    "Pacific Coast": {
      "mean_chlorophyll": 3.6960164274275265,
      "mean_sst": 15.00095971565895,
      "pixel_count": 59,
      "bloom_pixels": 1
    },
    "Gulf of Mexico": {
      "mean_chlorophyll": 2.5657792321473902,
      "mean_sst": 25.035092715700326,
      "pixel_count": 65,
      "bloom_pixels": 1
    },
    "Atlantic Coast": {
      "mean_chlorophyll": 1.4450657652197756,
      "mean_sst": 20.257326770184495,
      "pixel_count": 56,
      "bloom_pixels": 0
    }
  },
  "ocean_health_status": "NORMAL - Moderate productivity",
  "spatial_extent": {
    "lon_range": [
      -127.93733098708873,
      -70.15155881633208
    ],
    "lat_range": [
      25.0038611277768,
      47.30087524306203
    ]
  },
  "summary": "NORMAL: Chl-a 2.59 mg/m\u00b3, 2 bloom pixels detected",
  "analysis_date": "2026-07-04 03:39:58"
}