{
  "total_pixels": 264,
  "good_quality_pixels": 187,
  "mean_chlorophyll": 2.5327273442689617,
  "median_chlorophyll": 1.8652632840450274,
  "std_chlorophyll": 2.29553956863131,
  "min_chlorophyll": 0.2,
  "max_chlorophyll": 14.831310296271576,
  "mean_sst": 20.417890357710924,
  "sst_range": [
    12.105888966131722,
    27.956608626191333
  ],
  "bloom_count": 3,
  "bloom_percentage": 1.6042780748663104,
  "bloom_locations": [
    {
      "region": "Gulf of Mexico",
      "bloom_pixels": 2
    },
    {
      "region": "Pacific Coast",
      "bloom_pixels": 1
    }
  ],
  "productivity_distribution": {
    "high": 129,
    "medium": 58
  },
  "regional_stats": {
    "Pacific Coast": {
      "mean_chlorophyll": 3.6467891936794605,
      "mean_sst": 15.278909168480181,
      "pixel_count": 60,
      "bloom_pixels": 1
    },
    "Gulf of Mexico": {
      "mean_chlorophyll": 2.681002055445704,
      "mean_sst": 25.076517513966177,
      "pixel_count": 69,
      "bloom_pixels": 2
    },
    "Atlantic Coast": {
      "mean_chlorophyll": 1.2038537919271493,
      "mean_sst": 20.191917902059753,
      "pixel_count": 58,
      "bloom_pixels": 0
    }
  },
  "ocean_health_status": "NORMAL - Moderate productivity",
  "spatial_extent": {
    "lon_range": [
      -127.8603167700402,
      -70.30206038074766
    ],
    "lat_range": [
      25.026583367859306,
      46.99254620595215
    ]
  },
  "summary": "NORMAL: Chl-a 2.53 mg/m\u00b3, 3 bloom pixels detected",
  "analysis_date": "2026-01-19 09:30:20"
}