{
  "total_pixels": 264,
  "good_quality_pixels": 175,
  "mean_chlorophyll": 2.499061957845219,
  "median_chlorophyll": 2.070456099178234,
  "std_chlorophyll": 2.0851364852014562,
  "min_chlorophyll": 0.3,
  "max_chlorophyll": 15.0,
  "mean_sst": 20.485259143058283,
  "sst_range": [
    12.225886871866972,
    27.916897695452732
  ],
  "bloom_count": 1,
  "bloom_percentage": 0.5714285714285714,
  "bloom_locations": [
    {
      "region": "Gulf of Mexico",
      "bloom_pixels": 1
    }
  ],
  "productivity_distribution": {
    "high": 124,
    "medium": 51
  },
  "regional_stats": {
    "Pacific Coast": {
      "mean_chlorophyll": 3.3948629227339278,
      "mean_sst": 15.170922227974708,
      "pixel_count": 55,
      "bloom_pixels": 0
    },
    "Gulf of Mexico": {
      "mean_chlorophyll": 2.695964398453536,
      "mean_sst": 25.097192247453673,
      "pixel_count": 69,
      "bloom_pixels": 1
    },
    "Atlantic Coast": {
      "mean_chlorophyll": 1.266604674103006,
      "mean_sst": 19.976732596515422,
      "pixel_count": 51,
      "bloom_pixels": 0
    }
  },
  "ocean_health_status": "NORMAL - Moderate productivity",
  "spatial_extent": {
    "lon_range": [
      -127.98953369064708,
      -70.03807936863542
    ],
    "lat_range": [
      25.041743247290242,
      47.451360910451385
    ]
  },
  "summary": "NORMAL: Chl-a 2.50 mg/m\u00b3, 1 bloom pixels detected",
  "analysis_date": "2026-01-19 04:09:25"
}