{
  "total_pixels": 264,
  "good_quality_pixels": 188,
  "mean_chlorophyll": 2.5492637423224935,
  "median_chlorophyll": 1.9766830562456028,
  "std_chlorophyll": 2.0630519875333793,
  "min_chlorophyll": 0.2117286283412178,
  "max_chlorophyll": 13.091036058200897,
  "mean_sst": 20.31085804154732,
  "sst_range": [
    12.349744730318573,
    27.996791438764653
  ],
  "bloom_count": 2,
  "bloom_percentage": 1.0638297872340425,
  "bloom_locations": [
    {
      "region": "Gulf of Mexico",
      "bloom_pixels": 2
    }
  ],
  "productivity_distribution": {
    "high": 129,
    "medium": 59
  },
  "regional_stats": {
    "Pacific Coast": {
      "mean_chlorophyll": 3.2516152155294273,
      "mean_sst": 15.176287102075998,
      "pixel_count": 57,
      "bloom_pixels": 0
    },
    "Gulf of Mexico": {
      "mean_chlorophyll": 3.0469566183343453,
      "mean_sst": 24.910025820580543,
      "pixel_count": 72,
      "bloom_pixels": 2
    },
    "Atlantic Coast": {
      "mean_chlorophyll": 1.2633667754470952,
      "mean_sst": 19.65883199848755,
      "pixel_count": 59,
      "bloom_pixels": 0
    }
  },
  "ocean_health_status": "NORMAL - Moderate productivity",
  "spatial_extent": {
    "lon_range": [
      -127.84322967700558,
      -70.03374891839941
    ],
    "lat_range": [
      25.020301408583446,
      47.314610529554955
    ]
  },
  "summary": "NORMAL: Chl-a 2.55 mg/m\u00b3, 2 bloom pixels detected",
  "analysis_date": "2026-07-06 17:35:10"
}