{
  "total_pixels": 264,
  "good_quality_pixels": 190,
  "mean_chlorophyll": 2.6065820854352295,
  "median_chlorophyll": 1.8520221013787257,
  "std_chlorophyll": 2.332886973247298,
  "min_chlorophyll": 0.22280950923885284,
  "max_chlorophyll": 15.0,
  "mean_sst": 20.217218930555976,
  "sst_range": [
    12.115078096814537,
    27.990588598307536
  ],
  "bloom_count": 3,
  "bloom_percentage": 1.5789473684210527,
  "bloom_locations": [
    {
      "region": "Gulf of Mexico",
      "bloom_pixels": 1
    },
    {
      "region": "Pacific Coast",
      "bloom_pixels": 2
    }
  ],
  "productivity_distribution": {
    "high": 126,
    "medium": 64
  },
  "regional_stats": {
    "Pacific Coast": {
      "mean_chlorophyll": 4.016490626805545,
      "mean_sst": 14.968106514178105,
      "pixel_count": 57,
      "bloom_pixels": 2
    },
    "Gulf of Mexico": {
      "mean_chlorophyll": 2.7156013944332535,
      "mean_sst": 24.751844905550517,
      "pixel_count": 69,
      "bloom_pixels": 1
    },
    "Atlantic Coast": {
      "mean_chlorophyll": 1.233345848263798,
      "mean_sst": 20.00331604710154,
      "pixel_count": 64,
      "bloom_pixels": 0
    }
  },
  "ocean_health_status": "NORMAL - Moderate productivity",
  "spatial_extent": {
    "lon_range": [
      -127.97411340490004,
      -70.10141329487325
    ],
    "lat_range": [
      25.078410489712677,
      47.35126060863433
    ]
  },
  "summary": "NORMAL: Chl-a 2.61 mg/m\u00b3, 3 bloom pixels detected",
  "analysis_date": "2026-04-01 10:03:09"
}