{
  "total_pixels": 264,
  "good_quality_pixels": 191,
  "mean_chlorophyll": 2.3815666443936623,
  "median_chlorophyll": 2.0042104129396545,
  "std_chlorophyll": 1.970157627155522,
  "min_chlorophyll": 0.2,
  "max_chlorophyll": 15.0,
  "mean_sst": 20.27503638290251,
  "sst_range": [
    12.168919422233126,
    27.945303435600298
  ],
  "bloom_count": 2,
  "bloom_percentage": 1.0471204188481675,
  "bloom_locations": [
    {
      "region": "Gulf of Mexico",
      "bloom_pixels": 2
    }
  ],
  "productivity_distribution": {
    "high": 137,
    "medium": 54
  },
  "regional_stats": {
    "Pacific Coast": {
      "mean_chlorophyll": 3.091831207200038,
      "mean_sst": 15.119123250122353,
      "pixel_count": 63,
      "bloom_pixels": 0
    },
    "Gulf of Mexico": {
      "mean_chlorophyll": 2.6051280204451905,
      "mean_sst": 25.10682109886917,
      "pixel_count": 74,
      "bloom_pixels": 2
    },
    "Atlantic Coast": {
      "mean_chlorophyll": 1.2465627687526477,
      "mean_sst": 19.668933760376905,
      "pixel_count": 54,
      "bloom_pixels": 0
    }
  },
  "ocean_health_status": "NORMAL - Moderate productivity",
  "spatial_extent": {
    "lon_range": [
      -127.90064859252254,
      -70.03730655075513
    ],
    "lat_range": [
      25.038902533845825,
      47.47650810861182
    ]
  },
  "summary": "NORMAL: Chl-a 2.38 mg/m\u00b3, 2 bloom pixels detected",
  "analysis_date": "2025-10-25 15:13:39"
}