{
  "total_pixels": 264,
  "good_quality_pixels": 193,
  "mean_chlorophyll": 2.5098024517460154,
  "median_chlorophyll": 1.9794813649241634,
  "std_chlorophyll": 2.1119522622272924,
  "min_chlorophyll": 0.2,
  "max_chlorophyll": 11.822355062624254,
  "mean_sst": 20.2707613743079,
  "sst_range": [
    12.19790593350972,
    27.950666651440535
  ],
  "bloom_count": 3,
  "bloom_percentage": 1.5544041450777202,
  "bloom_locations": [
    {
      "region": "Gulf of Mexico",
      "bloom_pixels": 2
    },
    {
      "region": "Pacific Coast",
      "bloom_pixels": 1
    }
  ],
  "productivity_distribution": {
    "high": 134,
    "medium": 59
  },
  "regional_stats": {
    "Pacific Coast": {
      "mean_chlorophyll": 3.521011867171756,
      "mean_sst": 15.242803803728178,
      "pixel_count": 63,
      "bloom_pixels": 1
    },
    "Gulf of Mexico": {
      "mean_chlorophyll": 2.6265793479944515,
      "mean_sst": 24.947313606788047,
      "pixel_count": 71,
      "bloom_pixels": 2
    },
    "Atlantic Coast": {
      "mean_chlorophyll": 1.2895083363992255,
      "mean_sst": 20.01188202584063,
      "pixel_count": 59,
      "bloom_pixels": 0
    }
  },
  "ocean_health_status": "NORMAL - Moderate productivity",
  "spatial_extent": {
    "lon_range": [
      -127.98833685007729,
      -70.13195562177135
    ],
    "lat_range": [
      25.07687871530233,
      47.42180438670226
    ]
  },
  "summary": "NORMAL: Chl-a 2.51 mg/m\u00b3, 3 bloom pixels detected",
  "analysis_date": "2025-11-21 21:13:56"
}