{
  "total_pixels": 264,
  "good_quality_pixels": 173,
  "mean_chlorophyll": 2.2916408600525147,
  "median_chlorophyll": 1.6865490400628402,
  "std_chlorophyll": 1.9604578493768299,
  "min_chlorophyll": 0.20199442600482237,
  "max_chlorophyll": 12.0,
  "mean_sst": 20.08481400650016,
  "sst_range": [
    12.146643912594651,
    27.897582146382856
  ],
  "bloom_count": 1,
  "bloom_percentage": 0.5780346820809248,
  "bloom_locations": [
    {
      "region": "Pacific Coast",
      "bloom_pixels": 1
    }
  ],
  "productivity_distribution": {
    "high": 115,
    "medium": 58
  },
  "regional_stats": {
    "Pacific Coast": {
      "mean_chlorophyll": 3.374966501793819,
      "mean_sst": 14.848407424728332,
      "pixel_count": 56,
      "bloom_pixels": 1
    },
    "Gulf of Mexico": {
      "mean_chlorophyll": 2.4223719675188105,
      "mean_sst": 25.0366141720874,
      "pixel_count": 59,
      "bloom_pixels": 0
    },
    "Atlantic Coast": {
      "mean_chlorophyll": 1.1126861828451955,
      "mean_sst": 20.103478813561804,
      "pixel_count": 58,
      "bloom_pixels": 0
    }
  },
  "ocean_health_status": "NORMAL - Moderate productivity",
  "spatial_extent": {
    "lon_range": [
      -127.86760129997509,
      -70.00907851455426
    ],
    "lat_range": [
      25.020147355550037,
      47.3711166693924
    ]
  },
  "summary": "NORMAL: Chl-a 2.29 mg/m\u00b3, 1 bloom pixels detected",
  "analysis_date": "2026-02-10 09:56:42"
}