{
  "total_pixels": 264,
  "good_quality_pixels": 193,
  "mean_chlorophyll": 2.5032026852812854,
  "median_chlorophyll": 2.091524891919727,
  "std_chlorophyll": 2.0185201907731325,
  "min_chlorophyll": 0.2,
  "max_chlorophyll": 15.0,
  "mean_sst": 20.000283340065007,
  "sst_range": [
    12.067746614913812,
    27.955837116651814
  ],
  "bloom_count": 3,
  "bloom_percentage": 1.5544041450777202,
  "bloom_locations": [
    {
      "region": "Gulf of Mexico",
      "bloom_pixels": 3
    }
  ],
  "productivity_distribution": {
    "high": 133,
    "medium": 60
  },
  "regional_stats": {
    "Pacific Coast": {
      "mean_chlorophyll": 3.0615431056361757,
      "mean_sst": 15.098175304785489,
      "pixel_count": 67,
      "bloom_pixels": 0
    },
    "Gulf of Mexico": {
      "mean_chlorophyll": 2.998274120397035,
      "mean_sst": 24.848996477281833,
      "pixel_count": 66,
      "bloom_pixels": 3
    },
    "Atlantic Coast": {
      "mean_chlorophyll": 1.335143970590999,
      "mean_sst": 20.140719528521956,
      "pixel_count": 60,
      "bloom_pixels": 0
    }
  },
  "ocean_health_status": "NORMAL - Moderate productivity",
  "spatial_extent": {
    "lon_range": [
      -127.82060262873632,
      -70.04895796791874
    ],
    "lat_range": [
      25.052003244637255,
      47.30746014786267
    ]
  },
  "summary": "NORMAL: Chl-a 2.50 mg/m\u00b3, 3 bloom pixels detected",
  "analysis_date": "2026-07-23 03:24:33"
}