{
  "total_pixels": 264,
  "good_quality_pixels": 192,
  "mean_chlorophyll": 2.61272508889082,
  "median_chlorophyll": 2.162681856066678,
  "std_chlorophyll": 2.102562638103513,
  "min_chlorophyll": 0.2,
  "max_chlorophyll": 15.0,
  "mean_sst": 20.234030229719398,
  "sst_range": [
    12.062672215118475,
    27.97082449251051
  ],
  "bloom_count": 3,
  "bloom_percentage": 1.5625,
  "bloom_locations": [
    {
      "region": "Gulf of Mexico",
      "bloom_pixels": 1
    },
    {
      "region": "Pacific Coast",
      "bloom_pixels": 2
    }
  ],
  "productivity_distribution": {
    "high": 133,
    "medium": 59
  },
  "regional_stats": {
    "Pacific Coast": {
      "mean_chlorophyll": 3.5538438117358173,
      "mean_sst": 14.922939974505343,
      "pixel_count": 65,
      "bloom_pixels": 2
    },
    "Gulf of Mexico": {
      "mean_chlorophyll": 2.7172573624050123,
      "mean_sst": 25.247850900308812,
      "pixel_count": 68,
      "bloom_pixels": 1
    },
    "Atlantic Coast": {
      "mean_chlorophyll": 1.4554215027231925,
      "mean_sst": 20.306590585462335,
      "pixel_count": 59,
      "bloom_pixels": 0
    }
  },
  "ocean_health_status": "NORMAL - Moderate productivity",
  "spatial_extent": {
    "lon_range": [
      -127.939372847888,
      -70.04742019275399
    ],
    "lat_range": [
      25.053579777327425,
      47.43414147736217
    ]
  },
  "summary": "NORMAL: Chl-a 2.61 mg/m\u00b3, 3 bloom pixels detected",
  "analysis_date": "2026-06-14 20:15:08"
}