{
  "total_pixels": 264,
  "good_quality_pixels": 179,
  "mean_chlorophyll": 2.653670906445805,
  "median_chlorophyll": 2.0473136079384537,
  "std_chlorophyll": 2.043297645597439,
  "min_chlorophyll": 0.2,
  "max_chlorophyll": 11.4354324315166,
  "mean_sst": 20.06775251939275,
  "sst_range": [
    12.079846101438193,
    27.983759779463153
  ],
  "bloom_count": 3,
  "bloom_percentage": 1.675977653631285,
  "bloom_locations": [
    {
      "region": "Gulf of Mexico",
      "bloom_pixels": 1
    },
    {
      "region": "Pacific Coast",
      "bloom_pixels": 2
    }
  ],
  "productivity_distribution": {
    "high": 129,
    "medium": 50
  },
  "regional_stats": {
    "Pacific Coast": {
      "mean_chlorophyll": 3.593562949187663,
      "mean_sst": 14.829171978795596,
      "pixel_count": 61,
      "bloom_pixels": 2
    },
    "Gulf of Mexico": {
      "mean_chlorophyll": 2.803948332875339,
      "mean_sst": 25.18921134344013,
      "pixel_count": 68,
      "bloom_pixels": 1
    },
    "Atlantic Coast": {
      "mean_chlorophyll": 1.3026253143565742,
      "mean_sst": 19.493636778216853,
      "pixel_count": 50,
      "bloom_pixels": 0
    }
  },
  "ocean_health_status": "NORMAL - Moderate productivity",
  "spatial_extent": {
    "lon_range": [
      -127.97883730746443,
      -70.12782096635299
    ],
    "lat_range": [
      25.015666201128788,
      47.36538412700776
    ]
  },
  "summary": "NORMAL: Chl-a 2.65 mg/m\u00b3, 3 bloom pixels detected",
  "analysis_date": "2025-10-28 09:16:51"
}