{
  "total_pixels": 264,
  "good_quality_pixels": 184,
  "mean_chlorophyll": 2.459200453558837,
  "median_chlorophyll": 1.9514553308029705,
  "std_chlorophyll": 1.8972177275812945,
  "min_chlorophyll": 0.25879748165076,
  "max_chlorophyll": 13.37064529810657,
  "mean_sst": 19.66999078897575,
  "sst_range": [
    12.018217669502874,
    27.82638091013829
  ],
  "bloom_count": 2,
  "bloom_percentage": 1.0869565217391304,
  "bloom_locations": [
    {
      "region": "Gulf of Mexico",
      "bloom_pixels": 2
    }
  ],
  "productivity_distribution": {
    "high": 134,
    "medium": 50
  },
  "regional_stats": {
    "Pacific Coast": {
      "mean_chlorophyll": 3.1843631287368397,
      "mean_sst": 15.033200518773464,
      "pixel_count": 69,
      "bloom_pixels": 0
    },
    "Gulf of Mexico": {
      "mean_chlorophyll": 2.635704614413968,
      "mean_sst": 24.822353063887814,
      "pixel_count": 65,
      "bloom_pixels": 2
    },
    "Atlantic Coast": {
      "mean_chlorophyll": 1.2290205527015223,
      "mean_sst": 19.370690404469222,
      "pixel_count": 50,
      "bloom_pixels": 0
    }
  },
  "ocean_health_status": "NORMAL - Moderate productivity",
  "spatial_extent": {
    "lon_range": [
      -127.9642499255358,
      -70.01172587043234
    ],
    "lat_range": [
      25.08400477653979,
      47.30179286655805
    ]
  },
  "summary": "NORMAL: Chl-a 2.46 mg/m\u00b3, 2 bloom pixels detected",
  "analysis_date": "2026-04-11 02:47:07"
}