{
  "total_pixels": 264,
  "good_quality_pixels": 190,
  "mean_chlorophyll": 2.5099773892433603,
  "median_chlorophyll": 1.7238237836315382,
  "std_chlorophyll": 2.2373119798486725,
  "min_chlorophyll": 0.21633451438477072,
  "max_chlorophyll": 12.0,
  "mean_sst": 20.533738091528225,
  "sst_range": [
    12.004254221346258,
    27.99240559795467
  ],
  "bloom_count": 3,
  "bloom_percentage": 1.5789473684210527,
  "bloom_locations": [
    {
      "region": "Gulf of Mexico",
      "bloom_pixels": 1
    },
    {
      "region": "Pacific Coast",
      "bloom_pixels": 2
    }
  ],
  "productivity_distribution": {
    "high": 139,
    "medium": 51
  },
  "regional_stats": {
    "Pacific Coast": {
      "mean_chlorophyll": 3.29565125417945,
      "mean_sst": 14.9039155770045,
      "pixel_count": 60,
      "bloom_pixels": 2
    },
    "Gulf of Mexico": {
      "mean_chlorophyll": 2.692739080637135,
      "mean_sst": 25.38314892655369,
      "pixel_count": 79,
      "bloom_pixels": 1
    },
    "Atlantic Coast": {
      "mean_chlorophyll": 1.3025537516693675,
      "mean_sst": 19.645226226908818,
      "pixel_count": 51,
      "bloom_pixels": 0
    }
  },
  "ocean_health_status": "NORMAL - Moderate productivity",
  "spatial_extent": {
    "lon_range": [
      -127.91690286497568,
      -70.12484442729487
    ],
    "lat_range": [
      25.17586963412575,
      47.4920237070634
    ]
  },
  "summary": "NORMAL: Chl-a 2.51 mg/m\u00b3, 3 bloom pixels detected",
  "analysis_date": "2026-04-01 05:19:51"
}