{
  "total_pixels": 264,
  "good_quality_pixels": 195,
  "mean_chlorophyll": 2.6208914124996303,
  "median_chlorophyll": 1.7825714229688707,
  "std_chlorophyll": 2.4262074165700214,
  "min_chlorophyll": 0.2,
  "max_chlorophyll": 13.275165912614016,
  "mean_sst": 19.989801627500984,
  "sst_range": [
    12.246522319793417,
    27.957747483253613
  ],
  "bloom_count": 4,
  "bloom_percentage": 2.051282051282051,
  "bloom_locations": [
    {
      "region": "Gulf of Mexico",
      "bloom_pixels": 4
    }
  ],
  "productivity_distribution": {
    "high": 132,
    "medium": 63
  },
  "regional_stats": {
    "Pacific Coast": {
      "mean_chlorophyll": 3.176676776584696,
      "mean_sst": 15.169472149082237,
      "pixel_count": 65,
      "bloom_pixels": 0
    },
    "Gulf of Mexico": {
      "mean_chlorophyll": 3.4546130303736295,
      "mean_sst": 24.749276601003174,
      "pixel_count": 67,
      "bloom_pixels": 4
    },
    "Atlantic Coast": {
      "mean_chlorophyll": 1.160805744831578,
      "mean_sst": 19.901493577859267,
      "pixel_count": 63,
      "bloom_pixels": 0
    }
  },
  "ocean_health_status": "NORMAL - Moderate productivity",
  "spatial_extent": {
    "lon_range": [
      -127.97344249011401,
      -70.10447749467696
    ],
    "lat_range": [
      25.10160726632246,
      47.47613825683328
    ]
  },
  "summary": "NORMAL: Chl-a 2.62 mg/m\u00b3, 4 bloom pixels detected",
  "analysis_date": "2025-11-26 09:18:30"
}