{
  "total_pixels": 264,
  "good_quality_pixels": 178,
  "mean_chlorophyll": 2.4770910442787546,
  "median_chlorophyll": 1.8786385269224826,
  "std_chlorophyll": 2.217129511282479,
  "min_chlorophyll": 0.2935248929715278,
  "max_chlorophyll": 15.0,
  "mean_sst": 20.37737440048724,
  "sst_range": [
    12.154867967242854,
    27.968456205894878
  ],
  "bloom_count": 2,
  "bloom_percentage": 1.1235955056179776,
  "bloom_locations": [
    {
      "region": "Gulf of Mexico",
      "bloom_pixels": 2
    }
  ],
  "productivity_distribution": {
    "high": 119,
    "medium": 59
  },
  "regional_stats": {
    "Pacific Coast": {
      "mean_chlorophyll": 3.277805619143108,
      "mean_sst": 15.316190258661177,
      "pixel_count": 58,
      "bloom_pixels": 0
    },
    "Gulf of Mexico": {
      "mean_chlorophyll": 2.9747764572659325,
      "mean_sst": 25.271863767203044,
      "pixel_count": 61,
      "bloom_pixels": 2
    },
    "Atlantic Coast": {
      "mean_chlorophyll": 1.1753917979338335,
      "mean_sst": 20.292371499745677,
      "pixel_count": 59,
      "bloom_pixels": 0
    }
  },
  "ocean_health_status": "NORMAL - Moderate productivity",
  "spatial_extent": {
    "lon_range": [
      -127.89387221380223,
      -70.04799446450363
    ],
    "lat_range": [
      25.185328937323707,
      47.410390622527274
    ]
  },
  "summary": "NORMAL: Chl-a 2.48 mg/m\u00b3, 2 bloom pixels detected",
  "analysis_date": "2025-11-30 21:13:37"
}