{
  "total_pixels": 264,
  "good_quality_pixels": 194,
  "mean_chlorophyll": 2.871636807687149,
  "median_chlorophyll": 2.22490204358191,
  "std_chlorophyll": 2.503474056920604,
  "min_chlorophyll": 0.2,
  "max_chlorophyll": 15.0,
  "mean_sst": 20.085439294709193,
  "sst_range": [
    12.009640169190535,
    27.99997798737742
  ],
  "bloom_count": 5,
  "bloom_percentage": 2.5773195876288657,
  "bloom_locations": [
    {
      "region": "Gulf of Mexico",
      "bloom_pixels": 1
    },
    {
      "region": "Pacific Coast",
      "bloom_pixels": 4
    }
  ],
  "productivity_distribution": {
    "high": 136,
    "medium": 58
  },
  "regional_stats": {
    "Pacific Coast": {
      "mean_chlorophyll": 4.348008846420103,
      "mean_sst": 14.302212549924981,
      "pixel_count": 64,
      "bloom_pixels": 4
    },
    "Gulf of Mexico": {
      "mean_chlorophyll": 2.7364741945286264,
      "mean_sst": 24.903305108475738,
      "pixel_count": 72,
      "bloom_pixels": 1
    },
    "Atlantic Coast": {
      "mean_chlorophyll": 1.410324698523436,
      "mean_sst": 20.4861319339333,
      "pixel_count": 58,
      "bloom_pixels": 0
    }
  },
  "ocean_health_status": "NORMAL - Moderate productivity",
  "spatial_extent": {
    "lon_range": [
      -127.96428313568907,
      -70.03119138543462
    ],
    "lat_range": [
      25.00277873897827,
      47.44519626922108
    ]
  },
  "summary": "NORMAL: Chl-a 2.87 mg/m\u00b3, 5 bloom pixels detected",
  "analysis_date": "2026-03-03 09:37:05"
}