{
  "total_pixels": 264,
  "good_quality_pixels": 191,
  "mean_chlorophyll": 2.883147330413457,
  "median_chlorophyll": 2.2072038981279816,
  "std_chlorophyll": 2.447680938641962,
  "min_chlorophyll": 0.2,
  "max_chlorophyll": 15.0,
  "mean_sst": 20.12466842297577,
  "sst_range": [
    12.034284198379238,
    27.784815769810145
  ],
  "bloom_count": 7,
  "bloom_percentage": 3.664921465968586,
  "bloom_locations": [
    {
      "region": "Gulf of Mexico",
      "bloom_pixels": 5
    },
    {
      "region": "Pacific Coast",
      "bloom_pixels": 2
    }
  ],
  "productivity_distribution": {
    "high": 137,
    "medium": 54
  },
  "regional_stats": {
    "Pacific Coast": {
      "mean_chlorophyll": 3.7506567576468557,
      "mean_sst": 14.926366928024962,
      "pixel_count": 68,
      "bloom_pixels": 2
    },
    "Gulf of Mexico": {
      "mean_chlorophyll": 3.205505069879816,
      "mean_sst": 25.087673733536256,
      "pixel_count": 69,
      "bloom_pixels": 5
    },
    "Atlantic Coast": {
      "mean_chlorophyll": 1.378826495690309,
      "mean_sst": 20.329059816086538,
      "pixel_count": 54,
      "bloom_pixels": 0
    }
  },
  "ocean_health_status": "NORMAL - Moderate productivity",
  "spatial_extent": {
    "lon_range": [
      -127.9430662226949,
      -70.02771980169204
    ],
    "lat_range": [
      25.05944109286411,
      47.27733828022312
    ]
  },
  "summary": "NORMAL: Chl-a 2.88 mg/m\u00b3, 7 bloom pixels detected",
  "analysis_date": "2025-12-01 21:13:58"
}