{
  "total_pixels": 264,
  "good_quality_pixels": 193,
  "mean_chlorophyll": 2.7806021942757946,
  "median_chlorophyll": 2.0135860042154383,
  "std_chlorophyll": 2.6311340651001656,
  "min_chlorophyll": 0.3015209325355587,
  "max_chlorophyll": 15.0,
  "mean_sst": 20.25817544738598,
  "sst_range": [
    12.001112473330421,
    27.995604764081712
  ],
  "bloom_count": 6,
  "bloom_percentage": 3.1088082901554404,
  "bloom_locations": [
    {
      "region": "Gulf of Mexico",
      "bloom_pixels": 3
    },
    {
      "region": "Pacific Coast",
      "bloom_pixels": 3
    }
  ],
  "productivity_distribution": {
    "high": 134,
    "medium": 59
  },
  "regional_stats": {
    "Pacific Coast": {
      "mean_chlorophyll": 4.079445525748997,
      "mean_sst": 15.30376152422907,
      "pixel_count": 62,
      "bloom_pixels": 3
    },
    "Gulf of Mexico": {
      "mean_chlorophyll": 3.0386721850008844,
      "mean_sst": 25.190820993493748,
      "pixel_count": 72,
      "bloom_pixels": 3
    },
    "Atlantic Coast": {
      "mean_chlorophyll": 1.100783111503845,
      "mean_sst": 19.445009073080374,
      "pixel_count": 59,
      "bloom_pixels": 0
    }
  },
  "ocean_health_status": "NORMAL - Moderate productivity",
  "spatial_extent": {
    "lon_range": [
      -127.90267651432936,
      -70.04383935922466
    ],
    "lat_range": [
      25.034911302257076,
      47.39989570428163
    ]
  },
  "summary": "NORMAL: Chl-a 2.78 mg/m\u00b3, 6 bloom pixels detected",
  "analysis_date": "2026-06-27 21:11:23"
}