{
  "total_pixels": 264,
  "good_quality_pixels": 192,
  "mean_chlorophyll": 2.2924246356587616,
  "median_chlorophyll": 1.6953702072304093,
  "std_chlorophyll": 1.9831704735719298,
  "min_chlorophyll": 0.26268056212824925,
  "max_chlorophyll": 15.0,
  "mean_sst": 19.951116191309044,
  "sst_range": [
    12.164098881945838,
    27.964778006778722
  ],
  "bloom_count": 2,
  "bloom_percentage": 1.0416666666666665,
  "bloom_locations": [
    {
      "region": "Gulf of Mexico",
      "bloom_pixels": 1
    },
    {
      "region": "Pacific Coast",
      "bloom_pixels": 1
    }
  ],
  "productivity_distribution": {
    "high": 131,
    "medium": 61
  },
  "regional_stats": {
    "Pacific Coast": {
      "mean_chlorophyll": 2.9622216638058747,
      "mean_sst": 14.995647384367254,
      "pixel_count": 63,
      "bloom_pixels": 1
    },
    "Gulf of Mexico": {
      "mean_chlorophyll": 2.594218902443237,
      "mean_sst": 24.834385735391347,
      "pixel_count": 68,
      "bloom_pixels": 1
    },
    "Atlantic Coast": {
      "mean_chlorophyll": 1.2642406534520005,
      "mean_sst": 19.62541464769816,
      "pixel_count": 61,
      "bloom_pixels": 0
    }
  },
  "ocean_health_status": "NORMAL - Moderate productivity",
  "spatial_extent": {
    "lon_range": [
      -127.9855692013134,
      -70.00963331934896
    ],
    "lat_range": [
      25.077916444720916,
      47.41913652078507
    ]
  },
  "summary": "NORMAL: Chl-a 2.29 mg/m\u00b3, 2 bloom pixels detected",
  "analysis_date": "2026-06-12 07:13:38"
}