{
  "total_pixels": 264,
  "good_quality_pixels": 181,
  "mean_chlorophyll": 2.6785333482000877,
  "median_chlorophyll": 1.9738767620883977,
  "std_chlorophyll": 2.359276356934523,
  "min_chlorophyll": 0.26427759280621765,
  "max_chlorophyll": 12.0,
  "mean_sst": 20.34693996678451,
  "sst_range": [
    12.00790710070504,
    27.822044713884296
  ],
  "bloom_count": 4,
  "bloom_percentage": 2.209944751381215,
  "bloom_locations": [
    {
      "region": "Pacific Coast",
      "bloom_pixels": 4
    }
  ],
  "productivity_distribution": {
    "high": 128,
    "medium": 53
  },
  "regional_stats": {
    "Pacific Coast": {
      "mean_chlorophyll": 4.29229237126187,
      "mean_sst": 15.099642620624559,
      "pixel_count": 57,
      "bloom_pixels": 4
    },
    "Gulf of Mexico": {
      "mean_chlorophyll": 2.396385068117977,
      "mean_sst": 24.902014840599158,
      "pixel_count": 71,
      "bloom_pixels": 0
    },
    "Atlantic Coast": {
      "mean_chlorophyll": 1.3209534155832605,
      "mean_sst": 19.888178319431244,
      "pixel_count": 53,
      "bloom_pixels": 0
    }
  },
  "ocean_health_status": "NORMAL - Moderate productivity",
  "spatial_extent": {
    "lon_range": [
      -127.98450024529294,
      -70.06240465806489
    ],
    "lat_range": [
      25.02373497370874,
      47.26090065845764
    ]
  },
  "summary": "NORMAL: Chl-a 2.68 mg/m\u00b3, 4 bloom pixels detected",
  "analysis_date": "2026-05-04 16:26:29"
}