{
  "total_pixels": 264,
  "good_quality_pixels": 194,
  "mean_chlorophyll": 2.527152065127901,
  "median_chlorophyll": 1.920996852574024,
  "std_chlorophyll": 2.1622687285930375,
  "min_chlorophyll": 0.2,
  "max_chlorophyll": 12.61552567911623,
  "mean_sst": 20.21459056286569,
  "sst_range": [
    12.001329673728774,
    27.940141403242194
  ],
  "bloom_count": 4,
  "bloom_percentage": 2.0618556701030926,
  "bloom_locations": [
    {
      "region": "Gulf of Mexico",
      "bloom_pixels": 3
    },
    {
      "region": "Pacific Coast",
      "bloom_pixels": 1
    }
  ],
  "productivity_distribution": {
    "high": 136,
    "medium": 58
  },
  "regional_stats": {
    "Pacific Coast": {
      "mean_chlorophyll": 3.292601266859043,
      "mean_sst": 14.820402519854992,
      "pixel_count": 66,
      "bloom_pixels": 1
    },
    "Gulf of Mexico": {
      "mean_chlorophyll": 2.8767979053013453,
      "mean_sst": 24.854955275983617,
      "pixel_count": 70,
      "bloom_pixels": 3
    },
    "Atlantic Coast": {
      "mean_chlorophyll": 1.2341373043279638,
      "mean_sst": 20.752364371838976,
      "pixel_count": 58,
      "bloom_pixels": 0
    }
  },
  "ocean_health_status": "NORMAL - Moderate productivity",
  "spatial_extent": {
    "lon_range": [
      -127.8583334752017,
      -70.01286194028485
    ],
    "lat_range": [
      25.030495844800267,
      47.38451549983715
    ]
  },
  "summary": "NORMAL: Chl-a 2.53 mg/m\u00b3, 4 bloom pixels detected",
  "analysis_date": "2026-05-29 13:53:22"
}