{
  "total_pixels": 264,
  "good_quality_pixels": 182,
  "mean_chlorophyll": 2.5152305672712942,
  "median_chlorophyll": 1.9122708839465437,
  "std_chlorophyll": 1.975427075265218,
  "min_chlorophyll": 0.2,
  "max_chlorophyll": 12.558062376021926,
  "mean_sst": 19.921821024442412,
  "sst_range": [
    12.231645913438504,
    27.94702819890894
  ],
  "bloom_count": 1,
  "bloom_percentage": 0.5494505494505495,
  "bloom_locations": [
    {
      "region": "Gulf of Mexico",
      "bloom_pixels": 1
    }
  ],
  "productivity_distribution": {
    "high": 131,
    "medium": 51
  },
  "regional_stats": {
    "Pacific Coast": {
      "mean_chlorophyll": 3.297492921234953,
      "mean_sst": 15.013007047864367,
      "pixel_count": 66,
      "bloom_pixels": 0
    },
    "Gulf of Mexico": {
      "mean_chlorophyll": 2.8136190126409413,
      "mean_sst": 25.12710622878341,
      "pixel_count": 65,
      "bloom_pixels": 1
    },
    "Atlantic Coast": {
      "mean_chlorophyll": 1.1225920513766188,
      "mean_sst": 19.64021679252056,
      "pixel_count": 51,
      "bloom_pixels": 0
    }
  },
  "ocean_health_status": "NORMAL - Moderate productivity",
  "spatial_extent": {
    "lon_range": [
      -127.98802978002111,
      -70.07813635730412
    ],
    "lat_range": [
      25.02918680725356,
      47.49459726678372
    ]
  },
  "summary": "NORMAL: Chl-a 2.52 mg/m\u00b3, 1 bloom pixels detected",
  "analysis_date": "2025-10-30 09:17:09"
}