{
  "total_pixels": 264,
  "good_quality_pixels": 188,
  "mean_chlorophyll": 2.6482452582741387,
  "median_chlorophyll": 1.930779423071781,
  "std_chlorophyll": 2.2511850042168557,
  "min_chlorophyll": 0.2,
  "max_chlorophyll": 12.0,
  "mean_sst": 20.38270636466199,
  "sst_range": [
    12.05978372568406,
    27.879632426655927
  ],
  "bloom_count": 2,
  "bloom_percentage": 1.0638297872340425,
  "bloom_locations": [
    {
      "region": "Pacific Coast",
      "bloom_pixels": 2
    }
  ],
  "productivity_distribution": {
    "high": 133,
    "medium": 55
  },
  "regional_stats": {
    "Pacific Coast": {
      "mean_chlorophyll": 3.6386580735271226,
      "mean_sst": 15.247608164769145,
      "pixel_count": 64,
      "bloom_pixels": 2
    },
    "Gulf of Mexico": {
      "mean_chlorophyll": 2.896034520945046,
      "mean_sst": 25.1254044276437,
      "pixel_count": 69,
      "bloom_pixels": 0
    },
    "Atlantic Coast": {
      "mean_chlorophyll": 1.1849019982653477,
      "mean_sst": 20.408163063705693,
      "pixel_count": 55,
      "bloom_pixels": 0
    }
  },
  "ocean_health_status": "NORMAL - Moderate productivity",
  "spatial_extent": {
    "lon_range": [
      -127.87204180718717,
      -70.25374457504016
    ],
    "lat_range": [
      25.094066150949782,
      47.48227287314082
    ]
  },
  "summary": "NORMAL: Chl-a 2.65 mg/m\u00b3, 2 bloom pixels detected",
  "analysis_date": "2026-02-16 09:47:59"
}