{
  "total_pixels": 264,
  "good_quality_pixels": 201,
  "mean_chlorophyll": 2.5079916375997535,
  "median_chlorophyll": 1.8347378125531644,
  "std_chlorophyll": 2.1952376581523274,
  "min_chlorophyll": 0.2,
  "max_chlorophyll": 15.0,
  "mean_sst": 19.978577591655203,
  "sst_range": [
    12.108454196884187,
    27.785740987435418
  ],
  "bloom_count": 2,
  "bloom_percentage": 0.9950248756218906,
  "bloom_locations": [
    {
      "region": "Gulf of Mexico",
      "bloom_pixels": 1
    },
    {
      "region": "Pacific Coast",
      "bloom_pixels": 1
    }
  ],
  "productivity_distribution": {
    "high": 142,
    "medium": 59
  },
  "regional_stats": {
    "Pacific Coast": {
      "mean_chlorophyll": 3.7757121024417803,
      "mean_sst": 14.93359446577535,
      "pixel_count": 66,
      "bloom_pixels": 1
    },
    "Gulf of Mexico": {
      "mean_chlorophyll": 2.4153045579506287,
      "mean_sst": 24.58633461284988,
      "pixel_count": 76,
      "bloom_pixels": 1
    },
    "Atlantic Coast": {
      "mean_chlorophyll": 1.2092571863075472,
      "mean_sst": 19.686702213642914,
      "pixel_count": 59,
      "bloom_pixels": 0
    }
  },
  "ocean_health_status": "NORMAL - Moderate productivity",
  "spatial_extent": {
    "lon_range": [
      -127.98777162936022,
      -70.0932953101167
    ],
    "lat_range": [
      25.00286336210391,
      47.487547446206655
    ]
  },
  "summary": "NORMAL: Chl-a 2.51 mg/m\u00b3, 2 bloom pixels detected",
  "analysis_date": "2025-12-25 09:19:04"
}