{
  "total_pixels": 264,
  "good_quality_pixels": 169,
  "mean_chlorophyll": 2.4641694398399108,
  "median_chlorophyll": 1.883842462769565,
  "std_chlorophyll": 1.944565217844069,
  "min_chlorophyll": 0.32210404425272904,
  "max_chlorophyll": 10.906522932044837,
  "mean_sst": 20.31484940894595,
  "sst_range": [
    12.055242647858616,
    27.73409930524766
  ],
  "bloom_count": 1,
  "bloom_percentage": 0.591715976331361,
  "bloom_locations": [
    {
      "region": "Gulf of Mexico",
      "bloom_pixels": 1
    }
  ],
  "productivity_distribution": {
    "high": 122,
    "medium": 47
  },
  "regional_stats": {
    "Pacific Coast": {
      "mean_chlorophyll": 3.527792374821371,
      "mean_sst": 15.128618468106163,
      "pixel_count": 57,
      "bloom_pixels": 0
    },
    "Gulf of Mexico": {
      "mean_chlorophyll": 2.37197159069234,
      "mean_sst": 24.821622360544264,
      "pixel_count": 65,
      "bloom_pixels": 1
    },
    "Atlantic Coast": {
      "mean_chlorophyll": 1.30175141644946,
      "mean_sst": 20.371762638179504,
      "pixel_count": 47,
      "bloom_pixels": 0
    }
  },
  "ocean_health_status": "NORMAL - Moderate productivity",
  "spatial_extent": {
    "lon_range": [
      -127.9973235396073,
      -70.07942988470937
    ],
    "lat_range": [
      25.006556687964146,
      46.56053657316562
    ]
  },
  "summary": "NORMAL: Chl-a 2.46 mg/m\u00b3, 1 bloom pixels detected",
  "analysis_date": "2026-03-31 05:05:13"
}