{
  "total_pixels": 264,
  "good_quality_pixels": 196,
  "mean_chlorophyll": 2.508546198989908,
  "median_chlorophyll": 1.9446535850136488,
  "std_chlorophyll": 2.162862641097595,
  "min_chlorophyll": 0.2,
  "max_chlorophyll": 15.0,
  "mean_sst": 20.059465866942027,
  "sst_range": [
    12.030209449087785,
    27.935841813973887
  ],
  "bloom_count": 2,
  "bloom_percentage": 1.0204081632653061,
  "bloom_locations": [
    {
      "region": "Gulf of Mexico",
      "bloom_pixels": 1
    },
    {
      "region": "Pacific Coast",
      "bloom_pixels": 1
    }
  ],
  "productivity_distribution": {
    "high": 136,
    "medium": 60
  },
  "regional_stats": {
    "Pacific Coast": {
      "mean_chlorophyll": 3.5931644628876733,
      "mean_sst": 14.81638989171225,
      "pixel_count": 66,
      "bloom_pixels": 1
    },
    "Gulf of Mexico": {
      "mean_chlorophyll": 2.4837520350254008,
      "mean_sst": 24.929575869125966,
      "pixel_count": 70,
      "bloom_pixels": 1
    },
    "Atlantic Coast": {
      "mean_chlorophyll": 1.344392633327625,
      "mean_sst": 20.145054437146865,
      "pixel_count": 60,
      "bloom_pixels": 0
    }
  },
  "ocean_health_status": "NORMAL - Moderate productivity",
  "spatial_extent": {
    "lon_range": [
      -127.96540691236356,
      -70.06880593367593
    ],
    "lat_range": [
      25.007519243316747,
      47.35472914453603
    ]
  },
  "summary": "NORMAL: Chl-a 2.51 mg/m\u00b3, 2 bloom pixels detected",
  "analysis_date": "2026-05-23 18:03:32"
}