{
  "total_pixels": 264,
  "good_quality_pixels": 185,
  "mean_chlorophyll": 2.470510145710508,
  "median_chlorophyll": 1.956159981256333,
  "std_chlorophyll": 2.153727514916832,
  "min_chlorophyll": 0.2,
  "max_chlorophyll": 12.75243713145445,
  "mean_sst": 20.19384362189077,
  "sst_range": [
    12.019269135151573,
    27.97348850917036
  ],
  "bloom_count": 3,
  "bloom_percentage": 1.6216216216216217,
  "bloom_locations": [
    {
      "region": "Gulf of Mexico",
      "bloom_pixels": 3
    }
  ],
  "productivity_distribution": {
    "high": 128,
    "medium": 57
  },
  "regional_stats": {
    "Pacific Coast": {
      "mean_chlorophyll": 3.299051639551987,
      "mean_sst": 15.003191781557756,
      "pixel_count": 63,
      "bloom_pixels": 0
    },
    "Gulf of Mexico": {
      "mean_chlorophyll": 2.8959406086806183,
      "mean_sst": 25.178680410667383,
      "pixel_count": 65,
      "bloom_pixels": 3
    },
    "Atlantic Coast": {
      "mean_chlorophyll": 1.0696137561478705,
      "mean_sst": 20.246416861724104,
      "pixel_count": 57,
      "bloom_pixels": 0
    }
  },
  "ocean_health_status": "NORMAL - Moderate productivity",
  "spatial_extent": {
    "lon_range": [
      -127.89015978959482,
      -70.35380881986646
    ],
    "lat_range": [
      25.015941846786287,
      47.21446518633621
    ]
  },
  "summary": "NORMAL: Chl-a 2.47 mg/m\u00b3, 3 bloom pixels detected",
  "analysis_date": "2026-02-09 09:58:32"
}