{
  "total_pixels": 264,
  "good_quality_pixels": 170,
  "mean_chlorophyll": 2.5558628609113283,
  "median_chlorophyll": 2.02005936232507,
  "std_chlorophyll": 2.0913077942871348,
  "min_chlorophyll": 0.2,
  "max_chlorophyll": 10.946025121528587,
  "mean_sst": 20.056015681939137,
  "sst_range": [
    12.049697215443468,
    27.76399177640644
  ],
  "bloom_count": 4,
  "bloom_percentage": 2.3529411764705883,
  "bloom_locations": [
    {
      "region": "Pacific Coast",
      "bloom_pixels": 4
    }
  ],
  "productivity_distribution": {
    "high": 117,
    "medium": 53
  },
  "regional_stats": {
    "Pacific Coast": {
      "mean_chlorophyll": 3.6419568832553706,
      "mean_sst": 15.172325929260664,
      "pixel_count": 61,
      "bloom_pixels": 4
    },
    "Gulf of Mexico": {
      "mean_chlorophyll": 2.441542380502802,
      "mean_sst": 25.47766207390652,
      "pixel_count": 56,
      "bloom_pixels": 0
    },
    "Atlantic Coast": {
      "mean_chlorophyll": 1.4266215692111563,
      "mean_sst": 19.948334115207306,
      "pixel_count": 53,
      "bloom_pixels": 0
    }
  },
  "ocean_health_status": "NORMAL - Moderate productivity",
  "spatial_extent": {
    "lon_range": [
      -127.86293481287304,
      -70.015332853617
    ],
    "lat_range": [
      25.00287695798029,
      47.34549952836726
    ]
  },
  "summary": "NORMAL: Chl-a 2.56 mg/m\u00b3, 4 bloom pixels detected",
  "analysis_date": "2026-04-24 15:59:31"
}