{
  "total_pixels": 264,
  "good_quality_pixels": 181,
  "mean_chlorophyll": 2.519966193310114,
  "median_chlorophyll": 1.8025407572545828,
  "std_chlorophyll": 2.3694214391555013,
  "min_chlorophyll": 0.2,
  "max_chlorophyll": 15.0,
  "mean_sst": 20.087134789274252,
  "sst_range": [
    12.111065759541892,
    27.854113886101576
  ],
  "bloom_count": 4,
  "bloom_percentage": 2.209944751381215,
  "bloom_locations": [
    {
      "region": "Gulf of Mexico",
      "bloom_pixels": 3
    },
    {
      "region": "Pacific Coast",
      "bloom_pixels": 1
    }
  ],
  "productivity_distribution": {
    "high": 118,
    "medium": 63
  },
  "regional_stats": {
    "Pacific Coast": {
      "mean_chlorophyll": 3.2049392377226305,
      "mean_sst": 15.067234984588062,
      "pixel_count": 58,
      "bloom_pixels": 1
    },
    "Gulf of Mexico": {
      "mean_chlorophyll": 3.3801419886924178,
      "mean_sst": 24.83301170758828,
      "pixel_count": 60,
      "bloom_pixels": 3
    },
    "Atlantic Coast": {
      "mean_chlorophyll": 1.0701410457090959,
      "mean_sst": 20.188747068210088,
      "pixel_count": 63,
      "bloom_pixels": 0
    }
  },
  "ocean_health_status": "NORMAL - Moderate productivity",
  "spatial_extent": {
    "lon_range": [
      -127.97070509725877,
      -70.0427471246474
    ],
    "lat_range": [
      25.00408865691946,
      47.38933747136173
    ]
  },
  "summary": "NORMAL: Chl-a 2.52 mg/m\u00b3, 4 bloom pixels detected",
  "analysis_date": "2026-03-13 04:42:06"
}