{
  "total_pixels": 264,
  "good_quality_pixels": 187,
  "mean_chlorophyll": 2.7443637648920265,
  "median_chlorophyll": 1.8355929999735467,
  "std_chlorophyll": 2.5386226113774173,
  "min_chlorophyll": 0.2,
  "max_chlorophyll": 14.002067162120571,
  "mean_sst": 19.95300743844387,
  "sst_range": [
    12.122067870861988,
    27.91440072195435
  ],
  "bloom_count": 5,
  "bloom_percentage": 2.6737967914438503,
  "bloom_locations": [
    {
      "region": "Gulf of Mexico",
      "bloom_pixels": 3
    },
    {
      "region": "Pacific Coast",
      "bloom_pixels": 2
    }
  ],
  "productivity_distribution": {
    "high": 128,
    "medium": 59
  },
  "regional_stats": {
    "Pacific Coast": {
      "mean_chlorophyll": 4.148566212977027,
      "mean_sst": 15.054868493010138,
      "pixel_count": 64,
      "bloom_pixels": 2
    },
    "Gulf of Mexico": {
      "mean_chlorophyll": 2.789173615579041,
      "mean_sst": 24.985206015345902,
      "pixel_count": 64,
      "bloom_pixels": 3
    },
    "Atlantic Coast": {
      "mean_chlorophyll": 1.1725538136817057,
      "mean_sst": 19.80758682125791,
      "pixel_count": 59,
      "bloom_pixels": 0
    }
  },
  "ocean_health_status": "NORMAL - Moderate productivity",
  "spatial_extent": {
    "lon_range": [
      -127.98641490904102,
      -70.02031713318416
    ],
    "lat_range": [
      25.084707024828877,
      46.912650161945564
    ]
  },
  "summary": "NORMAL: Chl-a 2.74 mg/m\u00b3, 5 bloom pixels detected",
  "analysis_date": "2026-05-18 23:56:58"
}