{
  "total_pixels": 264,
  "good_quality_pixels": 177,
  "mean_chlorophyll": 2.4827952126235093,
  "median_chlorophyll": 2.024803212888075,
  "std_chlorophyll": 1.8402857145763203,
  "min_chlorophyll": 0.28001641076602,
  "max_chlorophyll": 10.94157580005041,
  "mean_sst": 19.909049673926805,
  "sst_range": [
    12.263701838995567,
    27.78640908832104
  ],
  "bloom_count": 1,
  "bloom_percentage": 0.5649717514124294,
  "bloom_locations": [
    {
      "region": "Pacific Coast",
      "bloom_pixels": 1
    }
  ],
  "productivity_distribution": {
    "high": 131,
    "medium": 46
  },
  "regional_stats": {
    "Pacific Coast": {
      "mean_chlorophyll": 3.513490393166433,
      "mean_sst": 14.749895624467792,
      "pixel_count": 63,
      "bloom_pixels": 1
    },
    "Gulf of Mexico": {
      "mean_chlorophyll": 2.4602790989163914,
      "mean_sst": 24.819441235033192,
      "pixel_count": 68,
      "bloom_pixels": 0
    },
    "Atlantic Coast": {
      "mean_chlorophyll": 1.1044756334469807,
      "mean_sst": 19.71600791220253,
      "pixel_count": 46,
      "bloom_pixels": 0
    }
  },
  "ocean_health_status": "NORMAL - Moderate productivity",
  "spatial_extent": {
    "lon_range": [
      -127.99434012267557,
      -70.04035938033932
    ],
    "lat_range": [
      25.071537303344765,
      47.34614359838878
    ]
  },
  "summary": "NORMAL: Chl-a 2.48 mg/m\u00b3, 1 bloom pixels detected",
  "analysis_date": "2025-11-25 09:19:02"
}