{
  "total_pixels": 264,
  "good_quality_pixels": 182,
  "mean_chlorophyll": 2.523867559235862,
  "median_chlorophyll": 1.7197152771394224,
  "std_chlorophyll": 2.228520473466824,
  "min_chlorophyll": 0.25778664500836446,
  "max_chlorophyll": 12.0,
  "mean_sst": 19.57632634478852,
  "sst_range": [
    12.107908357763272,
    27.982787200883507
  ],
  "bloom_count": 4,
  "bloom_percentage": 2.197802197802198,
  "bloom_locations": [
    {
      "region": "Pacific Coast",
      "bloom_pixels": 4
    }
  ],
  "productivity_distribution": {
    "high": 129,
    "medium": 53
  },
  "regional_stats": {
    "Pacific Coast": {
      "mean_chlorophyll": 3.8510859597291063,
      "mean_sst": 15.067142880275025,
      "pixel_count": 68,
      "bloom_pixels": 4
    },
    "Gulf of Mexico": {
      "mean_chlorophyll": 2.2295935060044565,
      "mean_sst": 24.970614227973382,
      "pixel_count": 61,
      "bloom_pixels": 0
    },
    "Atlantic Coast": {
      "mean_chlorophyll": 1.1597140877938843,
      "mean_sst": 19.15317379219684,
      "pixel_count": 53,
      "bloom_pixels": 0
    }
  },
  "ocean_health_status": "NORMAL - Moderate productivity",
  "spatial_extent": {
    "lon_range": [
      -127.6322239797618,
      -70.10937148076484
    ],
    "lat_range": [
      25.045751794970627,
      47.47723441878963
    ]
  },
  "summary": "NORMAL: Chl-a 2.52 mg/m\u00b3, 4 bloom pixels detected",
  "analysis_date": "2025-10-23 15:16:17"
}