{
  "total_pixels": 264,
  "good_quality_pixels": 185,
  "mean_chlorophyll": 2.2848630965407137,
  "median_chlorophyll": 1.791253606390065,
  "std_chlorophyll": 1.7874764664508815,
  "min_chlorophyll": 0.2998881181926005,
  "max_chlorophyll": 9.739420938196796,
  "mean_sst": 20.412464603808985,
  "sst_range": [
    12.144213151220393,
    27.916156279582584
  ],
  "bloom_count": 0,
  "bloom_percentage": 0.0,
  "bloom_locations": [],
  "productivity_distribution": {
    "high": 131,
    "medium": 54
  },
  "regional_stats": {
    "Pacific Coast": {
      "mean_chlorophyll": 3.094671751237654,
      "mean_sst": 14.811409478554493,
      "pixel_count": 57,
      "bloom_pixels": 0
    },
    "Gulf of Mexico": {
      "mean_chlorophyll": 2.5485871334215595,
      "mean_sst": 25.207040734079122,
      "pixel_count": 74,
      "bloom_pixels": 0
    },
    "Atlantic Coast": {
      "mean_chlorophyll": 1.068665466042414,
      "mean_sst": 19.75434439083706,
      "pixel_count": 54,
      "bloom_pixels": 0
    }
  },
  "ocean_health_status": "NORMAL - Moderate productivity",
  "spatial_extent": {
    "lon_range": [
      -127.97682649048488,
      -70.00038713132597
    ],
    "lat_range": [
      25.114406189332612,
      47.400568964539
    ]
  },
  "summary": "NORMAL: Chl-a 2.28 mg/m\u00b3",
  "analysis_date": "2026-02-05 21:23:19"
}