{
  "total_pixels": 264,
  "good_quality_pixels": 179,
  "mean_chlorophyll": 2.3016821243895973,
  "median_chlorophyll": 1.745312247689301,
  "std_chlorophyll": 2.1062018591093445,
  "min_chlorophyll": 0.2,
  "max_chlorophyll": 12.0,
  "mean_sst": 20.4000520781889,
  "sst_range": [
    12.061447619284134,
    27.793385100893993
  ],
  "bloom_count": 4,
  "bloom_percentage": 2.2346368715083798,
  "bloom_locations": [
    {
      "region": "Gulf of Mexico",
      "bloom_pixels": 1
    },
    {
      "region": "Pacific Coast",
      "bloom_pixels": 3
    }
  ],
  "productivity_distribution": {
    "high": 120,
    "medium": 59
  },
  "regional_stats": {
    "Pacific Coast": {
      "mean_chlorophyll": 3.247547991623949,
      "mean_sst": 15.056974701317458,
      "pixel_count": 53,
      "bloom_pixels": 3
    },
    "Gulf of Mexico": {
      "mean_chlorophyll": 2.4755646159044127,
      "mean_sst": 24.850455592039566,
      "pixel_count": 67,
      "bloom_pixels": 1
    },
    "Atlantic Coast": {
      "mean_chlorophyll": 1.2545462278656452,
      "mean_sst": 20.145917595920974,
      "pixel_count": 59,
      "bloom_pixels": 0
    }
  },
  "ocean_health_status": "NORMAL - Moderate productivity",
  "spatial_extent": {
    "lon_range": [
      -127.99991241972462,
      -70.25418049036341
    ],
    "lat_range": [
      25.069217606580473,
      47.28188322188468
    ]
  },
  "summary": "NORMAL: Chl-a 2.30 mg/m\u00b3, 4 bloom pixels detected",
  "analysis_date": "2026-05-30 00:02:54"
}