{
  "total_pixels": 264,
  "good_quality_pixels": 164,
  "mean_chlorophyll": 2.7934324742907037,
  "median_chlorophyll": 2.2005334055459294,
  "std_chlorophyll": 2.241412443062913,
  "min_chlorophyll": 0.21213422383097633,
  "max_chlorophyll": 15.0,
  "mean_sst": 20.00811844669054,
  "sst_range": [
    12.140276303266232,
    27.88983659242237
  ],
  "bloom_count": 3,
  "bloom_percentage": 1.8292682926829267,
  "bloom_locations": [
    {
      "region": "Gulf of Mexico",
      "bloom_pixels": 1
    },
    {
      "region": "Pacific Coast",
      "bloom_pixels": 2
    }
  ],
  "productivity_distribution": {
    "high": 119,
    "medium": 45
  },
  "regional_stats": {
    "Pacific Coast": {
      "mean_chlorophyll": 3.740789597012133,
      "mean_sst": 15.060674218073489,
      "pixel_count": 61,
      "bloom_pixels": 2
    },
    "Gulf of Mexico": {
      "mean_chlorophyll": 2.8234637869979613,
      "mean_sst": 24.812532949731448,
      "pixel_count": 58,
      "bloom_pixels": 1
    },
    "Atlantic Coast": {
      "mean_chlorophyll": 1.4705302382234122,
      "mean_sst": 20.522297486007595,
      "pixel_count": 45,
      "bloom_pixels": 0
    }
  },
  "ocean_health_status": "NORMAL - Moderate productivity",
  "spatial_extent": {
    "lon_range": [
      -127.97196434319191,
      -70.1374384146266
    ],
    "lat_range": [
      25.10637779606937,
      47.40012016490308
    ]
  },
  "summary": "NORMAL: Chl-a 2.79 mg/m\u00b3, 3 bloom pixels detected",
  "analysis_date": "2026-01-12 21:16:26"
}