{
  "total_pixels": 264,
  "good_quality_pixels": 182,
  "mean_chlorophyll": 2.555177079956115,
  "median_chlorophyll": 1.9008093591137567,
  "std_chlorophyll": 2.184308072297185,
  "min_chlorophyll": 0.3309851244147164,
  "max_chlorophyll": 12.84262038291366,
  "mean_sst": 20.022041129558712,
  "sst_range": [
    12.036635505975298,
    27.939035292943707
  ],
  "bloom_count": 2,
  "bloom_percentage": 1.098901098901099,
  "bloom_locations": [
    {
      "region": "Gulf of Mexico",
      "bloom_pixels": 2
    }
  ],
  "productivity_distribution": {
    "high": 124,
    "medium": 58
  },
  "regional_stats": {
    "Pacific Coast": {
      "mean_chlorophyll": 3.4902106983453547,
      "mean_sst": 15.09296605349493,
      "pixel_count": 63,
      "bloom_pixels": 0
    },
    "Gulf of Mexico": {
      "mean_chlorophyll": 2.9198091075105816,
      "mean_sst": 25.02898813423596,
      "pixel_count": 61,
      "bloom_pixels": 2
    },
    "Atlantic Coast": {
      "mean_chlorophyll": 1.1560448103122425,
      "mean_sst": 20.110109448639854,
      "pixel_count": 58,
      "bloom_pixels": 0
    }
  },
  "ocean_health_status": "NORMAL - Moderate productivity",
  "spatial_extent": {
    "lon_range": [
      -127.98152360203557,
      -70.09153805877472
    ],
    "lat_range": [
      25.016262278240255,
      47.48791981783759
    ]
  },
  "summary": "NORMAL: Chl-a 2.56 mg/m\u00b3, 2 bloom pixels detected",
  "analysis_date": "2026-04-21 20:59:54"
}