{
  "total_pixels": 264,
  "good_quality_pixels": 179,
  "mean_chlorophyll": 2.3861454601020773,
  "median_chlorophyll": 1.670613851474462,
  "std_chlorophyll": 1.9854358361250075,
  "min_chlorophyll": 0.2,
  "max_chlorophyll": 10.581796456985591,
  "mean_sst": 20.109423400233986,
  "sst_range": [
    12.171417583338812,
    27.93277415770504
  ],
  "bloom_count": 1,
  "bloom_percentage": 0.5586592178770949,
  "bloom_locations": [
    {
      "region": "Gulf of Mexico",
      "bloom_pixels": 1
    }
  ],
  "productivity_distribution": {
    "high": 128,
    "medium": 51
  },
  "regional_stats": {
    "Pacific Coast": {
      "mean_chlorophyll": 3.112338194790603,
      "mean_sst": 14.731289633772118,
      "pixel_count": 60,
      "bloom_pixels": 0
    },
    "Gulf of Mexico": {
      "mean_chlorophyll": 2.682602365389261,
      "mean_sst": 24.77827876783669,
      "pixel_count": 68,
      "bloom_pixels": 1
    },
    "Atlantic Coast": {
      "mean_chlorophyll": 1.1365251926346271,
      "mean_sst": 20.211499105934546,
      "pixel_count": 51,
      "bloom_pixels": 0
    }
  },
  "ocean_health_status": "NORMAL - Moderate productivity",
  "spatial_extent": {
    "lon_range": [
      -127.89362972030014,
      -70.00245117466072
    ],
    "lat_range": [
      25.08997713416094,
      47.3940637230669
    ]
  },
  "summary": "NORMAL: Chl-a 2.39 mg/m\u00b3, 1 bloom pixels detected",
  "analysis_date": "2026-03-26 16:08:28"
}