{
  "total_pixels": 264,
  "good_quality_pixels": 200,
  "mean_chlorophyll": 2.5023147390727676,
  "median_chlorophyll": 1.751276611796262,
  "std_chlorophyll": 2.2415962293170413,
  "min_chlorophyll": 0.26279952664886735,
  "max_chlorophyll": 11.941733262510825,
  "mean_sst": 20.510273410239474,
  "sst_range": [
    12.247475711323775,
    27.93143417074178
  ],
  "bloom_count": 4,
  "bloom_percentage": 2.0,
  "bloom_locations": [
    {
      "region": "Gulf of Mexico",
      "bloom_pixels": 2
    },
    {
      "region": "Pacific Coast",
      "bloom_pixels": 2
    }
  ],
  "productivity_distribution": {
    "high": 140,
    "medium": 60
  },
  "regional_stats": {
    "Pacific Coast": {
      "mean_chlorophyll": 3.675411862412546,
      "mean_sst": 14.991463297933889,
      "pixel_count": 59,
      "bloom_pixels": 2
    },
    "Gulf of Mexico": {
      "mean_chlorophyll": 2.674237484405735,
      "mean_sst": 25.230325901871666,
      "pixel_count": 81,
      "bloom_pixels": 2
    },
    "Atlantic Coast": {
      "mean_chlorophyll": 1.1166735282558136,
      "mean_sst": 19.565032490303167,
      "pixel_count": 60,
      "bloom_pixels": 0
    }
  },
  "ocean_health_status": "NORMAL - Moderate productivity",
  "spatial_extent": {
    "lon_range": [
      -127.98758786865952,
      -70.11454646495879
    ],
    "lat_range": [
      25.095916328576966,
      47.46611417538606
    ]
  },
  "summary": "NORMAL: Chl-a 2.50 mg/m\u00b3, 4 bloom pixels detected",
  "analysis_date": "2026-06-30 19:00:02"
}