{
  "total_pixels": 264,
  "good_quality_pixels": 191,
  "mean_chlorophyll": 2.7158760111031026,
  "median_chlorophyll": 2.0643765697120156,
  "std_chlorophyll": 2.1538456617405206,
  "min_chlorophyll": 0.30793315871070853,
  "max_chlorophyll": 10.225590141460355,
  "mean_sst": 19.995725528540113,
  "sst_range": [
    12.00469531892458,
    27.902446283460627
  ],
  "bloom_count": 2,
  "bloom_percentage": 1.0471204188481675,
  "bloom_locations": [
    {
      "region": "Pacific Coast",
      "bloom_pixels": 2
    }
  ],
  "productivity_distribution": {
    "high": 133,
    "medium": 58
  },
  "regional_stats": {
    "Pacific Coast": {
      "mean_chlorophyll": 3.799564168122321,
      "mean_sst": 15.101066393958096,
      "pixel_count": 68,
      "bloom_pixels": 2
    },
    "Gulf of Mexico": {
      "mean_chlorophyll": 2.68844637159946,
      "mean_sst": 25.22843698059721,
      "pixel_count": 65,
      "bloom_pixels": 0
    },
    "Atlantic Coast": {
      "mean_chlorophyll": 1.4760851816277567,
      "mean_sst": 19.87004581764125,
      "pixel_count": 58,
      "bloom_pixels": 0
    }
  },
  "ocean_health_status": "NORMAL - Moderate productivity",
  "spatial_extent": {
    "lon_range": [
      -127.9425516096496,
      -70.07334258825931
    ],
    "lat_range": [
      25.074293540477,
      47.43314456219147
    ]
  },
  "summary": "NORMAL: Chl-a 2.72 mg/m\u00b3, 2 bloom pixels detected",
  "analysis_date": "2026-05-16 17:58:56"
}