{
  "total_pixels": 264,
  "good_quality_pixels": 187,
  "mean_chlorophyll": 2.4872042384124007,
  "median_chlorophyll": 1.8259657398058535,
  "std_chlorophyll": 2.195338763898444,
  "min_chlorophyll": 0.2,
  "max_chlorophyll": 12.0,
  "mean_sst": 19.873720244301413,
  "sst_range": [
    12.18230833799526,
    27.972080352958187
  ],
  "bloom_count": 4,
  "bloom_percentage": 2.13903743315508,
  "bloom_locations": [
    {
      "region": "Gulf of Mexico",
      "bloom_pixels": 2
    },
    {
      "region": "Pacific Coast",
      "bloom_pixels": 2
    }
  ],
  "productivity_distribution": {
    "high": 125,
    "medium": 62
  },
  "regional_stats": {
    "Pacific Coast": {
      "mean_chlorophyll": 3.678393210388288,
      "mean_sst": 15.014358798486972,
      "pixel_count": 63,
      "bloom_pixels": 2
    },
    "Gulf of Mexico": {
      "mean_chlorophyll": 2.528330143497011,
      "mean_sst": 24.825341915533244,
      "pixel_count": 62,
      "bloom_pixels": 2
    },
    "Atlantic Coast": {
      "mean_chlorophyll": 1.2356766359974523,
      "mean_sst": 19.85983681639716,
      "pixel_count": 62,
      "bloom_pixels": 0
    }
  },
  "ocean_health_status": "NORMAL - Moderate productivity",
  "spatial_extent": {
    "lon_range": [
      -127.97640571904513,
      -70.02532642640358
    ],
    "lat_range": [
      25.025291398958725,
      47.33383656635549
    ]
  },
  "summary": "NORMAL: Chl-a 2.49 mg/m\u00b3, 4 bloom pixels detected",
  "analysis_date": "2026-03-17 09:51:40"
}