{
  "total_pixels": 264,
  "good_quality_pixels": 196,
  "mean_chlorophyll": 2.806600302247129,
  "median_chlorophyll": 1.9404508016303736,
  "std_chlorophyll": 2.7561896518596316,
  "min_chlorophyll": 0.2,
  "max_chlorophyll": 12.662617778084838,
  "mean_sst": 20.060852024773478,
  "sst_range": [
    12.03648941244414,
    27.929488931572543
  ],
  "bloom_count": 12,
  "bloom_percentage": 6.122448979591836,
  "bloom_locations": [
    {
      "region": "Gulf of Mexico",
      "bloom_pixels": 3
    },
    {
      "region": "Pacific Coast",
      "bloom_pixels": 9
    }
  ],
  "productivity_distribution": {
    "high": 138,
    "medium": 58
  },
  "regional_stats": {
    "Pacific Coast": {
      "mean_chlorophyll": 4.604051262321198,
      "mean_sst": 14.582681248015183,
      "pixel_count": 64,
      "bloom_pixels": 9
    },
    "Gulf of Mexico": {
      "mean_chlorophyll": 2.5006796127096194,
      "mean_sst": 24.771153242923752,
      "pixel_count": 74,
      "bloom_pixels": 3
    },
    "Atlantic Coast": {
      "mean_chlorophyll": 1.2135187432994623,
      "mean_sst": 20.09603546562536,
      "pixel_count": 58,
      "bloom_pixels": 0
    }
  },
  "ocean_health_status": "WARNING - Elevated bloom risk",
  "spatial_extent": {
    "lon_range": [
      -127.95195602731407,
      -70.03443033372102
    ],
    "lat_range": [
      25.003964042893166,
      47.230058841750875
    ]
  },
  "summary": "WARNING: Chl-a 2.81 mg/m\u00b3, 12 bloom pixels detected",
  "analysis_date": "2025-12-02 09:21:46"
}