{
  "total_pixels": 264,
  "good_quality_pixels": 187,
  "mean_chlorophyll": 2.7257756614617143,
  "median_chlorophyll": 2.1773619530928925,
  "std_chlorophyll": 2.2834790567004495,
  "min_chlorophyll": 0.29897603239300913,
  "max_chlorophyll": 15.0,
  "mean_sst": 19.99559866754784,
  "sst_range": [
    12.075849372429941,
    27.86392667909221
  ],
  "bloom_count": 4,
  "bloom_percentage": 2.13903743315508,
  "bloom_locations": [
    {
      "region": "Gulf of Mexico",
      "bloom_pixels": 2
    },
    {
      "region": "Pacific Coast",
      "bloom_pixels": 2
    }
  ],
  "productivity_distribution": {
    "high": 125,
    "medium": 62
  },
  "regional_stats": {
    "Pacific Coast": {
      "mean_chlorophyll": 3.7906663246435484,
      "mean_sst": 15.052600476065845,
      "pixel_count": 64,
      "bloom_pixels": 2
    },
    "Gulf of Mexico": {
      "mean_chlorophyll": 2.9978007814156187,
      "mean_sst": 25.025739667556458,
      "pixel_count": 61,
      "bloom_pixels": 2
    },
    "Atlantic Coast": {
      "mean_chlorophyll": 1.3588960685451732,
      "mean_sst": 20.14903872003688,
      "pixel_count": 62,
      "bloom_pixels": 0
    }
  },
  "ocean_health_status": "NORMAL - Moderate productivity",
  "spatial_extent": {
    "lon_range": [
      -127.94047923180867,
      -70.06295328940726
    ],
    "lat_range": [
      25.127383280371987,
      46.90985491559049
    ]
  },
  "summary": "NORMAL: Chl-a 2.73 mg/m\u00b3, 4 bloom pixels detected",
  "analysis_date": "2026-04-17 05:21:44"
}