{
  "total_pixels": 264,
  "good_quality_pixels": 182,
  "mean_chlorophyll": 2.696580059234741,
  "median_chlorophyll": 1.9043504948467547,
  "std_chlorophyll": 2.555358182797458,
  "min_chlorophyll": 0.2,
  "max_chlorophyll": 15.0,
  "mean_sst": 20.05922187187614,
  "sst_range": [
    12.128844843222405,
    27.827438832789603
  ],
  "bloom_count": 4,
  "bloom_percentage": 2.197802197802198,
  "bloom_locations": [
    {
      "region": "Gulf of Mexico",
      "bloom_pixels": 3
    },
    {
      "region": "Pacific Coast",
      "bloom_pixels": 1
    }
  ],
  "productivity_distribution": {
    "high": 123,
    "medium": 59
  },
  "regional_stats": {
    "Pacific Coast": {
      "mean_chlorophyll": 3.6884268865064853,
      "mean_sst": 15.0585545135647,
      "pixel_count": 61,
      "bloom_pixels": 1
    },
    "Gulf of Mexico": {
      "mean_chlorophyll": 3.174151387861619,
      "mean_sst": 25.166182037006642,
      "pixel_count": 62,
      "bloom_pixels": 3
    },
    "Atlantic Coast": {
      "mean_chlorophyll": 1.1692566890916423,
      "mean_sst": 19.862767272196592,
      "pixel_count": 59,
      "bloom_pixels": 0
    }
  },
  "ocean_health_status": "NORMAL - Moderate productivity",
  "spatial_extent": {
    "lon_range": [
      -127.99722703991738,
      -70.20344806354778
    ],
    "lat_range": [
      25.18973779735821,
      47.47935385117549
    ]
  },
  "summary": "NORMAL: Chl-a 2.70 mg/m\u00b3, 4 bloom pixels detected",
  "analysis_date": "2026-04-23 15:17:39"
}