{
  "total_pixels": 264,
  "good_quality_pixels": 182,
  "mean_chlorophyll": 2.568365927046125,
  "median_chlorophyll": 1.9469477952155456,
  "std_chlorophyll": 2.1417254278157465,
  "min_chlorophyll": 0.2,
  "max_chlorophyll": 11.760548405255697,
  "mean_sst": 19.987263250438584,
  "sst_range": [
    12.130061686214033,
    27.90736492983364
  ],
  "bloom_count": 2,
  "bloom_percentage": 1.098901098901099,
  "bloom_locations": [
    {
      "region": "Gulf of Mexico",
      "bloom_pixels": 1
    },
    {
      "region": "Pacific Coast",
      "bloom_pixels": 1
    }
  ],
  "productivity_distribution": {
    "high": 129,
    "medium": 53
  },
  "regional_stats": {
    "Pacific Coast": {
      "mean_chlorophyll": 3.6391476251839645,
      "mean_sst": 15.183897237988194,
      "pixel_count": 65,
      "bloom_pixels": 1
    },
    "Gulf of Mexico": {
      "mean_chlorophyll": 2.4513500733511426,
      "mean_sst": 24.850348442231155,
      "pixel_count": 64,
      "bloom_pixels": 1
    },
    "Atlantic Coast": {
      "mean_chlorophyll": 1.3964452526596964,
      "mean_sst": 20.005779071845204,
      "pixel_count": 53,
      "bloom_pixels": 0
    }
  },
  "ocean_health_status": "NORMAL - Moderate productivity",
  "spatial_extent": {
    "lon_range": [
      -127.82480541693532,
      -70.04910474853706
    ],
    "lat_range": [
      25.141353209361743,
      47.44190553440663
    ]
  },
  "summary": "NORMAL: Chl-a 2.57 mg/m\u00b3, 2 bloom pixels detected",
  "analysis_date": "2025-12-23 09:21:11"
}