{
  "total_pixels": 264,
  "good_quality_pixels": 159,
  "mean_chlorophyll": 2.526533258981135,
  "median_chlorophyll": 1.7101022776369381,
  "std_chlorophyll": 2.261861461678915,
  "min_chlorophyll": 0.28440845322700375,
  "max_chlorophyll": 12.0,
  "mean_sst": 19.65619944437693,
  "sst_range": [
    12.032482052155455,
    27.98979471954072
  ],
  "bloom_count": 3,
  "bloom_percentage": 1.8867924528301887,
  "bloom_locations": [
    {
      "region": "Pacific Coast",
      "bloom_pixels": 3
    }
  ],
  "productivity_distribution": {
    "high": 109,
    "medium": 50
  },
  "regional_stats": {
    "Pacific Coast": {
      "mean_chlorophyll": 3.7940508026467876,
      "mean_sst": 14.851036620351724,
      "pixel_count": 59,
      "bloom_pixels": 3
    },
    "Gulf of Mexico": {
      "mean_chlorophyll": 2.555817451672441,
      "mean_sst": 24.80649244849872,
      "pixel_count": 50,
      "bloom_pixels": 0
    },
    "Atlantic Coast": {
      "mean_chlorophyll": 1.001578364764358,
      "mean_sst": 20.17599857260489,
      "pixel_count": 50,
      "bloom_pixels": 0
    }
  },
  "ocean_health_status": "NORMAL - Moderate productivity",
  "spatial_extent": {
    "lon_range": [
      -127.93196216574755,
      -70.5485237078128
    ],
    "lat_range": [
      25.1475053626564,
      47.33052561858535
    ]
  },
  "summary": "NORMAL: Chl-a 2.53 mg/m\u00b3, 3 bloom pixels detected",
  "analysis_date": "2026-01-21 15:27:06"
}