{
  "total_pixels": 264,
  "good_quality_pixels": 195,
  "mean_chlorophyll": 2.6095541422283413,
  "median_chlorophyll": 1.962844814159858,
  "std_chlorophyll": 2.186600881631174,
  "min_chlorophyll": 0.304395515456375,
  "max_chlorophyll": 13.826017254144125,
  "mean_sst": 20.284129342686338,
  "sst_range": [
    12.002984532989206,
    27.863600092994066
  ],
  "bloom_count": 2,
  "bloom_percentage": 1.0256410256410255,
  "bloom_locations": [
    {
      "region": "Gulf of Mexico",
      "bloom_pixels": 1
    },
    {
      "region": "Pacific Coast",
      "bloom_pixels": 1
    }
  ],
  "productivity_distribution": {
    "high": 140,
    "medium": 55
  },
  "regional_stats": {
    "Pacific Coast": {
      "mean_chlorophyll": 3.714394107989517,
      "mean_sst": 15.04652872120796,
      "pixel_count": 66,
      "bloom_pixels": 1
    },
    "Gulf of Mexico": {
      "mean_chlorophyll": 2.526077738989249,
      "mean_sst": 24.88095172327635,
      "pixel_count": 74,
      "bloom_pixels": 1
    },
    "Atlantic Coast": {
      "mean_chlorophyll": 1.3960598894911633,
      "mean_sst": 20.38443452184838,
      "pixel_count": 55,
      "bloom_pixels": 0
    }
  },
  "ocean_health_status": "NORMAL - Moderate productivity",
  "spatial_extent": {
    "lon_range": [
      -127.96377043562525,
      -70.04093303211303
    ],
    "lat_range": [
      25.04452091195077,
      47.32875813002138
    ]
  },
  "summary": "NORMAL: Chl-a 2.61 mg/m\u00b3, 2 bloom pixels detected",
  "analysis_date": "2026-03-22 04:49:08"
}