{
  "total_pixels": 264,
  "good_quality_pixels": 198,
  "mean_chlorophyll": 2.4809600812132944,
  "median_chlorophyll": 1.9132349091620915,
  "std_chlorophyll": 2.104004926923166,
  "min_chlorophyll": 0.24985085859533998,
  "max_chlorophyll": 12.0,
  "mean_sst": 20.35136852192174,
  "sst_range": [
    12.024000736879275,
    27.95700514115658
  ],
  "bloom_count": 2,
  "bloom_percentage": 1.0101010101010102,
  "bloom_locations": [
    {
      "region": "Gulf of Mexico",
      "bloom_pixels": 1
    },
    {
      "region": "Pacific Coast",
      "bloom_pixels": 1
    }
  ],
  "productivity_distribution": {
    "high": 138,
    "medium": 60
  },
  "regional_stats": {
    "Pacific Coast": {
      "mean_chlorophyll": 3.376194517965688,
      "mean_sst": 15.180030487334141,
      "pixel_count": 67,
      "bloom_pixels": 1
    },
    "Gulf of Mexico": {
      "mean_chlorophyll": 2.682707285972494,
      "mean_sst": 25.090981950980225,
      "pixel_count": 71,
      "bloom_pixels": 1
    },
    "Atlantic Coast": {
      "mean_chlorophyll": 1.2425474345414023,
      "mean_sst": 20.517486769492013,
      "pixel_count": 60,
      "bloom_pixels": 0
    }
  },
  "ocean_health_status": "NORMAL - Moderate productivity",
  "spatial_extent": {
    "lon_range": [
      -127.97039813026768,
      -70.01727998480293
    ],
    "lat_range": [
      25.122280166836752,
      47.498323111915326
    ]
  },
  "summary": "NORMAL: Chl-a 2.48 mg/m\u00b3, 2 bloom pixels detected",
  "analysis_date": "2025-12-19 09:19:45"
}