{
  "total_pixels": 264,
  "good_quality_pixels": 187,
  "mean_chlorophyll": 2.529373875895917,
  "median_chlorophyll": 2.032115796831019,
  "std_chlorophyll": 2.121321058467982,
  "min_chlorophyll": 0.2,
  "max_chlorophyll": 15.0,
  "mean_sst": 19.87103036178087,
  "sst_range": [
    12.019117892375979,
    27.855201708915207
  ],
  "bloom_count": 2,
  "bloom_percentage": 1.06951871657754,
  "bloom_locations": [
    {
      "region": "Gulf of Mexico",
      "bloom_pixels": 1
    },
    {
      "region": "Pacific Coast",
      "bloom_pixels": 1
    }
  ],
  "productivity_distribution": {
    "high": 134,
    "medium": 53
  },
  "regional_stats": {
    "Pacific Coast": {
      "mean_chlorophyll": 3.3616935877235457,
      "mean_sst": 14.798262740832813,
      "pixel_count": 68,
      "bloom_pixels": 1
    },
    "Gulf of Mexico": {
      "mean_chlorophyll": 2.4945886187058526,
      "mean_sst": 24.929581665211856,
      "pixel_count": 66,
      "bloom_pixels": 1
    },
    "Atlantic Coast": {
      "mean_chlorophyll": 1.5048094715613027,
      "mean_sst": 20.08015889381905,
      "pixel_count": 53,
      "bloom_pixels": 0
    }
  },
  "ocean_health_status": "NORMAL - Moderate productivity",
  "spatial_extent": {
    "lon_range": [
      -127.92181488784114,
      -70.03473470209572
    ],
    "lat_range": [
      25.01830670176245,
      46.92580247246615
    ]
  },
  "summary": "NORMAL: Chl-a 2.53 mg/m\u00b3, 2 bloom pixels detected",
  "analysis_date": "2026-03-23 15:56:17"
}