{
  "total_pixels": 264,
  "good_quality_pixels": 181,
  "mean_chlorophyll": 2.831910602557483,
  "median_chlorophyll": 2.1306082955136505,
  "std_chlorophyll": 2.6450818619482925,
  "min_chlorophyll": 0.2738315079067248,
  "max_chlorophyll": 15.0,
  "mean_sst": 20.332010954192615,
  "sst_range": [
    12.028273822001221,
    27.929591167070633
  ],
  "bloom_count": 6,
  "bloom_percentage": 3.314917127071823,
  "bloom_locations": [
    {
      "region": "Gulf of Mexico",
      "bloom_pixels": 4
    },
    {
      "region": "Pacific Coast",
      "bloom_pixels": 2
    }
  ],
  "productivity_distribution": {
    "high": 130,
    "medium": 51
  },
  "regional_stats": {
    "Pacific Coast": {
      "mean_chlorophyll": 3.7735989427890955,
      "mean_sst": 15.077044447411364,
      "pixel_count": 62,
      "bloom_pixels": 2
    },
    "Gulf of Mexico": {
      "mean_chlorophyll": 3.241924935347109,
      "mean_sst": 25.33007866123423,
      "pixel_count": 68,
      "bloom_pixels": 4
    },
    "Atlantic Coast": {
      "mean_chlorophyll": 1.1404272354191585,
      "mean_sst": 20.056311333439833,
      "pixel_count": 51,
      "bloom_pixels": 0
    }
  },
  "ocean_health_status": "NORMAL - Moderate productivity",
  "spatial_extent": {
    "lon_range": [
      -127.97681166812286,
      -70.60882666571611
    ],
    "lat_range": [
      25.01179777728455,
      47.40006326077021
    ]
  },
  "summary": "NORMAL: Chl-a 2.83 mg/m\u00b3, 6 bloom pixels detected",
  "analysis_date": "2026-06-08 23:57:33"
}