{
  "total_pixels": 264,
  "good_quality_pixels": 188,
  "mean_chlorophyll": 2.5840126937875003,
  "median_chlorophyll": 2.0557205685227946,
  "std_chlorophyll": 2.1170666291281566,
  "min_chlorophyll": 0.20328533568206347,
  "max_chlorophyll": 12.976741182104478,
  "mean_sst": 19.893086847900076,
  "sst_range": [
    12.059140944664227,
    27.76549453907274
  ],
  "bloom_count": 3,
  "bloom_percentage": 1.5957446808510638,
  "bloom_locations": [
    {
      "region": "Gulf of Mexico",
      "bloom_pixels": 3
    }
  ],
  "productivity_distribution": {
    "high": 134,
    "medium": 54
  },
  "regional_stats": {
    "Pacific Coast": {
      "mean_chlorophyll": 3.117786132151039,
      "mean_sst": 14.869175867578395,
      "pixel_count": 67,
      "bloom_pixels": 0
    },
    "Gulf of Mexico": {
      "mean_chlorophyll": 3.087913696124338,
      "mean_sst": 24.911780307011096,
      "pixel_count": 67,
      "bloom_pixels": 3
    },
    "Atlantic Coast": {
      "mean_chlorophyll": 1.2965277395851829,
      "mean_sst": 19.899560439031827,
      "pixel_count": 54,
      "bloom_pixels": 0
    }
  },
  "ocean_health_status": "NORMAL - Moderate productivity",
  "spatial_extent": {
    "lon_range": [
      -127.89270123536703,
      -70.112080775728
    ],
    "lat_range": [
      25.074579708853474,
      47.33468291622993
    ]
  },
  "summary": "NORMAL: Chl-a 2.58 mg/m\u00b3, 3 bloom pixels detected",
  "analysis_date": "2025-12-01 09:23:23"
}