{
  "total_pixels": 264,
  "good_quality_pixels": 179,
  "mean_chlorophyll": 2.6662248354769593,
  "median_chlorophyll": 1.928231627327007,
  "std_chlorophyll": 2.363931697702065,
  "min_chlorophyll": 0.3234589267880168,
  "max_chlorophyll": 14.287915187033244,
  "mean_sst": 20.151233490184715,
  "sst_range": [
    12.110437825988,
    27.99302703393937
  ],
  "bloom_count": 2,
  "bloom_percentage": 1.1173184357541899,
  "bloom_locations": [
    {
      "region": "Gulf of Mexico",
      "bloom_pixels": 1
    },
    {
      "region": "Pacific Coast",
      "bloom_pixels": 1
    }
  ],
  "productivity_distribution": {
    "high": 125,
    "medium": 54
  },
  "regional_stats": {
    "Pacific Coast": {
      "mean_chlorophyll": 3.737131625779474,
      "mean_sst": 14.727723586515582,
      "pixel_count": 60,
      "bloom_pixels": 1
    },
    "Gulf of Mexico": {
      "mean_chlorophyll": 2.9300035187412297,
      "mean_sst": 25.249521343772265,
      "pixel_count": 65,
      "bloom_pixels": 1
    },
    "Atlantic Coast": {
      "mean_chlorophyll": 1.1588170238042084,
      "mean_sst": 20.040527633461696,
      "pixel_count": 54,
      "bloom_pixels": 0
    }
  },
  "ocean_health_status": "NORMAL - Moderate productivity",
  "spatial_extent": {
    "lon_range": [
      -127.96417571504142,
      -70.03767999377015
    ],
    "lat_range": [
      25.13575908013889,
      47.17579433380067
    ]
  },
  "summary": "NORMAL: Chl-a 2.67 mg/m\u00b3, 2 bloom pixels detected",
  "analysis_date": "2026-05-10 19:53:21"
}