{
  "total_pixels": 264,
  "good_quality_pixels": 189,
  "mean_chlorophyll": 2.4614384271201253,
  "median_chlorophyll": 1.7167715345884826,
  "std_chlorophyll": 2.241671874533772,
  "min_chlorophyll": 0.2,
  "max_chlorophyll": 12.0,
  "mean_sst": 20.552816968630413,
  "sst_range": [
    12.086289231138274,
    27.983409307647477
  ],
  "bloom_count": 2,
  "bloom_percentage": 1.0582010582010581,
  "bloom_locations": [
    {
      "region": "Pacific Coast",
      "bloom_pixels": 2
    }
  ],
  "productivity_distribution": {
    "high": 134,
    "medium": 55
  },
  "regional_stats": {
    "Pacific Coast": {
      "mean_chlorophyll": 3.588180791223682,
      "mean_sst": 15.23152888623467,
      "pixel_count": 63,
      "bloom_pixels": 2
    },
    "Gulf of Mexico": {
      "mean_chlorophyll": 2.4536514574362687,
      "mean_sst": 25.195557128030572,
      "pixel_count": 71,
      "bloom_pixels": 0
    },
    "Atlantic Coast": {
      "mean_chlorophyll": 1.1808585345570302,
      "mean_sst": 20.65475511178534,
      "pixel_count": 55,
      "bloom_pixels": 0
    }
  },
  "ocean_health_status": "NORMAL - Moderate productivity",
  "spatial_extent": {
    "lon_range": [
      -127.99145772842309,
      -70.00975701205745
    ],
    "lat_range": [
      25.230905810788972,
      47.393356098195106
    ]
  },
  "summary": "NORMAL: Chl-a 2.46 mg/m\u00b3, 2 bloom pixels detected",
  "analysis_date": "2026-03-11 15:42:32"
}