{
  "total_pixels": 264,
  "good_quality_pixels": 185,
  "mean_chlorophyll": 2.5788409295201893,
  "median_chlorophyll": 2.0283183265055946,
  "std_chlorophyll": 2.2330059640664364,
  "min_chlorophyll": 0.2,
  "max_chlorophyll": 12.0,
  "mean_sst": 19.981975840631346,
  "sst_range": [
    12.003068348033295,
    27.932237265556292
  ],
  "bloom_count": 3,
  "bloom_percentage": 1.6216216216216217,
  "bloom_locations": [
    {
      "region": "Pacific Coast",
      "bloom_pixels": 3
    }
  ],
  "productivity_distribution": {
    "high": 126,
    "medium": 59
  },
  "regional_stats": {
    "Pacific Coast": {
      "mean_chlorophyll": 4.005656598473795,
      "mean_sst": 14.975240411338323,
      "pixel_count": 64,
      "bloom_pixels": 3
    },
    "Gulf of Mexico": {
      "mean_chlorophyll": 2.246777343653341,
      "mean_sst": 25.068568951013358,
      "pixel_count": 62,
      "bloom_pixels": 0
    },
    "Atlantic Coast": {
      "mean_chlorophyll": 1.3800568534305917,
      "mean_sst": 20.06777744454777,
      "pixel_count": 59,
      "bloom_pixels": 0
    }
  },
  "ocean_health_status": "NORMAL - Moderate productivity",
  "spatial_extent": {
    "lon_range": [
      -127.93845071567416,
      -70.06532092993831
    ],
    "lat_range": [
      25.070590697707523,
      47.42563380053455
    ]
  },
  "summary": "NORMAL: Chl-a 2.58 mg/m\u00b3, 3 bloom pixels detected",
  "analysis_date": "2026-04-23 11:15:13"
}