{
  "total_pixels": 264,
  "good_quality_pixels": 193,
  "mean_chlorophyll": 2.631341571374206,
  "median_chlorophyll": 2.114251046343116,
  "std_chlorophyll": 2.1757080482769147,
  "min_chlorophyll": 0.2,
  "max_chlorophyll": 13.878071081060849,
  "mean_sst": 20.118941411154395,
  "sst_range": [
    12.08560826896152,
    27.99930489247246
  ],
  "bloom_count": 2,
  "bloom_percentage": 1.0362694300518136,
  "bloom_locations": [
    {
      "region": "Gulf of Mexico",
      "bloom_pixels": 1
    },
    {
      "region": "Pacific Coast",
      "bloom_pixels": 1
    }
  ],
  "productivity_distribution": {
    "high": 135,
    "medium": 58
  },
  "regional_stats": {
    "Pacific Coast": {
      "mean_chlorophyll": 3.6547692717022042,
      "mean_sst": 15.063969820273334,
      "pixel_count": 66,
      "bloom_pixels": 1
    },
    "Gulf of Mexico": {
      "mean_chlorophyll": 2.93210505577823,
      "mean_sst": 25.167211293451096,
      "pixel_count": 69,
      "bloom_pixels": 1
    },
    "Atlantic Coast": {
      "mean_chlorophyll": 1.1089465947272132,
      "mean_sst": 19.8654500856316,
      "pixel_count": 58,
      "bloom_pixels": 0
    }
  },
  "ocean_health_status": "NORMAL - Moderate productivity",
  "spatial_extent": {
    "lon_range": [
      -127.91643992382565,
      -70.2262436354272
    ],
    "lat_range": [
      25.023035578527985,
      47.256636204551825
    ]
  },
  "summary": "NORMAL: Chl-a 2.63 mg/m\u00b3, 2 bloom pixels detected",
  "analysis_date": "2026-02-18 21:30:42"
}