{
  "total_pixels": 264,
  "good_quality_pixels": 196,
  "mean_chlorophyll": 2.46578759423825,
  "median_chlorophyll": 1.818853478717635,
  "std_chlorophyll": 2.2664158669957826,
  "min_chlorophyll": 0.2,
  "max_chlorophyll": 15.0,
  "mean_sst": 20.416036684350807,
  "sst_range": [
    12.011568584630606,
    27.982830515197605
  ],
  "bloom_count": 3,
  "bloom_percentage": 1.530612244897959,
  "bloom_locations": [
    {
      "region": "Gulf of Mexico",
      "bloom_pixels": 3
    }
  ],
  "productivity_distribution": {
    "high": 138,
    "medium": 58
  },
  "regional_stats": {
    "Pacific Coast": {
      "mean_chlorophyll": 3.273473588060858,
      "mean_sst": 15.20139640182434,
      "pixel_count": 64,
      "bloom_pixels": 0
    },
    "Gulf of Mexico": {
      "mean_chlorophyll": 2.8017764738581827,
      "mean_sst": 25.254254315025154,
      "pixel_count": 74,
      "bloom_pixels": 3
    },
    "Atlantic Coast": {
      "mean_chlorophyll": 1.1458724098154587,
      "mean_sst": 19.997224156967913,
      "pixel_count": 58,
      "bloom_pixels": 0
    }
  },
  "ocean_health_status": "NORMAL - Moderate productivity",
  "spatial_extent": {
    "lon_range": [
      -127.89890653940792,
      -70.07794318119039
    ],
    "lat_range": [
      25.028353512499166,
      47.482514719461804
    ]
  },
  "summary": "NORMAL: Chl-a 2.47 mg/m\u00b3, 3 bloom pixels detected",
  "analysis_date": "2026-02-15 21:19:50"
}