{
  "total_pixels": 264,
  "good_quality_pixels": 183,
  "mean_chlorophyll": 2.5838301777675996,
  "median_chlorophyll": 2.0187881773955345,
  "std_chlorophyll": 2.008062700169483,
  "min_chlorophyll": 0.2794157564814456,
  "max_chlorophyll": 12.67398802870045,
  "mean_sst": 20.186079038117263,
  "sst_range": [
    12.131578517904737,
    27.98275036818951
  ],
  "bloom_count": 2,
  "bloom_percentage": 1.092896174863388,
  "bloom_locations": [
    {
      "region": "Gulf of Mexico",
      "bloom_pixels": 2
    }
  ],
  "productivity_distribution": {
    "high": 131,
    "medium": 52
  },
  "regional_stats": {
    "Pacific Coast": {
      "mean_chlorophyll": 3.137187674229657,
      "mean_sst": 15.063572992608915,
      "pixel_count": 64,
      "bloom_pixels": 0
    },
    "Gulf of Mexico": {
      "mean_chlorophyll": 2.9006184772195662,
      "mean_sst": 25.122770892064068,
      "pixel_count": 67,
      "bloom_pixels": 2
    },
    "Atlantic Coast": {
      "mean_chlorophyll": 1.4946052578281113,
      "mean_sst": 20.129964282311462,
      "pixel_count": 52,
      "bloom_pixels": 0
    }
  },
  "ocean_health_status": "NORMAL - Moderate productivity",
  "spatial_extent": {
    "lon_range": [
      -127.82014650030642,
      -70.00739325846952
    ],
    "lat_range": [
      25.032562366561727,
      47.38870366613036
    ]
  },
  "summary": "NORMAL: Chl-a 2.58 mg/m\u00b3, 2 bloom pixels detected",
  "analysis_date": "2026-05-21 19:02:17"
}