{
  "total_pixels": 264,
  "good_quality_pixels": 202,
  "mean_chlorophyll": 2.7029466186756435,
  "median_chlorophyll": 2.0535711437449855,
  "std_chlorophyll": 2.2815294077266057,
  "min_chlorophyll": 0.24308468724844515,
  "max_chlorophyll": 15.0,
  "mean_sst": 20.111246061604803,
  "sst_range": [
    12.057524306244016,
    27.975914266521972
  ],
  "bloom_count": 3,
  "bloom_percentage": 1.4851485148514851,
  "bloom_locations": [
    {
      "region": "Gulf of Mexico",
      "bloom_pixels": 1
    },
    {
      "region": "Pacific Coast",
      "bloom_pixels": 2
    }
  ],
  "productivity_distribution": {
    "high": 141,
    "medium": 61
  },
  "regional_stats": {
    "Pacific Coast": {
      "mean_chlorophyll": 3.9471987698816307,
      "mean_sst": 14.884350567480523,
      "pixel_count": 70,
      "bloom_pixels": 2
    },
    "Gulf of Mexico": {
      "mean_chlorophyll": 2.6765921446840677,
      "mean_sst": 25.145722226929088,
      "pixel_count": 71,
      "bloom_pixels": 1
    },
    "Atlantic Coast": {
      "mean_chlorophyll": 1.3057911607901143,
      "mean_sst": 20.24952273128801,
      "pixel_count": 61,
      "bloom_pixels": 0
    }
  },
  "ocean_health_status": "NORMAL - Moderate productivity",
  "spatial_extent": {
    "lon_range": [
      -127.97419898705134,
      -70.00901635806981
    ],
    "lat_range": [
      25.0446643122169,
      47.44499358762867
    ]
  },
  "summary": "NORMAL: Chl-a 2.70 mg/m\u00b3, 3 bloom pixels detected",
  "analysis_date": "2026-01-26 09:29:59"
}