{
  "total_pixels": 264,
  "good_quality_pixels": 198,
  "mean_chlorophyll": 2.5351172237858055,
  "median_chlorophyll": 1.9663150743746627,
  "std_chlorophyll": 2.1173844016974264,
  "min_chlorophyll": 0.2,
  "max_chlorophyll": 15.0,
  "mean_sst": 19.990990249363776,
  "sst_range": [
    12.084915742011498,
    27.97622073071102
  ],
  "bloom_count": 1,
  "bloom_percentage": 0.5050505050505051,
  "bloom_locations": [
    {
      "region": "Gulf of Mexico",
      "bloom_pixels": 1
    }
  ],
  "productivity_distribution": {
    "high": 134,
    "medium": 64
  },
  "regional_stats": {
    "Pacific Coast": {
      "mean_chlorophyll": 3.724009106999076,
      "mean_sst": 14.888083043479888,
      "pixel_count": 66,
      "bloom_pixels": 0
    },
    "Gulf of Mexico": {
      "mean_chlorophyll": 2.6885782220613956,
      "mean_sst": 25.109677673743274,
      "pixel_count": 68,
      "bloom_pixels": 1
    },
    "Atlantic Coast": {
      "mean_chlorophyll": 1.1460201585543057,
      "mean_sst": 19.814757917028327,
      "pixel_count": 64,
      "bloom_pixels": 0
    }
  },
  "ocean_health_status": "NORMAL - Moderate productivity",
  "spatial_extent": {
    "lon_range": [
      -127.99498528306,
      -70.00361861495652
    ],
    "lat_range": [
      25.023471048615757,
      47.120434581037664
    ]
  },
  "summary": "NORMAL: Chl-a 2.54 mg/m\u00b3, 1 bloom pixels detected",
  "analysis_date": "2026-04-17 08:22:15"
}