{
  "total_pixels": 264,
  "good_quality_pixels": 182,
  "mean_chlorophyll": 2.533296960476521,
  "median_chlorophyll": 2.0465219174082345,
  "std_chlorophyll": 2.07477730001514,
  "min_chlorophyll": 0.2748258688316926,
  "max_chlorophyll": 12.0,
  "mean_sst": 20.010225761586288,
  "sst_range": [
    12.313176632729727,
    27.710802201082572
  ],
  "bloom_count": 5,
  "bloom_percentage": 2.7472527472527473,
  "bloom_locations": [
    {
      "region": "Gulf of Mexico",
      "bloom_pixels": 3
    },
    {
      "region": "Pacific Coast",
      "bloom_pixels": 2
    }
  ],
  "productivity_distribution": {
    "high": 124,
    "medium": 58
  },
  "regional_stats": {
    "Pacific Coast": {
      "mean_chlorophyll": 3.1891498921550707,
      "mean_sst": 14.88371490487241,
      "pixel_count": 61,
      "bloom_pixels": 2
    },
    "Gulf of Mexico": {
      "mean_chlorophyll": 3.0592831250632426,
      "mean_sst": 24.95046504019699,
      "pixel_count": 63,
      "bloom_pixels": 3
    },
    "Atlantic Coast": {
      "mean_chlorophyll": 1.272190801832468,
      "mean_sst": 20.035778997915124,
      "pixel_count": 58,
      "bloom_pixels": 0
    }
  },
  "ocean_health_status": "NORMAL - Moderate productivity",
  "spatial_extent": {
    "lon_range": [
      -127.97239314724898,
      -70.12533813741916
    ],
    "lat_range": [
      25.03810060018069,
      47.330549305652056
    ]
  },
  "summary": "NORMAL: Chl-a 2.53 mg/m\u00b3, 5 bloom pixels detected",
  "analysis_date": "2026-03-06 21:25:02"
}