{
  "total_pixels": 264,
  "good_quality_pixels": 176,
  "mean_chlorophyll": 2.670879787053949,
  "median_chlorophyll": 1.8787122200177144,
  "std_chlorophyll": 2.4737193757650755,
  "min_chlorophyll": 0.2,
  "max_chlorophyll": 15.0,
  "mean_sst": 20.144606305622972,
  "sst_range": [
    12.188559591571945,
    27.942056806938552
  ],
  "bloom_count": 4,
  "bloom_percentage": 2.272727272727273,
  "bloom_locations": [
    {
      "region": "Gulf of Mexico",
      "bloom_pixels": 1
    },
    {
      "region": "Pacific Coast",
      "bloom_pixels": 3
    }
  ],
  "productivity_distribution": {
    "high": 128,
    "medium": 48
  },
  "regional_stats": {
    "Pacific Coast": {
      "mean_chlorophyll": 3.86444053904393,
      "mean_sst": 14.986632750228244,
      "pixel_count": 61,
      "bloom_pixels": 3
    },
    "Gulf of Mexico": {
      "mean_chlorophyll": 2.6716375032998037,
      "mean_sst": 24.924892041582602,
      "pixel_count": 67,
      "bloom_pixels": 1
    },
    "Atlantic Coast": {
      "mean_chlorophyll": 1.1530053524735093,
      "mean_sst": 20.027048859160114,
      "pixel_count": 48,
      "bloom_pixels": 0
    }
  },
  "ocean_health_status": "NORMAL - Moderate productivity",
  "spatial_extent": {
    "lon_range": [
      -127.98449904315594,
      -70.11818032852955
    ],
    "lat_range": [
      25.058863338762386,
      47.19092130826443
    ]
  },
  "summary": "NORMAL: Chl-a 2.67 mg/m\u00b3, 4 bloom pixels detected",
  "analysis_date": "2026-06-21 20:20:28"
}