{
  "total_pixels": 264,
  "good_quality_pixels": 181,
  "mean_chlorophyll": 2.329837698294612,
  "median_chlorophyll": 1.8073859836450763,
  "std_chlorophyll": 1.8500092600244864,
  "min_chlorophyll": 0.2,
  "max_chlorophyll": 12.0,
  "mean_sst": 20.1328796818219,
  "sst_range": [
    12.000355243847554,
    27.880487665889614
  ],
  "bloom_count": 1,
  "bloom_percentage": 0.5524861878453038,
  "bloom_locations": [
    {
      "region": "Pacific Coast",
      "bloom_pixels": 1
    }
  ],
  "productivity_distribution": {
    "high": 124,
    "medium": 57
  },
  "regional_stats": {
    "Pacific Coast": {
      "mean_chlorophyll": 3.607716856215811,
      "mean_sst": 14.89874858382411,
      "pixel_count": 60,
      "bloom_pixels": 1
    },
    "Gulf of Mexico": {
      "mean_chlorophyll": 2.237998521913,
      "mean_sst": 24.988316947184348,
      "pixel_count": 64,
      "bloom_pixels": 0
    },
    "Atlantic Coast": {
      "mean_chlorophyll": 1.0878194143148079,
      "mean_sst": 20.190772329131907,
      "pixel_count": 57,
      "bloom_pixels": 0
    }
  },
  "ocean_health_status": "NORMAL - Moderate productivity",
  "spatial_extent": {
    "lon_range": [
      -127.977516192754,
      -70.0601191386897
    ],
    "lat_range": [
      25.100800802646173,
      47.413543889338285
    ]
  },
  "summary": "NORMAL: Chl-a 2.33 mg/m\u00b3, 1 bloom pixels detected",
  "analysis_date": "2026-01-30 21:23:42"
}