{
  "total_pixels": 264,
  "good_quality_pixels": 197,
  "mean_chlorophyll": 2.5338897218804686,
  "median_chlorophyll": 1.8807217625046508,
  "std_chlorophyll": 2.0511977902291867,
  "min_chlorophyll": 0.26535574199553824,
  "max_chlorophyll": 12.0,
  "mean_sst": 20.042996621513183,
  "sst_range": [
    12.01028623240911,
    27.935808022623675
  ],
  "bloom_count": 3,
  "bloom_percentage": 1.5228426395939088,
  "bloom_locations": [
    {
      "region": "Gulf of Mexico",
      "bloom_pixels": 2
    },
    {
      "region": "Pacific Coast",
      "bloom_pixels": 1
    }
  ],
  "productivity_distribution": {
    "high": 133,
    "medium": 64
  },
  "regional_stats": {
    "Pacific Coast": {
      "mean_chlorophyll": 3.1911042833292154,
      "mean_sst": 14.938473789023938,
      "pixel_count": 64,
      "bloom_pixels": 1
    },
    "Gulf of Mexico": {
      "mean_chlorophyll": 3.023017848580591,
      "mean_sst": 24.90223295991616,
      "pixel_count": 69,
      "bloom_pixels": 2
    },
    "Atlantic Coast": {
      "mean_chlorophyll": 1.349333898833153,
      "mean_sst": 19.90865527666172,
      "pixel_count": 64,
      "bloom_pixels": 0
    }
  },
  "ocean_health_status": "NORMAL - Moderate productivity",
  "spatial_extent": {
    "lon_range": [
      -127.93209509711046,
      -70.06517686386985
    ],
    "lat_range": [
      25.002463008578253,
      47.46371363079004
    ]
  },
  "summary": "NORMAL: Chl-a 2.53 mg/m\u00b3, 3 bloom pixels detected",
  "analysis_date": "2026-06-29 23:54:18"
}