{
  "total_pixels": 264,
  "good_quality_pixels": 178,
  "mean_chlorophyll": 2.6314673459691833,
  "median_chlorophyll": 2.0121024054068926,
  "std_chlorophyll": 2.288331789304249,
  "min_chlorophyll": 0.27418789055704373,
  "max_chlorophyll": 15.0,
  "mean_sst": 20.023703204927305,
  "sst_range": [
    12.06244151398912,
    27.763416399569685
  ],
  "bloom_count": 3,
  "bloom_percentage": 1.6853932584269662,
  "bloom_locations": [
    {
      "region": "Atlantic Coast",
      "bloom_pixels": 1
    },
    {
      "region": "Gulf of Mexico",
      "bloom_pixels": 1
    },
    {
      "region": "Pacific Coast",
      "bloom_pixels": 1
    }
  ],
  "productivity_distribution": {
    "high": 122,
    "medium": 56
  },
  "regional_stats": {
    "Pacific Coast": {
      "mean_chlorophyll": 3.5909510442855623,
      "mean_sst": 14.97505912794791,
      "pixel_count": 58,
      "bloom_pixels": 1
    },
    "Gulf of Mexico": {
      "mean_chlorophyll": 2.624993807438697,
      "mean_sst": 25.02005127280358,
      "pixel_count": 64,
      "bloom_pixels": 1
    },
    "Atlantic Coast": {
      "mean_chlorophyll": 1.64511470246206,
      "mean_sst": 19.5425439213688,
      "pixel_count": 56,
      "bloom_pixels": 1
    }
  },
  "ocean_health_status": "NORMAL - Moderate productivity",
  "spatial_extent": {
    "lon_range": [
      -127.87427227255158,
      -70.06551356902963
    ],
    "lat_range": [
      25.021678536051795,
      47.442100550085364
    ]
  },
  "summary": "NORMAL: Chl-a 2.63 mg/m\u00b3, 3 bloom pixels detected",
  "analysis_date": "2026-03-11 21:28:12"
}