{
  "total_pixels": 264,
  "good_quality_pixels": 192,
  "mean_chlorophyll": 2.3770998666096763,
  "median_chlorophyll": 1.7260333681087556,
  "std_chlorophyll": 2.0465730129234516,
  "min_chlorophyll": 0.29425905071785374,
  "max_chlorophyll": 14.608233627427744,
  "mean_sst": 20.247429122670273,
  "sst_range": [
    12.123199257383698,
    27.792145705095038
  ],
  "bloom_count": 1,
  "bloom_percentage": 0.5208333333333333,
  "bloom_locations": [
    {
      "region": "Gulf of Mexico",
      "bloom_pixels": 1
    }
  ],
  "productivity_distribution": {
    "high": 135,
    "medium": 57
  },
  "regional_stats": {
    "Pacific Coast": {
      "mean_chlorophyll": 3.2166468064687663,
      "mean_sst": 15.01796943635908,
      "pixel_count": 61,
      "bloom_pixels": 0
    },
    "Gulf of Mexico": {
      "mean_chlorophyll": 2.591339222517685,
      "mean_sst": 25.064803800830777,
      "pixel_count": 74,
      "bloom_pixels": 1
    },
    "Atlantic Coast": {
      "mean_chlorophyll": 1.2005020478623594,
      "mean_sst": 19.589732889005447,
      "pixel_count": 57,
      "bloom_pixels": 0
    }
  },
  "ocean_health_status": "NORMAL - Moderate productivity",
  "spatial_extent": {
    "lon_range": [
      -127.98939637003751,
      -70.14802138880054
    ],
    "lat_range": [
      25.062318281162963,
      47.32020825743093
    ]
  },
  "summary": "NORMAL: Chl-a 2.38 mg/m\u00b3, 1 bloom pixels detected",
  "analysis_date": "2026-02-16 15:36:32"
}