{
  "total_pixels": 264,
  "good_quality_pixels": 199,
  "mean_chlorophyll": 2.8906139586508277,
  "median_chlorophyll": 1.9631585010544197,
  "std_chlorophyll": 2.895760683940492,
  "min_chlorophyll": 0.2,
  "max_chlorophyll": 15.0,
  "mean_sst": 20.039621056318747,
  "sst_range": [
    12.086647923462916,
    27.985197839519547
  ],
  "bloom_count": 9,
  "bloom_percentage": 4.522613065326634,
  "bloom_locations": [
    {
      "region": "Gulf of Mexico",
      "bloom_pixels": 4
    },
    {
      "region": "Pacific Coast",
      "bloom_pixels": 5
    }
  ],
  "productivity_distribution": {
    "high": 137,
    "medium": 62
  },
  "regional_stats": {
    "Pacific Coast": {
      "mean_chlorophyll": 4.3796542609730365,
      "mean_sst": 14.839233751319792,
      "pixel_count": 67,
      "bloom_pixels": 5
    },
    "Gulf of Mexico": {
      "mean_chlorophyll": 3.171536163032595,
      "mean_sst": 25.30738900700133,
      "pixel_count": 70,
      "bloom_pixels": 4
    },
    "Atlantic Coast": {
      "mean_chlorophyll": 0.9643195302264423,
      "mean_sst": 19.71191448998244,
      "pixel_count": 62,
      "bloom_pixels": 0
    }
  },
  "ocean_health_status": "NORMAL - Moderate productivity",
  "spatial_extent": {
    "lon_range": [
      -127.96703985910361,
      -70.0129461240336
    ],
    "lat_range": [
      25.000023388081424,
      47.12493994558848
    ]
  },
  "summary": "NORMAL: Chl-a 2.89 mg/m\u00b3, 9 bloom pixels detected",
  "analysis_date": "2026-05-24 20:00:00"
}