{
  "total_pixels": 264,
  "good_quality_pixels": 187,
  "mean_chlorophyll": 2.520966619326779,
  "median_chlorophyll": 1.73675402838242,
  "std_chlorophyll": 2.206156534957212,
  "min_chlorophyll": 0.2,
  "max_chlorophyll": 11.178376060528263,
  "mean_sst": 20.42297130766401,
  "sst_range": [
    12.091739978731784,
    27.994525419653776
  ],
  "bloom_count": 3,
  "bloom_percentage": 1.6042780748663104,
  "bloom_locations": [
    {
      "region": "Gulf of Mexico",
      "bloom_pixels": 2
    },
    {
      "region": "Pacific Coast",
      "bloom_pixels": 1
    }
  ],
  "productivity_distribution": {
    "high": 133,
    "medium": 54
  },
  "regional_stats": {
    "Pacific Coast": {
      "mean_chlorophyll": 3.8587588977086806,
      "mean_sst": 15.076338307066266,
      "pixel_count": 60,
      "bloom_pixels": 1
    },
    "Gulf of Mexico": {
      "mean_chlorophyll": 2.4441634607038,
      "mean_sst": 25.15811666673619,
      "pixel_count": 73,
      "bloom_pixels": 2
    },
    "Atlantic Coast": {
      "mean_chlorophyll": 1.1383572466705443,
      "mean_sst": 19.962459619212083,
      "pixel_count": 54,
      "bloom_pixels": 0
    }
  },
  "ocean_health_status": "NORMAL - Moderate productivity",
  "spatial_extent": {
    "lon_range": [
      -127.99421880610865,
      -70.09047500569915
    ],
    "lat_range": [
      25.06289567664367,
      47.33842156218632
    ]
  },
  "summary": "NORMAL: Chl-a 2.52 mg/m\u00b3, 3 bloom pixels detected",
  "analysis_date": "2026-02-08 21:21:55"
}