{
  "total_pixels": 264,
  "good_quality_pixels": 191,
  "mean_chlorophyll": 2.484411444949143,
  "median_chlorophyll": 1.9222092099475048,
  "std_chlorophyll": 2.0563813096547814,
  "min_chlorophyll": 0.2558499093461135,
  "max_chlorophyll": 12.0,
  "mean_sst": 19.882888893099167,
  "sst_range": [
    12.009584762408966,
    27.884349224290155
  ],
  "bloom_count": 3,
  "bloom_percentage": 1.5706806282722512,
  "bloom_locations": [
    {
      "region": "Gulf of Mexico",
      "bloom_pixels": 1
    },
    {
      "region": "Pacific Coast",
      "bloom_pixels": 2
    }
  ],
  "productivity_distribution": {
    "high": 132,
    "medium": 59
  },
  "regional_stats": {
    "Pacific Coast": {
      "mean_chlorophyll": 3.2988715052950197,
      "mean_sst": 14.92736808761732,
      "pixel_count": 69,
      "bloom_pixels": 2
    },
    "Gulf of Mexico": {
      "mean_chlorophyll": 2.6629952963205623,
      "mean_sst": 24.847390678128946,
      "pixel_count": 63,
      "bloom_pixels": 1
    },
    "Atlantic Coast": {
      "mean_chlorophyll": 1.3412160754531277,
      "mean_sst": 20.377250301935984,
      "pixel_count": 59,
      "bloom_pixels": 0
    }
  },
  "ocean_health_status": "NORMAL - Moderate productivity",
  "spatial_extent": {
    "lon_range": [
      -127.81072675703173,
      -70.61480054757365
    ],
    "lat_range": [
      25.055198160943384,
      47.47427469293549
    ]
  },
  "summary": "NORMAL: Chl-a 2.48 mg/m\u00b3, 3 bloom pixels detected",
  "analysis_date": "2026-01-31 21:17:25"
}