{
  "total_pixels": 264,
  "good_quality_pixels": 195,
  "mean_chlorophyll": 2.621168012221766,
  "median_chlorophyll": 2.113923713171988,
  "std_chlorophyll": 2.2101100396116506,
  "min_chlorophyll": 0.2,
  "max_chlorophyll": 13.35393382526908,
  "mean_sst": 20.417449386801373,
  "sst_range": [
    12.171901756612327,
    27.988389739336213
  ],
  "bloom_count": 4,
  "bloom_percentage": 2.051282051282051,
  "bloom_locations": [
    {
      "region": "Gulf of Mexico",
      "bloom_pixels": 3
    },
    {
      "region": "Pacific Coast",
      "bloom_pixels": 1
    }
  ],
  "productivity_distribution": {
    "high": 137,
    "medium": 58
  },
  "regional_stats": {
    "Pacific Coast": {
      "mean_chlorophyll": 3.5184343777157703,
      "mean_sst": 15.030866314923662,
      "pixel_count": 61,
      "bloom_pixels": 1
    },
    "Gulf of Mexico": {
      "mean_chlorophyll": 2.9613975575874814,
      "mean_sst": 25.07554303390944,
      "pixel_count": 76,
      "bloom_pixels": 3
    },
    "Atlantic Coast": {
      "mean_chlorophyll": 1.2316732925161014,
      "mean_sst": 19.978939907565625,
      "pixel_count": 58,
      "bloom_pixels": 0
    }
  },
  "ocean_health_status": "NORMAL - Moderate productivity",
  "spatial_extent": {
    "lon_range": [
      -127.9759893429367,
      -70.15081572270064
    ],
    "lat_range": [
      25.06076775522941,
      47.42557244422702
    ]
  },
  "summary": "NORMAL: Chl-a 2.62 mg/m\u00b3, 4 bloom pixels detected",
  "analysis_date": "2025-10-24 15:15:52"
}