{
  "total_pixels": 264,
  "good_quality_pixels": 195,
  "mean_chlorophyll": 2.5728785453251843,
  "median_chlorophyll": 2.1201697817124634,
  "std_chlorophyll": 2.102535531388933,
  "min_chlorophyll": 0.24891484446873416,
  "max_chlorophyll": 12.0,
  "mean_sst": 20.01515284900963,
  "sst_range": [
    12.027140140522297,
    27.980921802237898
  ],
  "bloom_count": 2,
  "bloom_percentage": 1.0256410256410255,
  "bloom_locations": [
    {
      "region": "Pacific Coast",
      "bloom_pixels": 2
    }
  ],
  "productivity_distribution": {
    "high": 137,
    "medium": 58
  },
  "regional_stats": {
    "Pacific Coast": {
      "mean_chlorophyll": 3.532031923028807,
      "mean_sst": 14.978972825566725,
      "pixel_count": 68,
      "bloom_pixels": 2
    },
    "Gulf of Mexico": {
      "mean_chlorophyll": 2.7650878476128606,
      "mean_sst": 25.113757737785342,
      "pixel_count": 69,
      "bloom_pixels": 0
    },
    "Atlantic Coast": {
      "mean_chlorophyll": 1.2196911049511165,
      "mean_sst": 19.85405809501987,
      "pixel_count": 58,
      "bloom_pixels": 0
    }
  },
  "ocean_health_status": "NORMAL - Moderate productivity",
  "spatial_extent": {
    "lon_range": [
      -127.89754901860414,
      -70.07525746030478
    ],
    "lat_range": [
      25.04927023337653,
      47.49284747487529
    ]
  },
  "summary": "NORMAL: Chl-a 2.57 mg/m\u00b3, 2 bloom pixels detected",
  "analysis_date": "2026-01-08 15:20:45"
}