{
  "total_pixels": 264,
  "good_quality_pixels": 173,
  "mean_chlorophyll": 2.8925591445340095,
  "median_chlorophyll": 2.2519289315407787,
  "std_chlorophyll": 2.3768205332352403,
  "min_chlorophyll": 0.2,
  "max_chlorophyll": 12.81959870568922,
  "mean_sst": 19.866091428645163,
  "sst_range": [
    12.000912166269423,
    27.81577470089171
  ],
  "bloom_count": 3,
  "bloom_percentage": 1.7341040462427744,
  "bloom_locations": [
    {
      "region": "Gulf of Mexico",
      "bloom_pixels": 1
    },
    {
      "region": "Pacific Coast",
      "bloom_pixels": 2
    }
  ],
  "productivity_distribution": {
    "high": 121,
    "medium": 52
  },
  "regional_stats": {
    "Pacific Coast": {
      "mean_chlorophyll": 4.03025905022055,
      "mean_sst": 14.96232918628435,
      "pixel_count": 59,
      "bloom_pixels": 2
    },
    "Gulf of Mexico": {
      "mean_chlorophyll": 3.1991265994462394,
      "mean_sst": 24.98478194220655,
      "pixel_count": 62,
      "bloom_pixels": 1
    },
    "Atlantic Coast": {
      "mean_chlorophyll": 1.2361845937635443,
      "mean_sst": 19.326921437462104,
      "pixel_count": 52,
      "bloom_pixels": 0
    }
  },
  "ocean_health_status": "NORMAL - Moderate productivity",
  "spatial_extent": {
    "lon_range": [
      -127.93766004318401,
      -70.16852201265628
    ],
    "lat_range": [
      25.143189886291097,
      47.26605813670289
    ]
  },
  "summary": "NORMAL: Chl-a 2.89 mg/m\u00b3, 3 bloom pixels detected",
  "analysis_date": "2025-10-23 03:34:03"
}