{
  "total_pixels": 264,
  "good_quality_pixels": 181,
  "mean_chlorophyll": 2.4497490487417255,
  "median_chlorophyll": 1.7500071497602232,
  "std_chlorophyll": 2.1598405765113813,
  "min_chlorophyll": 0.3520936173230584,
  "max_chlorophyll": 15.0,
  "mean_sst": 20.39475202443864,
  "sst_range": [
    12.177489588610175,
    27.965691078130533
  ],
  "bloom_count": 3,
  "bloom_percentage": 1.6574585635359116,
  "bloom_locations": [
    {
      "region": "Gulf of Mexico",
      "bloom_pixels": 1
    },
    {
      "region": "Pacific Coast",
      "bloom_pixels": 2
    }
  ],
  "productivity_distribution": {
    "high": 121,
    "medium": 60
  },
  "regional_stats": {
    "Pacific Coast": {
      "mean_chlorophyll": 3.6275332105198257,
      "mean_sst": 14.950356892357691,
      "pixel_count": 54,
      "bloom_pixels": 2
    },
    "Gulf of Mexico": {
      "mean_chlorophyll": 2.5684188089447293,
      "mean_sst": 24.91410817708432,
      "pixel_count": 67,
      "bloom_pixels": 1
    },
    "Atlantic Coast": {
      "mean_chlorophyll": 1.2572287375814148,
      "mean_sst": 20.248093272857155,
      "pixel_count": 60,
      "bloom_pixels": 0
    }
  },
  "ocean_health_status": "NORMAL - Moderate productivity",
  "spatial_extent": {
    "lon_range": [
      -127.83511199615963,
      -70.04533169833826
    ],
    "lat_range": [
      25.005551875471863,
      47.29343709669147
    ]
  },
  "summary": "NORMAL: Chl-a 2.45 mg/m\u00b3, 3 bloom pixels detected",
  "analysis_date": "2026-01-01 15:16:53"
}