{
  "total_pixels": 264,
  "good_quality_pixels": 175,
  "mean_chlorophyll": 2.6578060086130977,
  "median_chlorophyll": 1.9385374322664617,
  "std_chlorophyll": 2.4117024967184637,
  "min_chlorophyll": 0.25120030912174846,
  "max_chlorophyll": 15.0,
  "mean_sst": 19.953569776152914,
  "sst_range": [
    12.08107041631759,
    27.881799227005743
  ],
  "bloom_count": 5,
  "bloom_percentage": 2.857142857142857,
  "bloom_locations": [
    {
      "region": "Gulf of Mexico",
      "bloom_pixels": 3
    },
    {
      "region": "Pacific Coast",
      "bloom_pixels": 2
    }
  ],
  "productivity_distribution": {
    "high": 126,
    "medium": 49
  },
  "regional_stats": {
    "Pacific Coast": {
      "mean_chlorophyll": 3.355366800141879,
      "mean_sst": 14.883936133480315,
      "pixel_count": 62,
      "bloom_pixels": 2
    },
    "Gulf of Mexico": {
      "mean_chlorophyll": 3.127301069451272,
      "mean_sst": 24.883029604807703,
      "pixel_count": 64,
      "bloom_pixels": 3
    },
    "Atlantic Coast": {
      "mean_chlorophyll": 1.161960029665596,
      "mean_sst": 19.929730119250753,
      "pixel_count": 49,
      "bloom_pixels": 0
    }
  },
  "ocean_health_status": "NORMAL - Moderate productivity",
  "spatial_extent": {
    "lon_range": [
      -127.94585815568112,
      -70.0528607017981
    ],
    "lat_range": [
      25.041571003335697,
      46.93683942539221
    ]
  },
  "summary": "NORMAL: Chl-a 2.66 mg/m\u00b3, 5 bloom pixels detected",
  "analysis_date": "2026-02-04 21:28:25"
}