{
  "total_pixels": 264,
  "good_quality_pixels": 179,
  "mean_chlorophyll": 2.854824559781594,
  "median_chlorophyll": 2.036422972940807,
  "std_chlorophyll": 2.3567555527831963,
  "min_chlorophyll": 0.24519252765507993,
  "max_chlorophyll": 12.0,
  "mean_sst": 19.598288026211844,
  "sst_range": [
    12.009665340374351,
    27.98141340037464
  ],
  "bloom_count": 3,
  "bloom_percentage": 1.675977653631285,
  "bloom_locations": [
    {
      "region": "Gulf of Mexico",
      "bloom_pixels": 1
    },
    {
      "region": "Pacific Coast",
      "bloom_pixels": 2
    }
  ],
  "productivity_distribution": {
    "high": 123,
    "medium": 56
  },
  "regional_stats": {
    "Pacific Coast": {
      "mean_chlorophyll": 4.374857910819609,
      "mean_sst": 14.737377411410755,
      "pixel_count": 65,
      "bloom_pixels": 2
    },
    "Gulf of Mexico": {
      "mean_chlorophyll": 2.550390690887896,
      "mean_sst": 24.859480282043016,
      "pixel_count": 58,
      "bloom_pixels": 1
    },
    "Atlantic Coast": {
      "mean_chlorophyll": 1.4058066415380848,
      "mean_sst": 19.791324439137963,
      "pixel_count": 56,
      "bloom_pixels": 0
    }
  },
  "ocean_health_status": "NORMAL - Moderate productivity",
  "spatial_extent": {
    "lon_range": [
      -127.96035778917651,
      -70.0281151383841
    ],
    "lat_range": [
      25.0072455945255,
      47.41848441000162
    ]
  },
  "summary": "NORMAL: Chl-a 2.85 mg/m\u00b3, 3 bloom pixels detected",
  "analysis_date": "2026-03-31 16:02:34"
}