{
  "total_pixels": 264,
  "good_quality_pixels": 184,
  "mean_chlorophyll": 2.396633313517019,
  "median_chlorophyll": 1.8595795869752496,
  "std_chlorophyll": 2.084508647260547,
  "min_chlorophyll": 0.270733410483358,
  "max_chlorophyll": 15.0,
  "mean_sst": 20.258869760338765,
  "sst_range": [
    12.198447548853034,
    27.882913980814042
  ],
  "bloom_count": 2,
  "bloom_percentage": 1.0869565217391304,
  "bloom_locations": [
    {
      "region": "Gulf of Mexico",
      "bloom_pixels": 2
    }
  ],
  "productivity_distribution": {
    "high": 131,
    "medium": 53
  },
  "regional_stats": {
    "Pacific Coast": {
      "mean_chlorophyll": 3.393946652666434,
      "mean_sst": 15.270218547042369,
      "pixel_count": 64,
      "bloom_pixels": 0
    },
    "Gulf of Mexico": {
      "mean_chlorophyll": 2.3953600959368218,
      "mean_sst": 25.149283104507543,
      "pixel_count": 67,
      "bloom_pixels": 2
    },
    "Atlantic Coast": {
      "mean_chlorophyll": 1.1939399526172196,
      "mean_sst": 20.100680771502187,
      "pixel_count": 53,
      "bloom_pixels": 0
    }
  },
  "ocean_health_status": "NORMAL - Moderate productivity",
  "spatial_extent": {
    "lon_range": [
      -127.87690021471772,
      -70.08043740951248
    ],
    "lat_range": [
      25.005533399995997,
      47.47022180389359
    ]
  },
  "summary": "NORMAL: Chl-a 2.40 mg/m\u00b3, 2 bloom pixels detected",
  "analysis_date": "2026-02-09 04:56:40"
}