{
  "total_pixels": 264,
  "good_quality_pixels": 179,
  "mean_chlorophyll": 2.4560145685325683,
  "median_chlorophyll": 1.9133777090336213,
  "std_chlorophyll": 1.892645299182833,
  "min_chlorophyll": 0.2,
  "max_chlorophyll": 10.361485254801512,
  "mean_sst": 20.43593138672026,
  "sst_range": [
    12.25109840827414,
    27.911942068170237
  ],
  "bloom_count": 1,
  "bloom_percentage": 0.5586592178770949,
  "bloom_locations": [
    {
      "region": "Pacific Coast",
      "bloom_pixels": 1
    }
  ],
  "productivity_distribution": {
    "high": 123,
    "medium": 56
  },
  "regional_stats": {
    "Pacific Coast": {
      "mean_chlorophyll": 3.500576162145399,
      "mean_sst": 15.111704979672393,
      "pixel_count": 56,
      "bloom_pixels": 1
    },
    "Gulf of Mexico": {
      "mean_chlorophyll": 2.5452807450909303,
      "mean_sst": 25.05578222723895,
      "pixel_count": 67,
      "bloom_pixels": 0
    },
    "Atlantic Coast": {
      "mean_chlorophyll": 1.304652370823127,
      "mean_sst": 20.232836252433263,
      "pixel_count": 56,
      "bloom_pixels": 0
    }
  },
  "ocean_health_status": "NORMAL - Moderate productivity",
  "spatial_extent": {
    "lon_range": [
      -127.94467342603085,
      -70.01224798869941
    ],
    "lat_range": [
      25.054424892709143,
      47.17071233239516
    ]
  },
  "summary": "NORMAL: Chl-a 2.46 mg/m\u00b3, 1 bloom pixels detected",
  "analysis_date": "2026-01-15 21:17:36"
}