{
  "total_pixels": 264,
  "good_quality_pixels": 205,
  "mean_chlorophyll": 2.5712731647565064,
  "median_chlorophyll": 1.9480011323901512,
  "std_chlorophyll": 2.0650590832740274,
  "min_chlorophyll": 0.2,
  "max_chlorophyll": 13.059999619462685,
  "mean_sst": 20.139957322100795,
  "sst_range": [
    12.227636558186731,
    27.9601289310925
  ],
  "bloom_count": 3,
  "bloom_percentage": 1.4634146341463417,
  "bloom_locations": [
    {
      "region": "Atlantic Coast",
      "bloom_pixels": 1
    },
    {
      "region": "Gulf of Mexico",
      "bloom_pixels": 1
    },
    {
      "region": "Pacific Coast",
      "bloom_pixels": 1
    }
  ],
  "productivity_distribution": {
    "high": 146,
    "medium": 59
  },
  "regional_stats": {
    "Pacific Coast": {
      "mean_chlorophyll": 3.602169032092463,
      "mean_sst": 14.940550325417764,
      "pixel_count": 70,
      "bloom_pixels": 1
    },
    "Gulf of Mexico": {
      "mean_chlorophyll": 2.4797691771545045,
      "mean_sst": 25.157172108606492,
      "pixel_count": 76,
      "bloom_pixels": 1
    },
    "Atlantic Coast": {
      "mean_chlorophyll": 1.4660459163537116,
      "mean_sst": 19.84589233893773,
      "pixel_count": 59,
      "bloom_pixels": 1
    }
  },
  "ocean_health_status": "NORMAL - Moderate productivity",
  "spatial_extent": {
    "lon_range": [
      -127.87051125969192,
      -70.17827922043725
    ],
    "lat_range": [
      25.016257630622544,
      47.46299331410666
    ]
  },
  "summary": "NORMAL: Chl-a 2.57 mg/m\u00b3, 3 bloom pixels detected",
  "analysis_date": "2026-04-17 11:43:21"
}