{
  "total_pixels": 264,
  "good_quality_pixels": 178,
  "mean_chlorophyll": 2.431471490871034,
  "median_chlorophyll": 1.5709107496045724,
  "std_chlorophyll": 2.432861926145152,
  "min_chlorophyll": 0.2,
  "max_chlorophyll": 15.0,
  "mean_sst": 19.994348229450274,
  "sst_range": [
    12.10200005219799,
    27.996921562938226
  ],
  "bloom_count": 3,
  "bloom_percentage": 1.6853932584269662,
  "bloom_locations": [
    {
      "region": "Gulf of Mexico",
      "bloom_pixels": 2
    },
    {
      "region": "Pacific Coast",
      "bloom_pixels": 1
    }
  ],
  "productivity_distribution": {
    "high": 118,
    "medium": 60
  },
  "regional_stats": {
    "Pacific Coast": {
      "mean_chlorophyll": 3.6112060976079863,
      "mean_sst": 15.01429632324365,
      "pixel_count": 61,
      "bloom_pixels": 1
    },
    "Gulf of Mexico": {
      "mean_chlorophyll": 2.530973318338879,
      "mean_sst": 25.035710355003705,
      "pixel_count": 57,
      "bloom_pixels": 2
    },
    "Atlantic Coast": {
      "mean_chlorophyll": 1.1375479045940133,
      "mean_sst": 20.268106981484582,
      "pixel_count": 60,
      "bloom_pixels": 0
    }
  },
  "ocean_health_status": "NORMAL - Moderate productivity",
  "spatial_extent": {
    "lon_range": [
      -127.93648401482616,
      -70.05500338209677
    ],
    "lat_range": [
      25.030952651951512,
      47.34317888434357
    ]
  },
  "summary": "NORMAL: Chl-a 2.43 mg/m\u00b3, 3 bloom pixels detected",
  "analysis_date": "2025-11-30 15:14:26"
}