{
  "total_pixels": 264,
  "good_quality_pixels": 195,
  "mean_chlorophyll": 2.7048281365573383,
  "median_chlorophyll": 2.0051814908066645,
  "std_chlorophyll": 2.263295848391822,
  "min_chlorophyll": 0.2,
  "max_chlorophyll": 15.0,
  "mean_sst": 20.314841696101215,
  "sst_range": [
    12.08364204787604,
    27.938641177585723
  ],
  "bloom_count": 3,
  "bloom_percentage": 1.5384615384615385,
  "bloom_locations": [
    {
      "region": "Gulf of Mexico",
      "bloom_pixels": 2
    },
    {
      "region": "Pacific Coast",
      "bloom_pixels": 1
    }
  ],
  "productivity_distribution": {
    "high": 133,
    "medium": 62
  },
  "regional_stats": {
    "Pacific Coast": {
      "mean_chlorophyll": 3.727207564906403,
      "mean_sst": 14.955342426818351,
      "pixel_count": 62,
      "bloom_pixels": 1
    },
    "Gulf of Mexico": {
      "mean_chlorophyll": 2.951512917515444,
      "mean_sst": 25.142323345331278,
      "pixel_count": 71,
      "bloom_pixels": 2
    },
    "Atlantic Coast": {
      "mean_chlorophyll": 1.3999548461433458,
      "mean_sst": 20.146095850943194,
      "pixel_count": 62,
      "bloom_pixels": 0
    }
  },
  "ocean_health_status": "NORMAL - Moderate productivity",
  "spatial_extent": {
    "lon_range": [
      -127.99188213199244,
      -70.19922534141665
    ],
    "lat_range": [
      25.299638288571334,
      47.44300612674215
    ]
  },
  "summary": "NORMAL: Chl-a 2.70 mg/m\u00b3, 3 bloom pixels detected",
  "analysis_date": "2025-11-18 15:17:43"
}