{
  "total_pixels": 264,
  "good_quality_pixels": 182,
  "mean_chlorophyll": 2.329261956409072,
  "median_chlorophyll": 1.719488555879574,
  "std_chlorophyll": 2.099900030286536,
  "min_chlorophyll": 0.2,
  "max_chlorophyll": 15.0,
  "mean_sst": 20.200923260988723,
  "sst_range": [
    12.009950783358395,
    27.980033029301506
  ],
  "bloom_count": 2,
  "bloom_percentage": 1.098901098901099,
  "bloom_locations": [
    {
      "region": "Gulf of Mexico",
      "bloom_pixels": 1
    },
    {
      "region": "Pacific Coast",
      "bloom_pixels": 1
    }
  ],
  "productivity_distribution": {
    "high": 123,
    "medium": 59
  },
  "regional_stats": {
    "Pacific Coast": {
      "mean_chlorophyll": 3.4906361180596077,
      "mean_sst": 14.906628405372324,
      "pixel_count": 58,
      "bloom_pixels": 1
    },
    "Gulf of Mexico": {
      "mean_chlorophyll": 2.3902298376033895,
      "mean_sst": 24.948972700557576,
      "pixel_count": 65,
      "bloom_pixels": 1
    },
    "Atlantic Coast": {
      "mean_chlorophyll": 1.1204040978775187,
      "mean_sst": 20.17458238054424,
      "pixel_count": 59,
      "bloom_pixels": 0
    }
  },
  "ocean_health_status": "NORMAL - Moderate productivity",
  "spatial_extent": {
    "lon_range": [
      -127.94720806405581,
      -70.19219606450211
    ],
    "lat_range": [
      25.04549219516485,
      47.2972182213721
    ]
  },
  "summary": "NORMAL: Chl-a 2.33 mg/m\u00b3, 2 bloom pixels detected",
  "analysis_date": "2025-12-06 21:13:32"
}