{
  "total_pixels": 264,
  "good_quality_pixels": 176,
  "mean_chlorophyll": 2.5756312439897675,
  "median_chlorophyll": 2.007419789683267,
  "std_chlorophyll": 2.070741401363823,
  "min_chlorophyll": 0.2,
  "max_chlorophyll": 12.0,
  "mean_sst": 19.522076448986965,
  "sst_range": [
    12.021507259378176,
    27.938930680749518
  ],
  "bloom_count": 2,
  "bloom_percentage": 1.1363636363636365,
  "bloom_locations": [
    {
      "region": "Gulf of Mexico",
      "bloom_pixels": 1
    },
    {
      "region": "Pacific Coast",
      "bloom_pixels": 1
    }
  ],
  "productivity_distribution": {
    "high": 129,
    "medium": 47
  },
  "regional_stats": {
    "Pacific Coast": {
      "mean_chlorophyll": 3.2341648390499107,
      "mean_sst": 14.387630009870389,
      "pixel_count": 66,
      "bloom_pixels": 1
    },
    "Gulf of Mexico": {
      "mean_chlorophyll": 2.6726597887091863,
      "mean_sst": 25.016312545591806,
      "pixel_count": 63,
      "bloom_pixels": 1
    },
    "Atlantic Coast": {
      "mean_chlorophyll": 1.5208224016218341,
      "mean_sst": 19.367535829744174,
      "pixel_count": 47,
      "bloom_pixels": 0
    }
  },
  "ocean_health_status": "NORMAL - Moderate productivity",
  "spatial_extent": {
    "lon_range": [
      -127.96839310702154,
      -70.28748887788518
    ],
    "lat_range": [
      25.036895545096968,
      47.19696800123418
    ]
  },
  "summary": "NORMAL: Chl-a 2.58 mg/m\u00b3, 2 bloom pixels detected",
  "analysis_date": "2026-04-24 23:33:05"
}