{
  "total_pixels": 264,
  "good_quality_pixels": 201,
  "mean_chlorophyll": 2.474720587839842,
  "median_chlorophyll": 1.9901984595096989,
  "std_chlorophyll": 1.9855804134168102,
  "min_chlorophyll": 0.23853651529365572,
  "max_chlorophyll": 11.538281905855472,
  "mean_sst": 20.159675338667594,
  "sst_range": [
    12.069465766543141,
    27.955146128091513
  ],
  "bloom_count": 2,
  "bloom_percentage": 0.9950248756218906,
  "bloom_locations": [
    {
      "region": "Gulf of Mexico",
      "bloom_pixels": 1
    },
    {
      "region": "Pacific Coast",
      "bloom_pixels": 1
    }
  ],
  "productivity_distribution": {
    "high": 143,
    "medium": 58
  },
  "regional_stats": {
    "Pacific Coast": {
      "mean_chlorophyll": 3.301344655144373,
      "mean_sst": 15.058103206122468,
      "pixel_count": 70,
      "bloom_pixels": 1
    },
    "Gulf of Mexico": {
      "mean_chlorophyll": 2.5038135661552356,
      "mean_sst": 25.018342339719833,
      "pixel_count": 73,
      "bloom_pixels": 1
    },
    "Atlantic Coast": {
      "mean_chlorophyll": 1.4404538270063798,
      "mean_sst": 20.20152634213905,
      "pixel_count": 58,
      "bloom_pixels": 0
    }
  },
  "ocean_health_status": "NORMAL - Moderate productivity",
  "spatial_extent": {
    "lon_range": [
      -127.88658579041365,
      -70.04002598558662
    ],
    "lat_range": [
      25.089926444631082,
      47.41867333520208
    ]
  },
  "summary": "NORMAL: Chl-a 2.47 mg/m\u00b3, 2 bloom pixels detected",
  "analysis_date": "2026-04-08 08:07:32"
}