{
  "total_pixels": 264,
  "good_quality_pixels": 177,
  "mean_chlorophyll": 2.8943819685549155,
  "median_chlorophyll": 1.9595855250436758,
  "std_chlorophyll": 2.8494671928472064,
  "min_chlorophyll": 0.2775401896348297,
  "max_chlorophyll": 15.0,
  "mean_sst": 19.77719341939354,
  "sst_range": [
    12.004021590596547,
    27.69519416308373
  ],
  "bloom_count": 7,
  "bloom_percentage": 3.954802259887006,
  "bloom_locations": [
    {
      "region": "Gulf of Mexico",
      "bloom_pixels": 3
    },
    {
      "region": "Pacific Coast",
      "bloom_pixels": 4
    }
  ],
  "productivity_distribution": {
    "high": 130,
    "medium": 47
  },
  "regional_stats": {
    "Pacific Coast": {
      "mean_chlorophyll": 3.6321559557180647,
      "mean_sst": 15.075367408495783,
      "pixel_count": 64,
      "bloom_pixels": 4
    },
    "Gulf of Mexico": {
      "mean_chlorophyll": 3.3494075939701227,
      "mean_sst": 24.506762355963346,
      "pixel_count": 66,
      "bloom_pixels": 3
    },
    "Atlantic Coast": {
      "mean_chlorophyll": 1.250781405664592,
      "mean_sst": 19.538157565858427,
      "pixel_count": 47,
      "bloom_pixels": 0
    }
  },
  "ocean_health_status": "NORMAL - Moderate productivity",
  "spatial_extent": {
    "lon_range": [
      -127.87794114631822,
      -70.00814129087698
    ],
    "lat_range": [
      25.100884041578944,
      47.26912899076319
    ]
  },
  "summary": "NORMAL: Chl-a 2.89 mg/m\u00b3, 7 bloom pixels detected",
  "analysis_date": "2026-04-29 09:05:54"
}