{
  "total_pixels": 264,
  "good_quality_pixels": 183,
  "mean_chlorophyll": 2.579068438551128,
  "median_chlorophyll": 1.8219712853476968,
  "std_chlorophyll": 2.2523908630140403,
  "min_chlorophyll": 0.2,
  "max_chlorophyll": 15.0,
  "mean_sst": 20.055618074005853,
  "sst_range": [
    12.100051554161636,
    27.906282912392047
  ],
  "bloom_count": 3,
  "bloom_percentage": 1.639344262295082,
  "bloom_locations": [
    {
      "region": "Gulf of Mexico",
      "bloom_pixels": 1
    },
    {
      "region": "Pacific Coast",
      "bloom_pixels": 2
    }
  ],
  "productivity_distribution": {
    "high": 125,
    "medium": 58
  },
  "regional_stats": {
    "Pacific Coast": {
      "mean_chlorophyll": 3.4841650689203565,
      "mean_sst": 14.767516448817204,
      "pixel_count": 63,
      "bloom_pixels": 2
    },
    "Gulf of Mexico": {
      "mean_chlorophyll": 2.8773238239795385,
      "mean_sst": 25.089425105125336,
      "pixel_count": 62,
      "bloom_pixels": 1
    },
    "Atlantic Coast": {
      "mean_chlorophyll": 1.2771215142438384,
      "mean_sst": 20.41862439223822,
      "pixel_count": 58,
      "bloom_pixels": 0
    }
  },
  "ocean_health_status": "NORMAL - Moderate productivity",
  "spatial_extent": {
    "lon_range": [
      -127.90399349701732,
      -70.03674675292133
    ],
    "lat_range": [
      25.02455903368581,
      47.42539735976896
    ]
  },
  "summary": "NORMAL: Chl-a 2.58 mg/m\u00b3, 3 bloom pixels detected",
  "analysis_date": "2026-01-23 04:02:52"
}