{
  "total_pixels": 264,
  "good_quality_pixels": 187,
  "mean_chlorophyll": 2.478508451318804,
  "median_chlorophyll": 1.9985111749397326,
  "std_chlorophyll": 1.998207773483379,
  "min_chlorophyll": 0.2357299266241836,
  "max_chlorophyll": 12.0,
  "mean_sst": 20.048456139584548,
  "sst_range": [
    12.169014082614158,
    27.941244733021737
  ],
  "bloom_count": 2,
  "bloom_percentage": 1.06951871657754,
  "bloom_locations": [
    {
      "region": "Gulf of Mexico",
      "bloom_pixels": 1
    },
    {
      "region": "Pacific Coast",
      "bloom_pixels": 1
    }
  ],
  "productivity_distribution": {
    "high": 130,
    "medium": 57
  },
  "regional_stats": {
    "Pacific Coast": {
      "mean_chlorophyll": 3.530687098605877,
      "mean_sst": 15.252291221338886,
      "pixel_count": 63,
      "bloom_pixels": 1
    },
    "Gulf of Mexico": {
      "mean_chlorophyll": 2.5013132534230325,
      "mean_sst": 25.017413362788798,
      "pixel_count": 67,
      "bloom_pixels": 1
    },
    "Atlantic Coast": {
      "mean_chlorophyll": 1.2887685123702257,
      "mean_sst": 19.508776418440537,
      "pixel_count": 57,
      "bloom_pixels": 0
    }
  },
  "ocean_health_status": "NORMAL - Moderate productivity",
  "spatial_extent": {
    "lon_range": [
      -127.98828374358156,
      -70.00967191507182
    ],
    "lat_range": [
      25.20724657904184,
      47.36573564787744
    ]
  },
  "summary": "NORMAL: Chl-a 2.48 mg/m\u00b3, 2 bloom pixels detected",
  "analysis_date": "2025-11-17 15:18:13"
}