{
  "total_pixels": 264,
  "good_quality_pixels": 187,
  "mean_chlorophyll": 2.4821536421038117,
  "median_chlorophyll": 1.8723392930992075,
  "std_chlorophyll": 1.968500253881305,
  "min_chlorophyll": 0.2,
  "max_chlorophyll": 10.404534606603468,
  "mean_sst": 19.89005392993798,
  "sst_range": [
    12.110005308547933,
    27.992739431462894
  ],
  "bloom_count": 2,
  "bloom_percentage": 1.06951871657754,
  "bloom_locations": [
    {
      "region": "Atlantic Coast",
      "bloom_pixels": 1
    },
    {
      "region": "Pacific Coast",
      "bloom_pixels": 1
    }
  ],
  "productivity_distribution": {
    "high": 127,
    "medium": 60
  },
  "regional_stats": {
    "Pacific Coast": {
      "mean_chlorophyll": 3.6611798966152715,
      "mean_sst": 14.757952346381046,
      "pixel_count": 64,
      "bloom_pixels": 1
    },
    "Gulf of Mexico": {
      "mean_chlorophyll": 2.2460334855470983,
      "mean_sst": 24.84510763841484,
      "pixel_count": 63,
      "bloom_pixels": 0
    },
    "Atlantic Coast": {
      "mean_chlorophyll": 1.4724518016761352,
      "mean_sst": 20.16148922516467,
      "pixel_count": 60,
      "bloom_pixels": 1
    }
  },
  "ocean_health_status": "NORMAL - Moderate productivity",
  "spatial_extent": {
    "lon_range": [
      -127.98754246570881,
      -70.03070029618891
    ],
    "lat_range": [
      25.032105041501012,
      47.438605317694915
    ]
  },
  "summary": "NORMAL: Chl-a 2.48 mg/m\u00b3, 2 bloom pixels detected",
  "analysis_date": "2025-12-18 15:18:36"
}