{
  "total_pixels": 264,
  "good_quality_pixels": 189,
  "mean_chlorophyll": 2.874339489898944,
  "median_chlorophyll": 2.10339960480925,
  "std_chlorophyll": 2.3554088522965015,
  "min_chlorophyll": 0.2,
  "max_chlorophyll": 11.444494071847798,
  "mean_sst": 19.879833611097013,
  "sst_range": [
    12.049818918244657,
    27.909036220564136
  ],
  "bloom_count": 3,
  "bloom_percentage": 1.5873015873015872,
  "bloom_locations": [
    {
      "region": "Gulf of Mexico",
      "bloom_pixels": 1
    },
    {
      "region": "Pacific Coast",
      "bloom_pixels": 2
    }
  ],
  "productivity_distribution": {
    "high": 135,
    "medium": 54
  },
  "regional_stats": {
    "Pacific Coast": {
      "mean_chlorophyll": 3.9844514054294717,
      "mean_sst": 15.17487247879511,
      "pixel_count": 72,
      "bloom_pixels": 2
    },
    "Gulf of Mexico": {
      "mean_chlorophyll": 2.9333880980332983,
      "mean_sst": 24.83274529674789,
      "pixel_count": 63,
      "bloom_pixels": 1
    },
    "Atlantic Coast": {
      "mean_chlorophyll": 1.3253002263681597,
      "mean_sst": 20.37471815424018,
      "pixel_count": 54,
      "bloom_pixels": 0
    }
  },
  "ocean_health_status": "NORMAL - Moderate productivity",
  "spatial_extent": {
    "lon_range": [
      -127.8759201826307,
      -70.25278739293843
    ],
    "lat_range": [
      25.00955863878893,
      47.30197156679355
    ]
  },
  "summary": "NORMAL: Chl-a 2.87 mg/m\u00b3, 3 bloom pixels detected",
  "analysis_date": "2026-02-02 04:53:57"
}