{
  "total_pixels": 264,
  "good_quality_pixels": 176,
  "mean_chlorophyll": 2.450768684319886,
  "median_chlorophyll": 1.9337296890559768,
  "std_chlorophyll": 1.9667125504983634,
  "min_chlorophyll": 0.29255966125105043,
  "max_chlorophyll": 11.078089464936042,
  "mean_sst": 20.345178289193687,
  "sst_range": [
    12.090276005170937,
    27.989124642911854
  ],
  "bloom_count": 1,
  "bloom_percentage": 0.5681818181818182,
  "bloom_locations": [
    {
      "region": "Pacific Coast",
      "bloom_pixels": 1
    }
  ],
  "productivity_distribution": {
    "high": 125,
    "medium": 51
  },
  "regional_stats": {
    "Pacific Coast": {
      "mean_chlorophyll": 3.0613348985143864,
      "mean_sst": 14.899768811791708,
      "pixel_count": 56,
      "bloom_pixels": 1
    },
    "Gulf of Mexico": {
      "mean_chlorophyll": 2.8006573618345034,
      "mean_sst": 25.30601216877426,
      "pixel_count": 69,
      "bloom_pixels": 0
    },
    "Atlantic Coast": {
      "mean_chlorophyll": 1.3069642383708544,
      "mean_sst": 19.61273501553587,
      "pixel_count": 51,
      "bloom_pixels": 0
    }
  },
  "ocean_health_status": "NORMAL - Moderate productivity",
  "spatial_extent": {
    "lon_range": [
      -127.8775842767091,
      -70.03246814434729
    ],
    "lat_range": [
      25.010816438865955,
      47.07461195788576
    ]
  },
  "summary": "NORMAL: Chl-a 2.45 mg/m\u00b3, 1 bloom pixels detected",
  "analysis_date": "2025-12-02 21:15:52"
}