{
  "total_pixels": 264,
  "good_quality_pixels": 182,
  "mean_chlorophyll": 2.5025664527295497,
  "median_chlorophyll": 1.914768411896653,
  "std_chlorophyll": 2.0339140742283193,
  "min_chlorophyll": 0.2,
  "max_chlorophyll": 12.349644978092003,
  "mean_sst": 19.910917566062746,
  "sst_range": [
    12.07390821077694,
    27.950432553166166
  ],
  "bloom_count": 2,
  "bloom_percentage": 1.098901098901099,
  "bloom_locations": [
    {
      "region": "Gulf of Mexico",
      "bloom_pixels": 1
    },
    {
      "region": "Pacific Coast",
      "bloom_pixels": 1
    }
  ],
  "productivity_distribution": {
    "high": 129,
    "medium": 53
  },
  "regional_stats": {
    "Pacific Coast": {
      "mean_chlorophyll": 3.442513140949332,
      "mean_sst": 14.752692656899004,
      "pixel_count": 66,
      "bloom_pixels": 1
    },
    "Gulf of Mexico": {
      "mean_chlorophyll": 2.6376331376576507,
      "mean_sst": 25.07511798737847,
      "pixel_count": 63,
      "bloom_pixels": 1
    },
    "Atlantic Coast": {
      "mean_chlorophyll": 1.1715158381450972,
      "mean_sst": 20.19578959364606,
      "pixel_count": 53,
      "bloom_pixels": 0
    }
  },
  "ocean_health_status": "NORMAL - Moderate productivity",
  "spatial_extent": {
    "lon_range": [
      -127.92331796640727,
      -70.0002654685997
    ],
    "lat_range": [
      25.036240947687936,
      47.47709442766064
    ]
  },
  "summary": "NORMAL: Chl-a 2.50 mg/m\u00b3, 2 bloom pixels detected",
  "analysis_date": "2026-02-03 09:35:39"
}