{
  "total_pixels": 264,
  "good_quality_pixels": 183,
  "mean_chlorophyll": 2.358856862928673,
  "median_chlorophyll": 2.011523991122561,
  "std_chlorophyll": 1.5795081928545869,
  "min_chlorophyll": 0.3,
  "max_chlorophyll": 9.544189406363937,
  "mean_sst": 19.877906613841542,
  "sst_range": [
    12.232544661464487,
    27.960170716923407
  ],
  "bloom_count": 0,
  "bloom_percentage": 0.0,
  "bloom_locations": [],
  "productivity_distribution": {
    "high": 127,
    "medium": 56
  },
  "regional_stats": {
    "Pacific Coast": {
      "mean_chlorophyll": 3.205351190297551,
      "mean_sst": 15.18522586947923,
      "pixel_count": 66,
      "bloom_pixels": 0
    },
    "Gulf of Mexico": {
      "mean_chlorophyll": 2.2794094569229717,
      "mean_sst": 25.18747555495922,
      "pixel_count": 61,
      "bloom_pixels": 0
    },
    "Atlantic Coast": {
      "mean_chlorophyll": 1.4477437586429909,
      "mean_sst": 19.62492846597966,
      "pixel_count": 56,
      "bloom_pixels": 0
    }
  },
  "ocean_health_status": "NORMAL - Moderate productivity",
  "spatial_extent": {
    "lon_range": [
      -127.83738464635351,
      -70.45703173440707
    ],
    "lat_range": [
      25.03235486350664,
      47.423511687615864
    ]
  },
  "summary": "NORMAL: Chl-a 2.36 mg/m\u00b3",
  "analysis_date": "2026-06-13 21:21:26"
}