{
  "total_pixels": 264,
  "good_quality_pixels": 181,
  "mean_chlorophyll": 2.5638186980493836,
  "median_chlorophyll": 1.8960666047046046,
  "std_chlorophyll": 2.1702430329507805,
  "min_chlorophyll": 0.2,
  "max_chlorophyll": 12.0,
  "mean_sst": 20.05404064366925,
  "sst_range": [
    12.026943518675504,
    27.98506249238601
  ],
  "bloom_count": 2,
  "bloom_percentage": 1.1049723756906076,
  "bloom_locations": [
    {
      "region": "Pacific Coast",
      "bloom_pixels": 2
    }
  ],
  "productivity_distribution": {
    "high": 133,
    "medium": 48
  },
  "regional_stats": {
    "Pacific Coast": {
      "mean_chlorophyll": 3.836971051498084,
      "mean_sst": 15.013852007260713,
      "pixel_count": 69,
      "bloom_pixels": 2
    },
    "Gulf of Mexico": {
      "mean_chlorophyll": 2.2000677851293635,
      "mean_sst": 25.046293139238323,
      "pixel_count": 64,
      "bloom_pixels": 0
    },
    "Atlantic Coast": {
      "mean_chlorophyll": 1.2186634071935674,
      "mean_sst": 20.64297514774776,
      "pixel_count": 48,
      "bloom_pixels": 0
    }
  },
  "ocean_health_status": "NORMAL - Moderate productivity",
  "spatial_extent": {
    "lon_range": [
      -127.90515810863127,
      -70.01514482910949
    ],
    "lat_range": [
      25.196315515952808,
      47.39779691001737
    ]
  },
  "summary": "NORMAL: Chl-a 2.56 mg/m\u00b3, 2 bloom pixels detected",
  "analysis_date": "2025-11-27 21:14:06"
}