{
  "total_pixels": 264,
  "good_quality_pixels": 188,
  "mean_chlorophyll": 2.5022031440715726,
  "median_chlorophyll": 1.8908174795409278,
  "std_chlorophyll": 2.051483676915283,
  "min_chlorophyll": 0.2,
  "max_chlorophyll": 15.0,
  "mean_sst": 20.074936859278562,
  "sst_range": [
    12.01134846218975,
    27.93176841426735
  ],
  "bloom_count": 2,
  "bloom_percentage": 1.0638297872340425,
  "bloom_locations": [
    {
      "region": "Gulf of Mexico",
      "bloom_pixels": 1
    },
    {
      "region": "Pacific Coast",
      "bloom_pixels": 1
    }
  ],
  "productivity_distribution": {
    "high": 132,
    "medium": 56
  },
  "regional_stats": {
    "Pacific Coast": {
      "mean_chlorophyll": 3.269638431809154,
      "mean_sst": 15.003698623373268,
      "pixel_count": 65,
      "bloom_pixels": 1
    },
    "Gulf of Mexico": {
      "mean_chlorophyll": 2.7268701819908787,
      "mean_sst": 24.961019005932336,
      "pixel_count": 67,
      "bloom_pixels": 1
    },
    "Atlantic Coast": {
      "mean_chlorophyll": 1.342631979008425,
      "mean_sst": 20.115347243350726,
      "pixel_count": 56,
      "bloom_pixels": 0
    }
  },
  "ocean_health_status": "NORMAL - Moderate productivity",
  "spatial_extent": {
    "lon_range": [
      -127.93172196508745,
      -70.00062579494778
    ],
    "lat_range": [
      25.008437748906985,
      47.46760879381842
    ]
  },
  "summary": "NORMAL: Chl-a 2.50 mg/m\u00b3, 2 bloom pixels detected",
  "analysis_date": "2026-03-10 21:25:46"
}