{
  "total_pixels": 264,
  "good_quality_pixels": 183,
  "mean_chlorophyll": 2.67524794733707,
  "median_chlorophyll": 2.0677299062816346,
  "std_chlorophyll": 2.326469358503558,
  "min_chlorophyll": 0.2,
  "max_chlorophyll": 12.0,
  "mean_sst": 20.21743462336337,
  "sst_range": [
    12.0483949728973,
    27.96997169388498
  ],
  "bloom_count": 4,
  "bloom_percentage": 2.185792349726776,
  "bloom_locations": [
    {
      "region": "Gulf of Mexico",
      "bloom_pixels": 1
    },
    {
      "region": "Pacific Coast",
      "bloom_pixels": 3
    }
  ],
  "productivity_distribution": {
    "high": 125,
    "medium": 58
  },
  "regional_stats": {
    "Pacific Coast": {
      "mean_chlorophyll": 3.958422520460578,
      "mean_sst": 15.179737457723258,
      "pixel_count": 62,
      "bloom_pixels": 3
    },
    "Gulf of Mexico": {
      "mean_chlorophyll": 2.7016414002227895,
      "mean_sst": 25.369113364443013,
      "pixel_count": 63,
      "bloom_pixels": 1
    },
    "Atlantic Coast": {
      "mean_chlorophyll": 1.2749098255188296,
      "mean_sst": 20.006770202357682,
      "pixel_count": 58,
      "bloom_pixels": 0
    }
  },
  "ocean_health_status": "NORMAL - Moderate productivity",
  "spatial_extent": {
    "lon_range": [
      -127.95743199466763,
      -70.03094034523507
    ],
    "lat_range": [
      25.000229217970308,
      47.355920017129144
    ]
  },
  "summary": "NORMAL: Chl-a 2.68 mg/m\u00b3, 4 bloom pixels detected",
  "analysis_date": "2026-05-12 21:23:55"
}