{
  "total_pixels": 264,
  "good_quality_pixels": 180,
  "mean_chlorophyll": 2.406426152856547,
  "median_chlorophyll": 2.006395877272909,
  "std_chlorophyll": 1.8490427654571797,
  "min_chlorophyll": 0.2857021322905473,
  "max_chlorophyll": 9.844181537590828,
  "mean_sst": 20.139426160729556,
  "sst_range": [
    12.07264440596064,
    27.960087867380274
  ],
  "bloom_count": 0,
  "bloom_percentage": 0.0,
  "bloom_locations": [],
  "productivity_distribution": {
    "high": 124,
    "medium": 56
  },
  "regional_stats": {
    "Pacific Coast": {
      "mean_chlorophyll": 3.198667916603579,
      "mean_sst": 14.93954389902998,
      "pixel_count": 63,
      "bloom_pixels": 0
    },
    "Gulf of Mexico": {
      "mean_chlorophyll": 2.666905777335266,
      "mean_sst": 25.16628957392055,
      "pixel_count": 61,
      "bloom_pixels": 0
    },
    "Atlantic Coast": {
      "mean_chlorophyll": 1.2314174348339606,
      "mean_sst": 20.513603201487097,
      "pixel_count": 56,
      "bloom_pixels": 0
    }
  },
  "ocean_health_status": "NORMAL - Moderate productivity",
  "spatial_extent": {
    "lon_range": [
      -127.99776233260899,
      -70.22978019781851
    ],
    "lat_range": [
      25.011893641337696,
      47.37405841514184
    ]
  },
  "summary": "NORMAL: Chl-a 2.41 mg/m\u00b3",
  "analysis_date": "2025-12-19 15:17:46"
}