{
  "total_pixels": 264,
  "good_quality_pixels": 190,
  "mean_chlorophyll": 2.4709773730169506,
  "median_chlorophyll": 1.8240053852446354,
  "std_chlorophyll": 2.205588625882455,
  "min_chlorophyll": 0.2,
  "max_chlorophyll": 15.0,
  "mean_sst": 20.4083542383715,
  "sst_range": [
    12.041478868701137,
    27.96203427085321
  ],
  "bloom_count": 2,
  "bloom_percentage": 1.0526315789473684,
  "bloom_locations": [
    {
      "region": "Gulf of Mexico",
      "bloom_pixels": 2
    }
  ],
  "productivity_distribution": {
    "high": 129,
    "medium": 61
  },
  "regional_stats": {
    "Pacific Coast": {
      "mean_chlorophyll": 3.4911345174100017,
      "mean_sst": 14.897315774091627,
      "pixel_count": 57,
      "bloom_pixels": 0
    },
    "Gulf of Mexico": {
      "mean_chlorophyll": 2.827146822821711,
      "mean_sst": 25.099098215614237,
      "pixel_count": 72,
      "bloom_pixels": 2
    },
    "Atlantic Coast": {
      "mean_chlorophyll": 1.0973190514374982,
      "mean_sst": 20.021397289231768,
      "pixel_count": 61,
      "bloom_pixels": 0
    }
  },
  "ocean_health_status": "NORMAL - Moderate productivity",
  "spatial_extent": {
    "lon_range": [
      -127.84988387216922,
      -70.01620116343882
    ],
    "lat_range": [
      25.074942221275258,
      47.48507509066154
    ]
  },
  "summary": "NORMAL: Chl-a 2.47 mg/m\u00b3, 2 bloom pixels detected",
  "analysis_date": "2025-11-23 03:55:22"
}