{
  "total_pixels": 264,
  "good_quality_pixels": 192,
  "mean_chlorophyll": 2.529809780243497,
  "median_chlorophyll": 1.9676202287218711,
  "std_chlorophyll": 2.084383090834931,
  "min_chlorophyll": 0.283057381949754,
  "max_chlorophyll": 12.0,
  "mean_sst": 20.050879344828804,
  "sst_range": [
    12.071384901285517,
    27.972276125927905
  ],
  "bloom_count": 2,
  "bloom_percentage": 1.0416666666666665,
  "bloom_locations": [
    {
      "region": "Gulf of Mexico",
      "bloom_pixels": 1
    },
    {
      "region": "Pacific Coast",
      "bloom_pixels": 1
    }
  ],
  "productivity_distribution": {
    "high": 132,
    "medium": 60
  },
  "regional_stats": {
    "Pacific Coast": {
      "mean_chlorophyll": 3.2594959781888417,
      "mean_sst": 14.82788035593024,
      "pixel_count": 64,
      "bloom_pixels": 1
    },
    "Gulf of Mexico": {
      "mean_chlorophyll": 2.8877368579454337,
      "mean_sst": 25.11835304842275,
      "pixel_count": 68,
      "bloom_pixels": 1
    },
    "Atlantic Coast": {
      "mean_chlorophyll": 1.3458271477062675,
      "mean_sst": 19.878941402247467,
      "pixel_count": 60,
      "bloom_pixels": 0
    }
  },
  "ocean_health_status": "NORMAL - Moderate productivity",
  "spatial_extent": {
    "lon_range": [
      -127.97447862219798,
      -70.02234048557361
    ],
    "lat_range": [
      25.0236576580037,
      47.20701256281916
    ]
  },
  "summary": "NORMAL: Chl-a 2.53 mg/m\u00b3, 2 bloom pixels detected",
  "analysis_date": "2026-03-08 09:24:52"
}