{
  "total_pixels": 264,
  "good_quality_pixels": 192,
  "mean_chlorophyll": 2.494791363344847,
  "median_chlorophyll": 1.9220481691944729,
  "std_chlorophyll": 2.239828232046798,
  "min_chlorophyll": 0.21900277412847355,
  "max_chlorophyll": 15.0,
  "mean_sst": 20.197299716421785,
  "sst_range": [
    12.042507140913322,
    27.972245936788696
  ],
  "bloom_count": 4,
  "bloom_percentage": 2.083333333333333,
  "bloom_locations": [
    {
      "region": "Gulf of Mexico",
      "bloom_pixels": 2
    },
    {
      "region": "Pacific Coast",
      "bloom_pixels": 2
    }
  ],
  "productivity_distribution": {
    "high": 131,
    "medium": 61
  },
  "regional_stats": {
    "Pacific Coast": {
      "mean_chlorophyll": 3.378015362946367,
      "mean_sst": 15.232195832756114,
      "pixel_count": 63,
      "bloom_pixels": 2
    },
    "Gulf of Mexico": {
      "mean_chlorophyll": 2.870113027802312,
      "mean_sst": 24.69076026243214,
      "pixel_count": 68,
      "bloom_pixels": 2
    },
    "Atlantic Coast": {
      "mean_chlorophyll": 1.164217836164463,
      "mean_sst": 20.31609033186822,
      "pixel_count": 61,
      "bloom_pixels": 0
    }
  },
  "ocean_health_status": "NORMAL - Moderate productivity",
  "spatial_extent": {
    "lon_range": [
      -127.98392811455898,
      -70.28302821453303
    ],
    "lat_range": [
      25.038374143418675,
      47.17133979586044
    ]
  },
  "summary": "NORMAL: Chl-a 2.49 mg/m\u00b3, 4 bloom pixels detected",
  "analysis_date": "2025-12-30 21:16:04"
}