{
  "total_pixels": 264,
  "good_quality_pixels": 206,
  "mean_chlorophyll": 2.8389208025720327,
  "median_chlorophyll": 1.9472131645415214,
  "std_chlorophyll": 2.6340538693851383,
  "min_chlorophyll": 0.2,
  "max_chlorophyll": 15.0,
  "mean_sst": 20.307243284729314,
  "sst_range": [
    12.009050659402725,
    27.979104884253637
  ],
  "bloom_count": 6,
  "bloom_percentage": 2.912621359223301,
  "bloom_locations": [
    {
      "region": "Gulf of Mexico",
      "bloom_pixels": 4
    },
    {
      "region": "Pacific Coast",
      "bloom_pixels": 2
    }
  ],
  "productivity_distribution": {
    "high": 145,
    "medium": 61
  },
  "regional_stats": {
    "Pacific Coast": {
      "mean_chlorophyll": 3.7092971767305354,
      "mean_sst": 15.477999742814832,
      "pixel_count": 71,
      "bloom_pixels": 2
    },
    "Gulf of Mexico": {
      "mean_chlorophyll": 3.2877045021429594,
      "mean_sst": 25.012910721853437,
      "pixel_count": 74,
      "bloom_pixels": 4
    },
    "Atlantic Coast": {
      "mean_chlorophyll": 1.2814336495637983,
      "mean_sst": 20.2196514999546,
      "pixel_count": 61,
      "bloom_pixels": 0
    }
  },
  "ocean_health_status": "NORMAL - Moderate productivity",
  "spatial_extent": {
    "lon_range": [
      -127.94515236829643,
      -70.00072872096507
    ],
    "lat_range": [
      25.013854024606147,
      47.478584173503165
    ]
  },
  "summary": "NORMAL: Chl-a 2.84 mg/m\u00b3, 6 bloom pixels detected",
  "analysis_date": "2026-01-07 04:00:30"
}