{
  "total_pixels": 264,
  "good_quality_pixels": 178,
  "mean_chlorophyll": 2.44960477463768,
  "median_chlorophyll": 1.8770412239455334,
  "std_chlorophyll": 1.9613426667607314,
  "min_chlorophyll": 0.26912801994150004,
  "max_chlorophyll": 12.0,
  "mean_sst": 19.676086966690306,
  "sst_range": [
    12.017857559809006,
    27.924462805135395
  ],
  "bloom_count": 1,
  "bloom_percentage": 0.5617977528089888,
  "bloom_locations": [
    {
      "region": "Pacific Coast",
      "bloom_pixels": 1
    }
  ],
  "productivity_distribution": {
    "high": 125,
    "medium": 53
  },
  "regional_stats": {
    "Pacific Coast": {
      "mean_chlorophyll": 3.3445363115766256,
      "mean_sst": 14.701374477056662,
      "pixel_count": 64,
      "bloom_pixels": 1
    },
    "Gulf of Mexico": {
      "mean_chlorophyll": 2.6274796984692608,
      "mean_sst": 24.961691012570633,
      "pixel_count": 61,
      "bloom_pixels": 0
    },
    "Atlantic Coast": {
      "mean_chlorophyll": 1.1642087610939285,
      "mean_sst": 19.599855882498865,
      "pixel_count": 53,
      "bloom_pixels": 0
    }
  },
  "ocean_health_status": "NORMAL - Moderate productivity",
  "spatial_extent": {
    "lon_range": [
      -127.9722294211206,
      -70.08633168689468
    ],
    "lat_range": [
      25.024008204602353,
      47.485753358057636
    ]
  },
  "summary": "NORMAL: Chl-a 2.45 mg/m\u00b3, 1 bloom pixels detected",
  "analysis_date": "2026-02-08 15:21:10"
}