{
  "total_pixels": 264,
  "good_quality_pixels": 186,
  "mean_chlorophyll": 2.484950056424578,
  "median_chlorophyll": 1.8826378163250683,
  "std_chlorophyll": 1.9746857837410123,
  "min_chlorophyll": 0.2,
  "max_chlorophyll": 12.0,
  "mean_sst": 19.808013652410263,
  "sst_range": [
    12.11969514518581,
    27.995463134088258
  ],
  "bloom_count": 2,
  "bloom_percentage": 1.0752688172043012,
  "bloom_locations": [
    {
      "region": "Pacific Coast",
      "bloom_pixels": 2
    }
  ],
  "productivity_distribution": {
    "high": 126,
    "medium": 60
  },
  "regional_stats": {
    "Pacific Coast": {
      "mean_chlorophyll": 3.6299996895241757,
      "mean_sst": 14.604188107027788,
      "pixel_count": 65,
      "bloom_pixels": 2
    },
    "Gulf of Mexico": {
      "mean_chlorophyll": 2.625614369159828,
      "mean_sst": 24.897896791542653,
      "pixel_count": 61,
      "bloom_pixels": 0
    },
    "Atlantic Coast": {
      "mean_chlorophyll": 1.1014709026191756,
      "mean_sst": 20.27077680179001,
      "pixel_count": 60,
      "bloom_pixels": 0
    }
  },
  "ocean_health_status": "NORMAL - Moderate productivity",
  "spatial_extent": {
    "lon_range": [
      -127.99296518461739,
      -70.63981094468267
    ],
    "lat_range": [
      25.03491492633495,
      47.47116243001882
    ]
  },
  "summary": "NORMAL: Chl-a 2.48 mg/m\u00b3, 2 bloom pixels detected",
  "analysis_date": "2026-04-08 11:46:09"
}