{
  "total_pixels": 264,
  "good_quality_pixels": 183,
  "mean_chlorophyll": 2.759929118319694,
  "median_chlorophyll": 2.0047930059498453,
  "std_chlorophyll": 2.279018254027292,
  "min_chlorophyll": 0.2196806940906964,
  "max_chlorophyll": 11.493051446765739,
  "mean_sst": 20.23881105355754,
  "sst_range": [
    12.165346744837919,
    27.992769081580477
  ],
  "bloom_count": 3,
  "bloom_percentage": 1.639344262295082,
  "bloom_locations": [
    {
      "region": "Gulf of Mexico",
      "bloom_pixels": 2
    },
    {
      "region": "Pacific Coast",
      "bloom_pixels": 1
    }
  ],
  "productivity_distribution": {
    "high": 132,
    "medium": 51
  },
  "regional_stats": {
    "Pacific Coast": {
      "mean_chlorophyll": 3.619792537772551,
      "mean_sst": 14.869556261990052,
      "pixel_count": 61,
      "bloom_pixels": 1
    },
    "Gulf of Mexico": {
      "mean_chlorophyll": 3.028668222912827,
      "mean_sst": 25.156177762065063,
      "pixel_count": 71,
      "bloom_pixels": 2
    },
    "Atlantic Coast": {
      "mean_chlorophyll": 1.3573380396385837,
      "mean_sst": 19.815115092412093,
      "pixel_count": 51,
      "bloom_pixels": 0
    }
  },
  "ocean_health_status": "NORMAL - Moderate productivity",
  "spatial_extent": {
    "lon_range": [
      -127.97291701989163,
      -70.26064406608025
    ],
    "lat_range": [
      25.013926295420557,
      47.19382263129091
    ]
  },
  "summary": "NORMAL: Chl-a 2.76 mg/m\u00b3, 3 bloom pixels detected",
  "analysis_date": "2025-10-20 14:39:48"
}