{
  "total_pixels": 264,
  "good_quality_pixels": 184,
  "mean_chlorophyll": 2.708386109231962,
  "median_chlorophyll": 1.9350397708125051,
  "std_chlorophyll": 2.490575717975826,
  "min_chlorophyll": 0.27593236444041075,
  "max_chlorophyll": 13.242900472012964,
  "mean_sst": 19.942960697125642,
  "sst_range": [
    12.038452324042526,
    27.938580971273154
  ],
  "bloom_count": 4,
  "bloom_percentage": 2.1739130434782608,
  "bloom_locations": [
    {
      "region": "Gulf of Mexico",
      "bloom_pixels": 2
    },
    {
      "region": "Pacific Coast",
      "bloom_pixels": 2
    }
  ],
  "productivity_distribution": {
    "high": 130,
    "medium": 54
  },
  "regional_stats": {
    "Pacific Coast": {
      "mean_chlorophyll": 3.700736069118417,
      "mean_sst": 14.83818605554008,
      "pixel_count": 65,
      "bloom_pixels": 2
    },
    "Gulf of Mexico": {
      "mean_chlorophyll": 3.0397587502298484,
      "mean_sst": 25.067244229264894,
      "pixel_count": 65,
      "bloom_pixels": 2
    },
    "Atlantic Coast": {
      "mean_chlorophyll": 1.1150163118711822,
      "mean_sst": 19.91947777331102,
      "pixel_count": 54,
      "bloom_pixels": 0
    }
  },
  "ocean_health_status": "NORMAL - Moderate productivity",
  "spatial_extent": {
    "lon_range": [
      -127.96542441655905,
      -70.15515742256311
    ],
    "lat_range": [
      25.015632341251965,
      47.41560429548316
    ]
  },
  "summary": "NORMAL: Chl-a 2.71 mg/m\u00b3, 4 bloom pixels detected",
  "analysis_date": "2026-05-20 10:19:14"
}