{
  "total_pixels": 264,
  "good_quality_pixels": 189,
  "mean_chlorophyll": 2.598405737555243,
  "median_chlorophyll": 1.9865385302708467,
  "std_chlorophyll": 2.3323709024578023,
  "min_chlorophyll": 0.23714629497897358,
  "max_chlorophyll": 15.0,
  "mean_sst": 19.940039267116745,
  "sst_range": [
    12.298243443639107,
    27.955694537712816
  ],
  "bloom_count": 5,
  "bloom_percentage": 2.6455026455026456,
  "bloom_locations": [
    {
      "region": "Gulf of Mexico",
      "bloom_pixels": 3
    },
    {
      "region": "Pacific Coast",
      "bloom_pixels": 2
    }
  ],
  "productivity_distribution": {
    "high": 134,
    "medium": 55
  },
  "regional_stats": {
    "Pacific Coast": {
      "mean_chlorophyll": 3.616642600886214,
      "mean_sst": 15.270263518931799,
      "pixel_count": 70,
      "bloom_pixels": 2
    },
    "Gulf of Mexico": {
      "mean_chlorophyll": 2.6104631951538666,
      "mean_sst": 24.886741445843327,
      "pixel_count": 64,
      "bloom_pixels": 3
    },
    "Atlantic Coast": {
      "mean_chlorophyll": 1.2884374153828821,
      "mean_sst": 20.127227684106664,
      "pixel_count": 55,
      "bloom_pixels": 0
    }
  },
  "ocean_health_status": "NORMAL - Moderate productivity",
  "spatial_extent": {
    "lon_range": [
      -127.97293334996084,
      -70.12809356714583
    ],
    "lat_range": [
      25.00579300602906,
      47.37345598216822
    ]
  },
  "summary": "NORMAL: Chl-a 2.60 mg/m\u00b3, 5 bloom pixels detected",
  "analysis_date": "2026-01-13 09:24:12"
}