{
  "total_pixels": 264,
  "good_quality_pixels": 180,
  "mean_chlorophyll": 2.8589550322050243,
  "median_chlorophyll": 1.848232327090792,
  "std_chlorophyll": 2.7390519487175733,
  "min_chlorophyll": 0.2,
  "max_chlorophyll": 15.0,
  "mean_sst": 20.228768314670383,
  "sst_range": [
    12.053578098821797,
    27.937072670778008
  ],
  "bloom_count": 4,
  "bloom_percentage": 2.2222222222222223,
  "bloom_locations": [
    {
      "region": "Gulf of Mexico",
      "bloom_pixels": 4
    }
  ],
  "productivity_distribution": {
    "high": 124,
    "medium": 56
  },
  "regional_stats": {
    "Pacific Coast": {
      "mean_chlorophyll": 3.850548515362433,
      "mean_sst": 14.514081368353038,
      "pixel_count": 57,
      "bloom_pixels": 0
    },
    "Gulf of Mexico": {
      "mean_chlorophyll": 3.3254099404350366,
      "mean_sst": 25.402411651955262,
      "pixel_count": 67,
      "bloom_pixels": 4
    },
    "Atlantic Coast": {
      "mean_chlorophyll": 1.2915745430731829,
      "mean_sst": 19.855608535063265,
      "pixel_count": 56,
      "bloom_pixels": 0
    }
  },
  "ocean_health_status": "NORMAL - Moderate productivity",
  "spatial_extent": {
    "lon_range": [
      -127.91704389547711,
      -70.03454651016878
    ],
    "lat_range": [
      25.108088011257276,
      47.49883278152332
    ]
  },
  "summary": "NORMAL: Chl-a 2.86 mg/m\u00b3, 4 bloom pixels detected",
  "analysis_date": "2026-02-15 09:27:00"
}