{
  "total_pixels": 264,
  "good_quality_pixels": 189,
  "mean_chlorophyll": 2.723614319251227,
  "median_chlorophyll": 2.0261615214148145,
  "std_chlorophyll": 2.505159992101712,
  "min_chlorophyll": 0.2,
  "max_chlorophyll": 12.0,
  "mean_sst": 20.12442734740347,
  "sst_range": [
    12.011263961268144,
    27.950713426834312
  ],
  "bloom_count": 7,
  "bloom_percentage": 3.7037037037037033,
  "bloom_locations": [
    {
      "region": "Gulf of Mexico",
      "bloom_pixels": 3
    },
    {
      "region": "Pacific Coast",
      "bloom_pixels": 4
    }
  ],
  "productivity_distribution": {
    "high": 129,
    "medium": 60
  },
  "regional_stats": {
    "Pacific Coast": {
      "mean_chlorophyll": 4.226729372896689,
      "mean_sst": 14.880569440200093,
      "pixel_count": 63,
      "bloom_pixels": 4
    },
    "Gulf of Mexico": {
      "mean_chlorophyll": 2.510642445342696,
      "mean_sst": 25.075969462832045,
      "pixel_count": 66,
      "bloom_pixels": 3
    },
    "Atlantic Coast": {
      "mean_chlorophyll": 1.3796125742228782,
      "mean_sst": 20.183781822995602,
      "pixel_count": 60,
      "bloom_pixels": 0
    }
  },
  "ocean_health_status": "NORMAL - Moderate productivity",
  "spatial_extent": {
    "lon_range": [
      -127.94996314755682,
      -70.01049438127527
    ],
    "lat_range": [
      25.02349079999012,
      47.47812639848679
    ]
  },
  "summary": "NORMAL: Chl-a 2.72 mg/m\u00b3, 7 bloom pixels detected",
  "analysis_date": "2025-12-26 15:16:52"
}