{
  "total_pixels": 264,
  "good_quality_pixels": 189,
  "mean_chlorophyll": 2.780485876473537,
  "median_chlorophyll": 2.1908050484582033,
  "std_chlorophyll": 2.451012707960379,
  "min_chlorophyll": 0.2,
  "max_chlorophyll": 13.809161675687886,
  "mean_sst": 20.09475874752448,
  "sst_range": [
    12.017698021027314,
    27.897205426666325
  ],
  "bloom_count": 8,
  "bloom_percentage": 4.232804232804233,
  "bloom_locations": [
    {
      "region": "Gulf of Mexico",
      "bloom_pixels": 4
    },
    {
      "region": "Pacific Coast",
      "bloom_pixels": 4
    }
  ],
  "productivity_distribution": {
    "high": 131,
    "medium": 58
  },
  "regional_stats": {
    "Pacific Coast": {
      "mean_chlorophyll": 3.666200483207324,
      "mean_sst": 14.80234132384064,
      "pixel_count": 63,
      "bloom_pixels": 4
    },
    "Gulf of Mexico": {
      "mean_chlorophyll": 3.010532918649654,
      "mean_sst": 25.229400631519564,
      "pixel_count": 68,
      "bloom_pixels": 4
    },
    "Atlantic Coast": {
      "mean_chlorophyll": 1.5487062369527673,
      "mean_sst": 19.823494085117876,
      "pixel_count": 58,
      "bloom_pixels": 0
    }
  },
  "ocean_health_status": "NORMAL - Moderate productivity",
  "spatial_extent": {
    "lon_range": [
      -127.99528350085832,
      -70.06099303221748
    ],
    "lat_range": [
      25.016180117886094,
      47.467800109798
    ]
  },
  "summary": "NORMAL: Chl-a 2.78 mg/m\u00b3, 8 bloom pixels detected",
  "analysis_date": "2026-02-17 21:30:50"
}