{
  "total_pixels": 264,
  "good_quality_pixels": 187,
  "mean_chlorophyll": 2.5414956542612464,
  "median_chlorophyll": 1.8413535658562221,
  "std_chlorophyll": 2.175311050212861,
  "min_chlorophyll": 0.2,
  "max_chlorophyll": 12.0,
  "mean_sst": 20.26314399752785,
  "sst_range": [
    12.131433463493442,
    27.863266975090795
  ],
  "bloom_count": 2,
  "bloom_percentage": 1.06951871657754,
  "bloom_locations": [
    {
      "region": "Pacific Coast",
      "bloom_pixels": 2
    }
  ],
  "productivity_distribution": {
    "high": 133,
    "medium": 54
  },
  "regional_stats": {
    "Pacific Coast": {
      "mean_chlorophyll": 3.5120341191839426,
      "mean_sst": 14.955460989271373,
      "pixel_count": 62,
      "bloom_pixels": 2
    },
    "Gulf of Mexico": {
      "mean_chlorophyll": 2.518378458157558,
      "mean_sst": 24.955725805848342,
      "pixel_count": 71,
      "bloom_pixels": 0
    },
    "Atlantic Coast": {
      "mean_chlorophyll": 1.4575685449678144,
      "mean_sst": 20.18727433310465,
      "pixel_count": 54,
      "bloom_pixels": 0
    }
  },
  "ocean_health_status": "NORMAL - Moderate productivity",
  "spatial_extent": {
    "lon_range": [
      -127.92935008443213,
      -70.03818747557366
    ],
    "lat_range": [
      25.2512661544729,
      47.10616760759149
    ]
  },
  "summary": "NORMAL: Chl-a 2.54 mg/m\u00b3, 2 bloom pixels detected",
  "analysis_date": "2025-11-23 21:13:48"
}