{
  "total_pixels": 264,
  "good_quality_pixels": 176,
  "mean_chlorophyll": 2.657338311504998,
  "median_chlorophyll": 2.1096595454842273,
  "std_chlorophyll": 2.1146374032873223,
  "min_chlorophyll": 0.2815378701936334,
  "max_chlorophyll": 12.0,
  "mean_sst": 19.87811590521482,
  "sst_range": [
    12.022514349653022,
    27.97767728537714
  ],
  "bloom_count": 2,
  "bloom_percentage": 1.1363636363636365,
  "bloom_locations": [
    {
      "region": "Pacific Coast",
      "bloom_pixels": 2
    }
  ],
  "productivity_distribution": {
    "high": 122,
    "medium": 54
  },
  "regional_stats": {
    "Pacific Coast": {
      "mean_chlorophyll": 4.122038234273584,
      "mean_sst": 14.907894799422547,
      "pixel_count": 62,
      "bloom_pixels": 2
    },
    "Gulf of Mexico": {
      "mean_chlorophyll": 2.3828879423616782,
      "mean_sst": 25.026601700223008,
      "pixel_count": 60,
      "bloom_pixels": 0
    },
    "Atlantic Coast": {
      "mean_chlorophyll": 1.2805906621891991,
      "mean_sst": 19.864126291485743,
      "pixel_count": 54,
      "bloom_pixels": 0
    }
  },
  "ocean_health_status": "NORMAL - Moderate productivity",
  "spatial_extent": {
    "lon_range": [
      -127.723573056028,
      -70.29740291360831
    ],
    "lat_range": [
      25.07566231676619,
      47.210376843059905
    ]
  },
  "summary": "NORMAL: Chl-a 2.66 mg/m\u00b3, 2 bloom pixels detected",
  "analysis_date": "2026-01-01 04:07:31"
}