{
  "total_pixels": 264,
  "good_quality_pixels": 177,
  "mean_chlorophyll": 2.622138116592443,
  "median_chlorophyll": 1.842106300036427,
  "std_chlorophyll": 2.341441919914315,
  "min_chlorophyll": 0.20354585209851572,
  "max_chlorophyll": 14.138791101303347,
  "mean_sst": 19.98444302115939,
  "sst_range": [
    12.013748738386246,
    27.976559337341012
  ],
  "bloom_count": 6,
  "bloom_percentage": 3.389830508474576,
  "bloom_locations": [
    {
      "region": "Atlantic Coast",
      "bloom_pixels": 1
    },
    {
      "region": "Gulf of Mexico",
      "bloom_pixels": 3
    },
    {
      "region": "Pacific Coast",
      "bloom_pixels": 2
    }
  ],
  "productivity_distribution": {
    "high": 127,
    "medium": 50
  },
  "regional_stats": {
    "Pacific Coast": {
      "mean_chlorophyll": 3.617410721670765,
      "mean_sst": 15.097367756211248,
      "pixel_count": 59,
      "bloom_pixels": 2
    },
    "Gulf of Mexico": {
      "mean_chlorophyll": 2.7552745864170944,
      "mean_sst": 24.49507793038268,
      "pixel_count": 68,
      "bloom_pixels": 3
    },
    "Atlantic Coast": {
      "mean_chlorophyll": 1.266650843638496,
      "mean_sst": 19.616728357254505,
      "pixel_count": 50,
      "bloom_pixels": 1
    }
  },
  "ocean_health_status": "NORMAL - Moderate productivity",
  "spatial_extent": {
    "lon_range": [
      -127.9892153071489,
      -70.23269901791147
    ],
    "lat_range": [
      25.151453763779124,
      47.1772718580958
    ]
  },
  "summary": "NORMAL: Chl-a 2.62 mg/m\u00b3, 6 bloom pixels detected",
  "analysis_date": "2026-04-16 11:10:53"
}