{
  "total_pixels": 264,
  "good_quality_pixels": 171,
  "mean_chlorophyll": 2.5823266797993885,
  "median_chlorophyll": 1.9027570634912814,
  "std_chlorophyll": 2.161830858713985,
  "min_chlorophyll": 0.31972537587180994,
  "max_chlorophyll": 15.0,
  "mean_sst": 20.332091083335584,
  "sst_range": [
    12.209886590452694,
    27.86293257326887
  ],
  "bloom_count": 1,
  "bloom_percentage": 0.5847953216374269,
  "bloom_locations": [
    {
      "region": "Gulf of Mexico",
      "bloom_pixels": 1
    }
  ],
  "productivity_distribution": {
    "high": 116,
    "medium": 55
  },
  "regional_stats": {
    "Pacific Coast": {
      "mean_chlorophyll": 3.5566245563359553,
      "mean_sst": 15.232654414990762,
      "pixel_count": 58,
      "bloom_pixels": 0
    },
    "Gulf of Mexico": {
      "mean_chlorophyll": 2.7281365483891244,
      "mean_sst": 25.378442348310084,
      "pixel_count": 58,
      "bloom_pixels": 1
    },
    "Atlantic Coast": {
      "mean_chlorophyll": 1.4011221485752863,
      "mean_sst": 20.388072054162475,
      "pixel_count": 55,
      "bloom_pixels": 0
    }
  },
  "ocean_health_status": "NORMAL - Moderate productivity",
  "spatial_extent": {
    "lon_range": [
      -127.92580302536352,
      -70.18360738690947
    ],
    "lat_range": [
      25.16091886209384,
      47.1849729292662
    ]
  },
  "summary": "NORMAL: Chl-a 2.58 mg/m\u00b3, 1 bloom pixels detected",
  "analysis_date": "2026-07-12 11:53:41"
}