{
  "total_pixels": 264,
  "good_quality_pixels": 177,
  "mean_chlorophyll": 2.669521384891135,
  "median_chlorophyll": 1.9225882947781574,
  "std_chlorophyll": 2.4560667664395033,
  "min_chlorophyll": 0.2702270342694932,
  "max_chlorophyll": 13.607307247500463,
  "mean_sst": 20.22144307508312,
  "sst_range": [
    12.195322259993667,
    27.96601303364544
  ],
  "bloom_count": 6,
  "bloom_percentage": 3.389830508474576,
  "bloom_locations": [
    {
      "region": "Gulf of Mexico",
      "bloom_pixels": 3
    },
    {
      "region": "Pacific Coast",
      "bloom_pixels": 3
    }
  ],
  "productivity_distribution": {
    "high": 116,
    "medium": 61
  },
  "regional_stats": {
    "Pacific Coast": {
      "mean_chlorophyll": 3.6820556057650187,
      "mean_sst": 15.393630267704877,
      "pixel_count": 58,
      "bloom_pixels": 3
    },
    "Gulf of Mexico": {
      "mean_chlorophyll": 3.126350385303904,
      "mean_sst": 25.437592416174397,
      "pixel_count": 58,
      "bloom_pixels": 3
    },
    "Atlantic Coast": {
      "mean_chlorophyll": 1.272421928585792,
      "mean_sst": 19.852205059421546,
      "pixel_count": 61,
      "bloom_pixels": 0
    }
  },
  "ocean_health_status": "NORMAL - Moderate productivity",
  "spatial_extent": {
    "lon_range": [
      -127.96410546210006,
      -70.06142156668422
    ],
    "lat_range": [
      25.01399529881712,
      46.90638954303569
    ]
  },
  "summary": "NORMAL: Chl-a 2.67 mg/m\u00b3, 6 bloom pixels detected",
  "analysis_date": "2025-12-11 15:19:49"
}