{
  "total_pixels": 264,
  "good_quality_pixels": 182,
  "mean_chlorophyll": 2.456653448649993,
  "median_chlorophyll": 1.7648749816462466,
  "std_chlorophyll": 2.048324729271023,
  "min_chlorophyll": 0.21694378519278099,
  "max_chlorophyll": 12.0,
  "mean_sst": 19.979500144042234,
  "sst_range": [
    12.074649966823987,
    27.76317156490435
  ],
  "bloom_count": 2,
  "bloom_percentage": 1.098901098901099,
  "bloom_locations": [
    {
      "region": "Pacific Coast",
      "bloom_pixels": 2
    }
  ],
  "productivity_distribution": {
    "high": 125,
    "medium": 57
  },
  "regional_stats": {
    "Pacific Coast": {
      "mean_chlorophyll": 3.6681052958402507,
      "mean_sst": 15.011093945190698,
      "pixel_count": 62,
      "bloom_pixels": 2
    },
    "Gulf of Mexico": {
      "mean_chlorophyll": 2.2532032774060973,
      "mean_sst": 24.906486512638676,
      "pixel_count": 63,
      "bloom_pixels": 0
    },
    "Atlantic Coast": {
      "mean_chlorophyll": 1.3637998743091062,
      "mean_sst": 19.938114935396957,
      "pixel_count": 57,
      "bloom_pixels": 0
    }
  },
  "ocean_health_status": "NORMAL - Moderate productivity",
  "spatial_extent": {
    "lon_range": [
      -127.99861768244259,
      -70.01349565227966
    ],
    "lat_range": [
      25.047644030947062,
      47.23325125105787
    ]
  },
  "summary": "NORMAL: Chl-a 2.46 mg/m\u00b3, 2 bloom pixels detected",
  "analysis_date": "2025-11-05 15:16:33"
}