{
  "total_pixels": 264,
  "good_quality_pixels": 179,
  "mean_chlorophyll": 2.46953968328673,
  "median_chlorophyll": 1.7907205975517875,
  "std_chlorophyll": 2.2083811134337976,
  "min_chlorophyll": 0.2,
  "max_chlorophyll": 13.151401257565196,
  "mean_sst": 20.145223554485028,
  "sst_range": [
    12.224901315563395,
    27.910588836501404
  ],
  "bloom_count": 3,
  "bloom_percentage": 1.675977653631285,
  "bloom_locations": [
    {
      "region": "Gulf of Mexico",
      "bloom_pixels": 2
    },
    {
      "region": "Pacific Coast",
      "bloom_pixels": 1
    }
  ],
  "productivity_distribution": {
    "high": 118,
    "medium": 61
  },
  "regional_stats": {
    "Pacific Coast": {
      "mean_chlorophyll": 3.5962661393398143,
      "mean_sst": 14.969230384417063,
      "pixel_count": 58,
      "bloom_pixels": 1
    },
    "Gulf of Mexico": {
      "mean_chlorophyll": 2.688683716913359,
      "mean_sst": 24.917046441235993,
      "pixel_count": 60,
      "bloom_pixels": 2
    },
    "Atlantic Coast": {
      "mean_chlorophyll": 1.1826744952756378,
      "mean_sst": 20.37306340135198,
      "pixel_count": 61,
      "bloom_pixels": 0
    }
  },
  "ocean_health_status": "NORMAL - Moderate productivity",
  "spatial_extent": {
    "lon_range": [
      -127.99826563123368,
      -70.09302862563783
    ],
    "lat_range": [
      25.16087999986058,
      47.36169591928544
    ]
  },
  "summary": "NORMAL: Chl-a 2.47 mg/m\u00b3, 3 bloom pixels detected",
  "analysis_date": "2026-02-04 09:38:02"
}