{
  "total_pixels": 264,
  "good_quality_pixels": 192,
  "mean_chlorophyll": 2.664702758859734,
  "median_chlorophyll": 2.172508875077849,
  "std_chlorophyll": 2.0532444704760104,
  "min_chlorophyll": 0.2272790126700779,
  "max_chlorophyll": 9.88433021147563,
  "mean_sst": 19.683313741757125,
  "sst_range": [
    12.053349634218225,
    27.985092427552942
  ],
  "bloom_count": 1,
  "bloom_percentage": 0.5208333333333333,
  "bloom_locations": [
    {
      "region": "Atlantic Coast",
      "bloom_pixels": 1
    }
  ],
  "productivity_distribution": {
    "high": 134,
    "medium": 58
  },
  "regional_stats": {
    "Pacific Coast": {
      "mean_chlorophyll": 3.7031664072822994,
      "mean_sst": 14.629914954426251,
      "pixel_count": 67,
      "bloom_pixels": 0
    },
    "Gulf of Mexico": {
      "mean_chlorophyll": 2.6867230408954,
      "mean_sst": 25.071234255643137,
      "pixel_count": 67,
      "bloom_pixels": 0
    },
    "Atlantic Coast": {
      "mean_chlorophyll": 1.4396609771234992,
      "mean_sst": 19.296883471426188,
      "pixel_count": 58,
      "bloom_pixels": 1
    }
  },
  "ocean_health_status": "NORMAL - Moderate productivity",
  "spatial_extent": {
    "lon_range": [
      -127.96286724499605,
      -70.13428181359147
    ],
    "lat_range": [
      25.00517893233201,
      47.48145291284825
    ]
  },
  "summary": "NORMAL: Chl-a 2.66 mg/m\u00b3, 1 bloom pixels detected",
  "analysis_date": "2026-03-25 16:05:22"
}