{
  "total_pixels": 264,
  "good_quality_pixels": 173,
  "mean_chlorophyll": 2.555111464834002,
  "median_chlorophyll": 1.7290685269878474,
  "std_chlorophyll": 2.42943039417741,
  "min_chlorophyll": 0.2809864077427199,
  "max_chlorophyll": 14.137091372324283,
  "mean_sst": 20.525196001310935,
  "sst_range": [
    12.01366367553201,
    27.99286472271892
  ],
  "bloom_count": 5,
  "bloom_percentage": 2.8901734104046244,
  "bloom_locations": [
    {
      "region": "Gulf of Mexico",
      "bloom_pixels": 3
    },
    {
      "region": "Pacific Coast",
      "bloom_pixels": 2
    }
  ],
  "productivity_distribution": {
    "high": 125,
    "medium": 48
  },
  "regional_stats": {
    "Pacific Coast": {
      "mean_chlorophyll": 3.7845767920023556,
      "mean_sst": 15.468406074127854,
      "pixel_count": 54,
      "bloom_pixels": 2
    },
    "Gulf of Mexico": {
      "mean_chlorophyll": 2.514345551305234,
      "mean_sst": 24.902723481972835,
      "pixel_count": 71,
      "bloom_pixels": 3
    },
    "Atlantic Coast": {
      "mean_chlorophyll": 1.2322625521975732,
      "mean_sst": 19.738991937579517,
      "pixel_count": 48,
      "bloom_pixels": 0
    }
  },
  "ocean_health_status": "NORMAL - Moderate productivity",
  "spatial_extent": {
    "lon_range": [
      -127.77019279415124,
      -70.02229252582843
    ],
    "lat_range": [
      25.036214749779255,
      47.40039427115826
    ]
  },
  "summary": "NORMAL: Chl-a 2.56 mg/m\u00b3, 5 bloom pixels detected",
  "analysis_date": "2026-06-18 00:08:01"
}