{
  "total_pixels": 264,
  "good_quality_pixels": 195,
  "mean_chlorophyll": 2.5148871579838263,
  "median_chlorophyll": 1.9338104353729293,
  "std_chlorophyll": 1.9549488732547264,
  "min_chlorophyll": 0.2704793704781557,
  "max_chlorophyll": 11.661965583845891,
  "mean_sst": 20.222988950861392,
  "sst_range": [
    12.035080842389284,
    27.981172391820124
  ],
  "bloom_count": 2,
  "bloom_percentage": 1.0256410256410255,
  "bloom_locations": [
    {
      "region": "Gulf of Mexico",
      "bloom_pixels": 1
    },
    {
      "region": "Pacific Coast",
      "bloom_pixels": 1
    }
  ],
  "productivity_distribution": {
    "high": 137,
    "medium": 58
  },
  "regional_stats": {
    "Pacific Coast": {
      "mean_chlorophyll": 3.5229401837249994,
      "mean_sst": 15.194891782018457,
      "pixel_count": 69,
      "bloom_pixels": 1
    },
    "Gulf of Mexico": {
      "mean_chlorophyll": 2.4689147096242623,
      "mean_sst": 25.2314847500394,
      "pixel_count": 68,
      "bloom_pixels": 1
    },
    "Atlantic Coast": {
      "mean_chlorophyll": 1.3695503944029528,
      "mean_sst": 20.332661197517567,
      "pixel_count": 58,
      "bloom_pixels": 0
    }
  },
  "ocean_health_status": "NORMAL - Moderate productivity",
  "spatial_extent": {
    "lon_range": [
      -127.98845688662418,
      -70.03578121776057
    ],
    "lat_range": [
      25.031077022052564,
      47.43695462097295
    ]
  },
  "summary": "NORMAL: Chl-a 2.51 mg/m\u00b3, 2 bloom pixels detected",
  "analysis_date": "2026-02-07 15:19:58"
}