{
  "total_pixels": 264,
  "good_quality_pixels": 187,
  "mean_chlorophyll": 2.5927658706049606,
  "median_chlorophyll": 2.1166753649343217,
  "std_chlorophyll": 2.0321867889610683,
  "min_chlorophyll": 0.253891952831244,
  "max_chlorophyll": 12.0,
  "mean_sst": 20.25591061364159,
  "sst_range": [
    12.009385635150029,
    27.97513364752129
  ],
  "bloom_count": 1,
  "bloom_percentage": 0.53475935828877,
  "bloom_locations": [
    {
      "region": "Pacific Coast",
      "bloom_pixels": 1
    }
  ],
  "productivity_distribution": {
    "high": 133,
    "medium": 54
  },
  "regional_stats": {
    "Pacific Coast": {
      "mean_chlorophyll": 3.8462205182512603,
      "mean_sst": 14.977761280777335,
      "pixel_count": 63,
      "bloom_pixels": 1
    },
    "Gulf of Mexico": {
      "mean_chlorophyll": 2.607686934562176,
      "mean_sst": 24.847643775750075,
      "pixel_count": 70,
      "bloom_pixels": 0
    },
    "Atlantic Coast": {
      "mean_chlorophyll": 1.1110599950730717,
      "mean_sst": 20.461504810361113,
      "pixel_count": 54,
      "bloom_pixels": 0
    }
  },
  "ocean_health_status": "NORMAL - Moderate productivity",
  "spatial_extent": {
    "lon_range": [
      -127.83489822894052,
      -70.29285918685457
    ],
    "lat_range": [
      25.005497352647584,
      47.453995923770684
    ]
  },
  "summary": "NORMAL: Chl-a 2.59 mg/m\u00b3, 1 bloom pixels detected",
  "analysis_date": "2025-12-07 03:55:30"
}