{
  "total_pixels": 264,
  "good_quality_pixels": 185,
  "mean_chlorophyll": 2.529570309638645,
  "median_chlorophyll": 1.996420314525715,
  "std_chlorophyll": 2.0634700151384058,
  "min_chlorophyll": 0.2,
  "max_chlorophyll": 11.625101175450203,
  "mean_sst": 20.090467371789263,
  "sst_range": [
    12.078099071026411,
    27.898788623621634
  ],
  "bloom_count": 1,
  "bloom_percentage": 0.5405405405405406,
  "bloom_locations": [
    {
      "region": "Pacific Coast",
      "bloom_pixels": 1
    }
  ],
  "productivity_distribution": {
    "high": 125,
    "medium": 60
  },
  "regional_stats": {
    "Pacific Coast": {
      "mean_chlorophyll": 3.6264430743466347,
      "mean_sst": 15.206833809968819,
      "pixel_count": 59,
      "bloom_pixels": 1
    },
    "Gulf of Mexico": {
      "mean_chlorophyll": 2.708786355338584,
      "mean_sst": 24.76365617682435,
      "pixel_count": 66,
      "bloom_pixels": 0
    },
    "Atlantic Coast": {
      "mean_chlorophyll": 1.253841107405854,
      "mean_sst": 19.7521993553741,
      "pixel_count": 60,
      "bloom_pixels": 0
    }
  },
  "ocean_health_status": "NORMAL - Moderate productivity",
  "spatial_extent": {
    "lon_range": [
      -127.9869832316945,
      -70.02067907764594
    ],
    "lat_range": [
      25.169295835020925,
      47.462666011319776
    ]
  },
  "summary": "NORMAL: Chl-a 2.53 mg/m\u00b3, 1 bloom pixels detected",
  "analysis_date": "2025-11-18 09:18:09"
}