{
  "total_pixels": 264,
  "good_quality_pixels": 184,
  "mean_chlorophyll": 2.6083404907432417,
  "median_chlorophyll": 1.8041145498223798,
  "std_chlorophyll": 2.4347238359088856,
  "min_chlorophyll": 0.20301070055840234,
  "max_chlorophyll": 15.0,
  "mean_sst": 20.340290617972585,
  "sst_range": [
    12.095462467466639,
    27.98605237742739
  ],
  "bloom_count": 4,
  "bloom_percentage": 2.1739130434782608,
  "bloom_locations": [
    {
      "region": "Gulf of Mexico",
      "bloom_pixels": 2
    },
    {
      "region": "Pacific Coast",
      "bloom_pixels": 2
    }
  ],
  "productivity_distribution": {
    "high": 125,
    "medium": 59
  },
  "regional_stats": {
    "Pacific Coast": {
      "mean_chlorophyll": 3.6194762320241693,
      "mean_sst": 14.796183189494208,
      "pixel_count": 59,
      "bloom_pixels": 2
    },
    "Gulf of Mexico": {
      "mean_chlorophyll": 2.861811067548044,
      "mean_sst": 25.12903468570284,
      "pixel_count": 66,
      "bloom_pixels": 2
    },
    "Atlantic Coast": {
      "mean_chlorophyll": 1.3136613923586369,
      "mean_sst": 20.527497902888296,
      "pixel_count": 59,
      "bloom_pixels": 0
    }
  },
  "ocean_health_status": "NORMAL - Moderate productivity",
  "spatial_extent": {
    "lon_range": [
      -127.98687823087302,
      -70.20180732248171
    ],
    "lat_range": [
      25.024538436776442,
      46.97713207139518
    ]
  },
  "summary": "NORMAL: Chl-a 2.61 mg/m\u00b3, 4 bloom pixels detected",
  "analysis_date": "2026-04-25 17:43:27"
}