{
  "total_pixels": 264,
  "good_quality_pixels": 177,
  "mean_chlorophyll": 2.6064904727094746,
  "median_chlorophyll": 1.8585309116473439,
  "std_chlorophyll": 2.327078987239585,
  "min_chlorophyll": 0.20571481338558306,
  "max_chlorophyll": 12.609389099809013,
  "mean_sst": 20.370781867487594,
  "sst_range": [
    12.145208605731263,
    27.96416286670089
  ],
  "bloom_count": 4,
  "bloom_percentage": 2.2598870056497176,
  "bloom_locations": [
    {
      "region": "Gulf of Mexico",
      "bloom_pixels": 2
    },
    {
      "region": "Pacific Coast",
      "bloom_pixels": 2
    }
  ],
  "productivity_distribution": {
    "high": 121,
    "medium": 56
  },
  "regional_stats": {
    "Pacific Coast": {
      "mean_chlorophyll": 3.4168297667889926,
      "mean_sst": 15.203330780962402,
      "pixel_count": 58,
      "bloom_pixels": 2
    },
    "Gulf of Mexico": {
      "mean_chlorophyll": 3.109344473080568,
      "mean_sst": 24.980855339629002,
      "pixel_count": 63,
      "bloom_pixels": 2
    },
    "Atlantic Coast": {
      "mean_chlorophyll": 1.201499739138208,
      "mean_sst": 20.53645212237246,
      "pixel_count": 56,
      "bloom_pixels": 0
    }
  },
  "ocean_health_status": "NORMAL - Moderate productivity",
  "spatial_extent": {
    "lon_range": [
      -127.85879446710673,
      -70.06641553409249
    ],
    "lat_range": [
      25.22094040936252,
      47.221474919009786
    ]
  },
  "summary": "NORMAL: Chl-a 2.61 mg/m\u00b3, 4 bloom pixels detected",
  "analysis_date": "2025-10-24 09:17:15"
}