{
  "total_pixels": 264,
  "good_quality_pixels": 176,
  "mean_chlorophyll": 2.486748411588479,
  "median_chlorophyll": 1.8479154697689786,
  "std_chlorophyll": 2.294707771485133,
  "min_chlorophyll": 0.2,
  "max_chlorophyll": 12.0,
  "mean_sst": 20.193425950848177,
  "sst_range": [
    12.0191138291465,
    27.915311878212698
  ],
  "bloom_count": 4,
  "bloom_percentage": 2.272727272727273,
  "bloom_locations": [
    {
      "region": "Gulf of Mexico",
      "bloom_pixels": 1
    },
    {
      "region": "Pacific Coast",
      "bloom_pixels": 3
    }
  ],
  "productivity_distribution": {
    "high": 124,
    "medium": 52
  },
  "regional_stats": {
    "Pacific Coast": {
      "mean_chlorophyll": 3.561418220635034,
      "mean_sst": 14.881309288971416,
      "pixel_count": 57,
      "bloom_pixels": 3
    },
    "Gulf of Mexico": {
      "mean_chlorophyll": 2.6491570265521935,
      "mean_sst": 24.820741110035694,
      "pixel_count": 67,
      "bloom_pixels": 1
    },
    "Atlantic Coast": {
      "mean_chlorophyll": 1.0994877131611225,
      "mean_sst": 20.05420545202918,
      "pixel_count": 52,
      "bloom_pixels": 0
    }
  },
  "ocean_health_status": "NORMAL - Moderate productivity",
  "spatial_extent": {
    "lon_range": [
      -127.85050561710005,
      -70.06246616663536
    ],
    "lat_range": [
      25.100944957506496,
      47.186663260380094
    ]
  },
  "summary": "NORMAL: Chl-a 2.49 mg/m\u00b3, 4 bloom pixels detected",
  "analysis_date": "2025-12-11 09:21:50"
}