{
  "total_pixels": 264,
  "good_quality_pixels": 181,
  "mean_chlorophyll": 2.4828868913100637,
  "median_chlorophyll": 1.7255773637428935,
  "std_chlorophyll": 2.2046522943798665,
  "min_chlorophyll": 0.2,
  "max_chlorophyll": 12.267980369478344,
  "mean_sst": 20.321490052167327,
  "sst_range": [
    12.02139819232563,
    27.976151141010057
  ],
  "bloom_count": 2,
  "bloom_percentage": 1.1049723756906076,
  "bloom_locations": [
    {
      "region": "Gulf of Mexico",
      "bloom_pixels": 1
    },
    {
      "region": "Pacific Coast",
      "bloom_pixels": 1
    }
  ],
  "productivity_distribution": {
    "high": 124,
    "medium": 57
  },
  "regional_stats": {
    "Pacific Coast": {
      "mean_chlorophyll": 3.5414785685442984,
      "mean_sst": 15.040665907136363,
      "pixel_count": 59,
      "bloom_pixels": 1
    },
    "Gulf of Mexico": {
      "mean_chlorophyll": 2.7739631422205315,
      "mean_sst": 25.067583272743704,
      "pixel_count": 65,
      "bloom_pixels": 1
    },
    "Atlantic Coast": {
      "mean_chlorophyll": 1.0552225883977782,
      "mean_sst": 20.375394705138607,
      "pixel_count": 57,
      "bloom_pixels": 0
    }
  },
  "ocean_health_status": "NORMAL - Moderate productivity",
  "spatial_extent": {
    "lon_range": [
      -127.96504913659945,
      -70.07948417738119
    ],
    "lat_range": [
      25.01058778135643,
      47.36148142279313
    ]
  },
  "summary": "NORMAL: Chl-a 2.48 mg/m\u00b3, 2 bloom pixels detected",
  "analysis_date": "2026-04-15 05:16:09"
}