{
  "total_pixels": 264,
  "good_quality_pixels": 190,
  "mean_chlorophyll": 2.5622575422878633,
  "median_chlorophyll": 1.8420575027187949,
  "std_chlorophyll": 2.251621920271648,
  "min_chlorophyll": 0.2,
  "max_chlorophyll": 12.0,
  "mean_sst": 20.058389226541106,
  "sst_range": [
    12.068308021791074,
    27.952908650530667
  ],
  "bloom_count": 4,
  "bloom_percentage": 2.1052631578947367,
  "bloom_locations": [
    {
      "region": "Gulf of Mexico",
      "bloom_pixels": 2
    },
    {
      "region": "Pacific Coast",
      "bloom_pixels": 2
    }
  ],
  "productivity_distribution": {
    "high": 133,
    "medium": 57
  },
  "regional_stats": {
    "Pacific Coast": {
      "mean_chlorophyll": 3.6337884927823896,
      "mean_sst": 14.84214937968417,
      "pixel_count": 63,
      "bloom_pixels": 2
    },
    "Gulf of Mexico": {
      "mean_chlorophyll": 2.6601767112623502,
      "mean_sst": 24.944110861835373,
      "pixel_count": 70,
      "bloom_pixels": 2
    },
    "Atlantic Coast": {
      "mean_chlorophyll": 1.2576822491410344,
      "mean_sst": 19.823697926214596,
      "pixel_count": 57,
      "bloom_pixels": 0
    }
  },
  "ocean_health_status": "NORMAL - Moderate productivity",
  "spatial_extent": {
    "lon_range": [
      -127.87360017925828,
      -70.19020566665321
    ],
    "lat_range": [
      25.00451933709563,
      47.4749510357853
    ]
  },
  "summary": "NORMAL: Chl-a 2.56 mg/m\u00b3, 4 bloom pixels detected",
  "analysis_date": "2026-01-21 09:28:26"
}