{
  "total_pixels": 264,
  "good_quality_pixels": 187,
  "mean_chlorophyll": 2.57414528572292,
  "median_chlorophyll": 2.108285700291556,
  "std_chlorophyll": 1.9498303760773403,
  "min_chlorophyll": 0.292796996809009,
  "max_chlorophyll": 9.502613816698306,
  "mean_sst": 20.283731432864954,
  "sst_range": [
    12.06005401182534,
    27.919371611595235
  ],
  "bloom_count": 0,
  "bloom_percentage": 0.0,
  "bloom_locations": [],
  "productivity_distribution": {
    "high": 128,
    "medium": 59
  },
  "regional_stats": {
    "Pacific Coast": {
      "mean_chlorophyll": 3.5334807528973022,
      "mean_sst": 14.877159188608992,
      "pixel_count": 61,
      "bloom_pixels": 0
    },
    "Gulf of Mexico": {
      "mean_chlorophyll": 2.718239506761903,
      "mean_sst": 25.12872948229438,
      "pixel_count": 67,
      "bloom_pixels": 0
    },
    "Atlantic Coast": {
      "mean_chlorophyll": 1.4186575517017475,
      "mean_sst": 20.371630375031767,
      "pixel_count": 59,
      "bloom_pixels": 0
    }
  },
  "ocean_health_status": "NORMAL - Moderate productivity",
  "spatial_extent": {
    "lon_range": [
      -127.87833525426441,
      -70.06971693910188
    ],
    "lat_range": [
      25.041564102462175,
      47.282508355970975
    ]
  },
  "summary": "NORMAL: Chl-a 2.57 mg/m\u00b3",
  "analysis_date": "2026-04-08 23:31:08"
}