{
  "total_pixels": 264,
  "good_quality_pixels": 192,
  "mean_chlorophyll": 2.688549219358507,
  "median_chlorophyll": 1.9203290800143404,
  "std_chlorophyll": 2.194789227012531,
  "min_chlorophyll": 0.3,
  "max_chlorophyll": 10.82138518198445,
  "mean_sst": 20.01434833506313,
  "sst_range": [
    12.03593473693894,
    27.935049136880238
  ],
  "bloom_count": 2,
  "bloom_percentage": 1.0416666666666665,
  "bloom_locations": [
    {
      "region": "Gulf of Mexico",
      "bloom_pixels": 1
    },
    {
      "region": "Pacific Coast",
      "bloom_pixels": 1
    }
  ],
  "productivity_distribution": {
    "high": 135,
    "medium": 57
  },
  "regional_stats": {
    "Pacific Coast": {
      "mean_chlorophyll": 3.62258423103692,
      "mean_sst": 14.854106186861847,
      "pixel_count": 68,
      "bloom_pixels": 1
    },
    "Gulf of Mexico": {
      "mean_chlorophyll": 3.0862494704254972,
      "mean_sst": 25.14275344954122,
      "pixel_count": 67,
      "bloom_pixels": 1
    },
    "Atlantic Coast": {
      "mean_chlorophyll": 1.1067896120669205,
      "mean_sst": 20.14230137730269,
      "pixel_count": 57,
      "bloom_pixels": 0
    }
  },
  "ocean_health_status": "NORMAL - Moderate productivity",
  "spatial_extent": {
    "lon_range": [
      -127.82763566119837,
      -70.04985416316347
    ],
    "lat_range": [
      25.08974445092658,
      47.37154545090391
    ]
  },
  "summary": "NORMAL: Chl-a 2.69 mg/m\u00b3, 2 bloom pixels detected",
  "analysis_date": "2026-03-22 15:21:19"
}