{
  "total_pixels": 264,
  "good_quality_pixels": 183,
  "mean_chlorophyll": 2.4464737414398328,
  "median_chlorophyll": 1.7316376634181576,
  "std_chlorophyll": 2.4785202316187114,
  "min_chlorophyll": 0.25937513389221656,
  "max_chlorophyll": 15.0,
  "mean_sst": 20.245866874719702,
  "sst_range": [
    12.018477809256252,
    27.96658100651321
  ],
  "bloom_count": 4,
  "bloom_percentage": 2.185792349726776,
  "bloom_locations": [
    {
      "region": "Gulf of Mexico",
      "bloom_pixels": 4
    }
  ],
  "productivity_distribution": {
    "high": 123,
    "medium": 60
  },
  "regional_stats": {
    "Pacific Coast": {
      "mean_chlorophyll": 3.3329942466987323,
      "mean_sst": 15.065884155385461,
      "pixel_count": 58,
      "bloom_pixels": 0
    },
    "Gulf of Mexico": {
      "mean_chlorophyll": 2.6542241948840273,
      "mean_sst": 25.205613544885395,
      "pixel_count": 65,
      "bloom_pixels": 4
    },
    "Atlantic Coast": {
      "mean_chlorophyll": 1.3644409284583525,
      "mean_sst": 19.88012461072997,
      "pixel_count": 60,
      "bloom_pixels": 0
    }
  },
  "ocean_health_status": "NORMAL - Moderate productivity",
  "spatial_extent": {
    "lon_range": [
      -127.90509780456603,
      -70.08146959995213
    ],
    "lat_range": [
      25.013393304242076,
      47.498409313773166
    ]
  },
  "summary": "NORMAL: Chl-a 2.45 mg/m\u00b3, 4 bloom pixels detected",
  "analysis_date": "2025-12-09 09:19:44"
}