{
  "total_pixels": 264,
  "good_quality_pixels": 186,
  "mean_chlorophyll": 2.511689524628534,
  "median_chlorophyll": 1.8876833430657156,
  "std_chlorophyll": 2.1225311379903014,
  "min_chlorophyll": 0.23099551916285083,
  "max_chlorophyll": 12.0,
  "mean_sst": 20.364658456833958,
  "sst_range": [
    12.039381674209112,
    27.95315641322313
  ],
  "bloom_count": 3,
  "bloom_percentage": 1.6129032258064515,
  "bloom_locations": [
    {
      "region": "Gulf of Mexico",
      "bloom_pixels": 1
    },
    {
      "region": "Pacific Coast",
      "bloom_pixels": 2
    }
  ],
  "productivity_distribution": {
    "high": 122,
    "medium": 64
  },
  "regional_stats": {
    "Pacific Coast": {
      "mean_chlorophyll": 3.5999671704265532,
      "mean_sst": 14.909356118640577,
      "pixel_count": 55,
      "bloom_pixels": 2
    },
    "Gulf of Mexico": {
      "mean_chlorophyll": 2.7711556346773256,
      "mean_sst": 25.196138561884215,
      "pixel_count": 67,
      "bloom_pixels": 1
    },
    "Atlantic Coast": {
      "mean_chlorophyll": 1.3048223388135338,
      "mean_sst": 19.994853168744413,
      "pixel_count": 64,
      "bloom_pixels": 0
    }
  },
  "ocean_health_status": "NORMAL - Moderate productivity",
  "spatial_extent": {
    "lon_range": [
      -127.92141595752254,
      -70.07159884221866
    ],
    "lat_range": [
      25.046213165240705,
      47.47106641134647
    ]
  },
  "summary": "NORMAL: Chl-a 2.51 mg/m\u00b3, 3 bloom pixels detected",
  "analysis_date": "2026-02-23 09:49:57"
}