{
  "total_pixels": 264,
  "good_quality_pixels": 176,
  "mean_chlorophyll": 2.40322784270082,
  "median_chlorophyll": 1.8104104080348546,
  "std_chlorophyll": 1.950749781491106,
  "min_chlorophyll": 0.2,
  "max_chlorophyll": 8.103888667594891,
  "mean_sst": 20.206245945579017,
  "sst_range": [
    12.073825519085899,
    27.975309736849454
  ],
  "bloom_count": 0,
  "bloom_percentage": 0.0,
  "bloom_locations": [],
  "productivity_distribution": {
    "high": 128,
    "medium": 48
  },
  "regional_stats": {
    "Pacific Coast": {
      "mean_chlorophyll": 3.6620796785330447,
      "mean_sst": 14.803858837597586,
      "pixel_count": 59,
      "bloom_pixels": 0
    },
    "Gulf of Mexico": {
      "mean_chlorophyll": 2.2654890187668837,
      "mean_sst": 25.147598221871622,
      "pixel_count": 69,
      "bloom_pixels": 0
    },
    "Atlantic Coast": {
      "mean_chlorophyll": 1.0538886872287447,
      "mean_sst": 19.743486201968896,
      "pixel_count": 48,
      "bloom_pixels": 0
    }
  },
  "ocean_health_status": "NORMAL - Moderate productivity",
  "spatial_extent": {
    "lon_range": [
      -127.96702173455922,
      -70.08271980305511
    ],
    "lat_range": [
      25.07051808953097,
      47.383503964400845
    ]
  },
  "summary": "NORMAL: Chl-a 2.40 mg/m\u00b3",
  "analysis_date": "2026-02-13 04:50:09"
}