{
  "total_pixels": 264,
  "good_quality_pixels": 185,
  "mean_chlorophyll": 2.5181840036596053,
  "median_chlorophyll": 1.9766919468454522,
  "std_chlorophyll": 2.0190230957380897,
  "min_chlorophyll": 0.2,
  "max_chlorophyll": 12.0,
  "mean_sst": 20.23648649616458,
  "sst_range": [
    12.020759584028685,
    27.98569393854916
  ],
  "bloom_count": 3,
  "bloom_percentage": 1.6216216216216217,
  "bloom_locations": [
    {
      "region": "Gulf of Mexico",
      "bloom_pixels": 1
    },
    {
      "region": "Pacific Coast",
      "bloom_pixels": 2
    }
  ],
  "productivity_distribution": {
    "high": 130,
    "medium": 55
  },
  "regional_stats": {
    "Pacific Coast": {
      "mean_chlorophyll": 3.451114727191544,
      "mean_sst": 15.134843924190708,
      "pixel_count": 64,
      "bloom_pixels": 2
    },
    "Gulf of Mexico": {
      "mean_chlorophyll": 2.58893388357256,
      "mean_sst": 25.200183025260127,
      "pixel_count": 66,
      "bloom_pixels": 1
    },
    "Atlantic Coast": {
      "mean_chlorophyll": 1.3476920331087128,
      "mean_sst": 20.216507472274056,
      "pixel_count": 55,
      "bloom_pixels": 0
    }
  },
  "ocean_health_status": "NORMAL - Moderate productivity",
  "spatial_extent": {
    "lon_range": [
      -127.99885042054251,
      -70.10450985050753
    ],
    "lat_range": [
      25.044943120078347,
      47.49036091077153
    ]
  },
  "summary": "NORMAL: Chl-a 2.52 mg/m\u00b3, 3 bloom pixels detected",
  "analysis_date": "2026-03-12 21:28:20"
}