{
  "total_pixels": 264,
  "good_quality_pixels": 192,
  "mean_chlorophyll": 2.4786701077142372,
  "median_chlorophyll": 1.7584803354934817,
  "std_chlorophyll": 2.108376298107609,
  "min_chlorophyll": 0.33383449170088053,
  "max_chlorophyll": 15.0,
  "mean_sst": 20.19014651504221,
  "sst_range": [
    12.150570769007404,
    27.835639032351295
  ],
  "bloom_count": 3,
  "bloom_percentage": 1.5625,
  "bloom_locations": [
    {
      "region": "Atlantic Coast",
      "bloom_pixels": 1
    },
    {
      "region": "Gulf of Mexico",
      "bloom_pixels": 2
    }
  ],
  "productivity_distribution": {
    "high": 132,
    "medium": 60
  },
  "regional_stats": {
    "Pacific Coast": {
      "mean_chlorophyll": 3.4028934284873937,
      "mean_sst": 14.537841334543659,
      "pixel_count": 62,
      "bloom_pixels": 0
    },
    "Gulf of Mexico": {
      "mean_chlorophyll": 2.545760254875864,
      "mean_sst": 25.10441384311987,
      "pixel_count": 70,
      "bloom_pixels": 2
    },
    "Atlantic Coast": {
      "mean_chlorophyll": 1.4453675045600767,
      "mean_sst": 20.29754998546678,
      "pixel_count": 60,
      "bloom_pixels": 1
    }
  },
  "ocean_health_status": "NORMAL - Moderate productivity",
  "spatial_extent": {
    "lon_range": [
      -127.95778690198065,
      -70.19306866170294
    ],
    "lat_range": [
      25.05266970444547,
      47.44116466879365
    ]
  },
  "summary": "NORMAL: Chl-a 2.48 mg/m\u00b3, 3 bloom pixels detected",
  "analysis_date": "2026-04-12 11:27:41"
}