{
  "total_pixels": 264,
  "good_quality_pixels": 183,
  "mean_chlorophyll": 2.5819941493486933,
  "median_chlorophyll": 1.9953970392105624,
  "std_chlorophyll": 2.0175533713370073,
  "min_chlorophyll": 0.2,
  "max_chlorophyll": 11.322847217361636,
  "mean_sst": 20.154738338604542,
  "sst_range": [
    12.02774486835302,
    27.984638100914673
  ],
  "bloom_count": 1,
  "bloom_percentage": 0.546448087431694,
  "bloom_locations": [
    {
      "region": "Pacific Coast",
      "bloom_pixels": 1
    }
  ],
  "productivity_distribution": {
    "high": 133,
    "medium": 50
  },
  "regional_stats": {
    "Pacific Coast": {
      "mean_chlorophyll": 3.3552716527813007,
      "mean_sst": 14.552060524247217,
      "pixel_count": 64,
      "bloom_pixels": 1
    },
    "Gulf of Mexico": {
      "mean_chlorophyll": 2.767665679425937,
      "mean_sst": 25.15934943168868,
      "pixel_count": 69,
      "bloom_pixels": 0
    },
    "Atlantic Coast": {
      "mean_chlorophyll": 1.3359722334483606,
      "mean_sst": 20.4198026325258,
      "pixel_count": 50,
      "bloom_pixels": 0
    }
  },
  "ocean_health_status": "NORMAL - Moderate productivity",
  "spatial_extent": {
    "lon_range": [
      -127.95333590857832,
      -70.14674158548343
    ],
    "lat_range": [
      25.37861669234178,
      46.897563851055516
    ]
  },
  "summary": "NORMAL: Chl-a 2.58 mg/m\u00b3, 1 bloom pixels detected",
  "analysis_date": "2025-11-28 15:15:53"
}