{
  "total_pixels": 264,
  "good_quality_pixels": 177,
  "mean_chlorophyll": 2.6455950872087928,
  "median_chlorophyll": 1.9894114487487868,
  "std_chlorophyll": 2.062615098347133,
  "min_chlorophyll": 0.29536143943595033,
  "max_chlorophyll": 10.948303302618342,
  "mean_sst": 19.889596805953705,
  "sst_range": [
    12.256314218599595,
    27.810945495247786
  ],
  "bloom_count": 1,
  "bloom_percentage": 0.5649717514124294,
  "bloom_locations": [
    {
      "region": "Gulf of Mexico",
      "bloom_pixels": 1
    }
  ],
  "productivity_distribution": {
    "high": 119,
    "medium": 58
  },
  "regional_stats": {
    "Pacific Coast": {
      "mean_chlorophyll": 3.438947557207433,
      "mean_sst": 14.726421732191813,
      "pixel_count": 57,
      "bloom_pixels": 0
    },
    "Gulf of Mexico": {
      "mean_chlorophyll": 3.0933811900836146,
      "mean_sst": 24.66778418600932,
      "pixel_count": 62,
      "bloom_pixels": 1
    },
    "Atlantic Coast": {
      "mean_chlorophyll": 1.3872532049991135,
      "mean_sst": 19.856034075625765,
      "pixel_count": 58,
      "bloom_pixels": 0
    }
  },
  "ocean_health_status": "NORMAL - Moderate productivity",
  "spatial_extent": {
    "lon_range": [
      -127.95818834469297,
      -70.1208972205145
    ],
    "lat_range": [
      25.034279874707345,
      47.33269710357784
    ]
  },
  "summary": "NORMAL: Chl-a 2.65 mg/m\u00b3, 1 bloom pixels detected",
  "analysis_date": "2026-03-23 09:57:58"
}