{
  "total_pixels": 264,
  "good_quality_pixels": 182,
  "mean_chlorophyll": 2.7744419144970003,
  "median_chlorophyll": 2.1012786418945564,
  "std_chlorophyll": 2.363831203158389,
  "min_chlorophyll": 0.2,
  "max_chlorophyll": 15.0,
  "mean_sst": 20.264649825437278,
  "sst_range": [
    12.146983511552879,
    27.987987423798376
  ],
  "bloom_count": 4,
  "bloom_percentage": 2.197802197802198,
  "bloom_locations": [
    {
      "region": "Gulf of Mexico",
      "bloom_pixels": 3
    },
    {
      "region": "Pacific Coast",
      "bloom_pixels": 1
    }
  ],
  "productivity_distribution": {
    "high": 132,
    "medium": 50
  },
  "regional_stats": {
    "Pacific Coast": {
      "mean_chlorophyll": 3.583975987143574,
      "mean_sst": 15.005630652253991,
      "pixel_count": 61,
      "bloom_pixels": 1
    },
    "Gulf of Mexico": {
      "mean_chlorophyll": 3.0517479455373406,
      "mean_sst": 24.978828658474235,
      "pixel_count": 71,
      "bloom_pixels": 3
    },
    "Atlantic Coast": {
      "mean_chlorophyll": 1.393035781790898,
      "mean_sst": 19.986519273808412,
      "pixel_count": 50,
      "bloom_pixels": 0
    }
  },
  "ocean_health_status": "NORMAL - Moderate productivity",
  "spatial_extent": {
    "lon_range": [
      -127.8728159607721,
      -70.10659085393087
    ],
    "lat_range": [
      25.08241568104841,
      47.04986161147459
    ]
  },
  "summary": "NORMAL: Chl-a 2.77 mg/m\u00b3, 4 bloom pixels detected",
  "analysis_date": "2025-11-02 09:13:38"
}