{
  "total_pixels": 264,
  "good_quality_pixels": 178,
  "mean_chlorophyll": 2.5107286882671067,
  "median_chlorophyll": 1.9120060250461104,
  "std_chlorophyll": 2.1169203133843406,
  "min_chlorophyll": 0.2,
  "max_chlorophyll": 15.0,
  "mean_sst": 19.866716256257426,
  "sst_range": [
    12.09640522659084,
    27.97808772824192
  ],
  "bloom_count": 3,
  "bloom_percentage": 1.6853932584269662,
  "bloom_locations": [
    {
      "region": "Gulf of Mexico",
      "bloom_pixels": 2
    },
    {
      "region": "Pacific Coast",
      "bloom_pixels": 1
    }
  ],
  "productivity_distribution": {
    "high": 128,
    "medium": 50
  },
  "regional_stats": {
    "Pacific Coast": {
      "mean_chlorophyll": 3.2563195354422296,
      "mean_sst": 14.840886428695644,
      "pixel_count": 68,
      "bloom_pixels": 1
    },
    "Gulf of Mexico": {
      "mean_chlorophyll": 2.6138835212842726,
      "mean_sst": 25.26949424727786,
      "pixel_count": 60,
      "bloom_pixels": 2
    },
    "Atlantic Coast": {
      "mean_chlorophyll": 1.3729393364883404,
      "mean_sst": 20.21851123251693,
      "pixel_count": 50,
      "bloom_pixels": 0
    }
  },
  "ocean_health_status": "NORMAL - Moderate productivity",
  "spatial_extent": {
    "lon_range": [
      -127.96351636380547,
      -70.14751731779253
    ],
    "lat_range": [
      25.091598408440493,
      47.15023224210641
    ]
  },
  "summary": "NORMAL: Chl-a 2.51 mg/m\u00b3, 3 bloom pixels detected",
  "analysis_date": "2025-11-24 21:15:21"
}