{
  "total_pixels": 264,
  "good_quality_pixels": 177,
  "mean_chlorophyll": 2.382032328274686,
  "median_chlorophyll": 1.6971954091757027,
  "std_chlorophyll": 2.086494516300979,
  "min_chlorophyll": 0.24932769061645502,
  "max_chlorophyll": 15.0,
  "mean_sst": 20.17721088680575,
  "sst_range": [
    12.089663412213918,
    27.97255553411351
  ],
  "bloom_count": 2,
  "bloom_percentage": 1.1299435028248588,
  "bloom_locations": [
    {
      "region": "Gulf of Mexico",
      "bloom_pixels": 1
    },
    {
      "region": "Pacific Coast",
      "bloom_pixels": 1
    }
  ],
  "productivity_distribution": {
    "high": 124,
    "medium": 53
  },
  "regional_stats": {
    "Pacific Coast": {
      "mean_chlorophyll": 3.395241604499837,
      "mean_sst": 14.972093086459296,
      "pixel_count": 60,
      "bloom_pixels": 1
    },
    "Gulf of Mexico": {
      "mean_chlorophyll": 2.2576289671205774,
      "mean_sst": 24.92112846234706,
      "pixel_count": 64,
      "bloom_pixels": 1
    },
    "Atlantic Coast": {
      "mean_chlorophyll": 1.3852258856398538,
      "mean_sst": 20.341292833714117,
      "pixel_count": 53,
      "bloom_pixels": 0
    }
  },
  "ocean_health_status": "NORMAL - Moderate productivity",
  "spatial_extent": {
    "lon_range": [
      -127.91530316490895,
      -70.17363107730407
    ],
    "lat_range": [
      25.16996489168028,
      47.44545933297056
    ]
  },
  "summary": "NORMAL: Chl-a 2.38 mg/m\u00b3, 2 bloom pixels detected",
  "analysis_date": "2025-12-07 21:13:07"
}