{
  "total_pixels": 264,
  "good_quality_pixels": 187,
  "mean_chlorophyll": 2.697745545255649,
  "median_chlorophyll": 2.1341181203866113,
  "std_chlorophyll": 2.2050230572632534,
  "min_chlorophyll": 0.22568963293952504,
  "max_chlorophyll": 12.721770248663185,
  "mean_sst": 19.743462518353894,
  "sst_range": [
    12.079550215546819,
    27.905287639724847
  ],
  "bloom_count": 3,
  "bloom_percentage": 1.6042780748663104,
  "bloom_locations": [
    {
      "region": "Gulf of Mexico",
      "bloom_pixels": 2
    },
    {
      "region": "Pacific Coast",
      "bloom_pixels": 1
    }
  ],
  "productivity_distribution": {
    "high": 137,
    "medium": 50
  },
  "regional_stats": {
    "Pacific Coast": {
      "mean_chlorophyll": 3.61582317730859,
      "mean_sst": 14.828892493049963,
      "pixel_count": 70,
      "bloom_pixels": 1
    },
    "Gulf of Mexico": {
      "mean_chlorophyll": 2.6308521156551734,
      "mean_sst": 24.734912486393355,
      "pixel_count": 67,
      "bloom_pixels": 2
    },
    "Atlantic Coast": {
      "mean_chlorophyll": 1.5020740560461678,
      "mean_sst": 19.93531759660652,
      "pixel_count": 50,
      "bloom_pixels": 0
    }
  },
  "ocean_health_status": "NORMAL - Moderate productivity",
  "spatial_extent": {
    "lon_range": [
      -127.98962651753354,
      -70.05681329399228
    ],
    "lat_range": [
      25.071277415122694,
      47.42229077363108
    ]
  },
  "summary": "NORMAL: Chl-a 2.70 mg/m\u00b3, 3 bloom pixels detected",
  "analysis_date": "2026-06-18 22:19:27"
}