{
  "total_pixels": 264,
  "good_quality_pixels": 188,
  "mean_chlorophyll": 2.396305623599672,
  "median_chlorophyll": 1.8393400443291807,
  "std_chlorophyll": 2.0422394165842093,
  "min_chlorophyll": 0.23376134186648903,
  "max_chlorophyll": 10.448944517072354,
  "mean_sst": 20.150513600085525,
  "sst_range": [
    12.379157249796867,
    27.931146270499063
  ],
  "bloom_count": 1,
  "bloom_percentage": 0.5319148936170213,
  "bloom_locations": [
    {
      "region": "Pacific Coast",
      "bloom_pixels": 1
    }
  ],
  "productivity_distribution": {
    "high": 130,
    "medium": 58
  },
  "regional_stats": {
    "Pacific Coast": {
      "mean_chlorophyll": 3.632050036892724,
      "mean_sst": 15.134464886634369,
      "pixel_count": 61,
      "bloom_pixels": 1
    },
    "Gulf of Mexico": {
      "mean_chlorophyll": 2.388938300072776,
      "mean_sst": 25.209609019014742,
      "pixel_count": 69,
      "bloom_pixels": 0
    },
    "Atlantic Coast": {
      "mean_chlorophyll": 1.1054079703665618,
      "mean_sst": 19.40743407619595,
      "pixel_count": 58,
      "bloom_pixels": 0
    }
  },
  "ocean_health_status": "NORMAL - Moderate productivity",
  "spatial_extent": {
    "lon_range": [
      -127.92781062989036,
      -70.16665939610706
    ],
    "lat_range": [
      25.004483946288058,
      47.47332835226858
    ]
  },
  "summary": "NORMAL: Chl-a 2.40 mg/m\u00b3, 1 bloom pixels detected",
  "analysis_date": "2025-11-10 15:17:26"
}