{
  "total_pixels": 264,
  "good_quality_pixels": 190,
  "mean_chlorophyll": 2.4852914457561925,
  "median_chlorophyll": 2.0187616933785066,
  "std_chlorophyll": 1.8355497905806597,
  "min_chlorophyll": 0.20600602090794345,
  "max_chlorophyll": 12.0,
  "mean_sst": 19.78770815358603,
  "sst_range": [
    12.289524320632037,
    27.939208800019532
  ],
  "bloom_count": 1,
  "bloom_percentage": 0.5263157894736842,
  "bloom_locations": [
    {
      "region": "Pacific Coast",
      "bloom_pixels": 1
    }
  ],
  "productivity_distribution": {
    "high": 133,
    "medium": 57
  },
  "regional_stats": {
    "Pacific Coast": {
      "mean_chlorophyll": 3.625793883416392,
      "mean_sst": 14.811538435947362,
      "pixel_count": 63,
      "bloom_pixels": 1
    },
    "Gulf of Mexico": {
      "mean_chlorophyll": 2.458453878211394,
      "mean_sst": 24.542453765516573,
      "pixel_count": 70,
      "bloom_pixels": 0
    },
    "Atlantic Coast": {
      "mean_chlorophyll": 1.2576945362043204,
      "mean_sst": 19.448523932114075,
      "pixel_count": 57,
      "bloom_pixels": 0
    }
  },
  "ocean_health_status": "NORMAL - Moderate productivity",
  "spatial_extent": {
    "lon_range": [
      -127.92500011293139,
      -70.18442312047489
    ],
    "lat_range": [
      25.04001176505007,
      47.43585357276052
    ]
  },
  "summary": "NORMAL: Chl-a 2.49 mg/m\u00b3, 1 bloom pixels detected",
  "analysis_date": "2025-12-27 21:13:52"
}