{
  "total_pixels": 264,
  "good_quality_pixels": 188,
  "mean_chlorophyll": 2.8295186286645366,
  "median_chlorophyll": 2.06481944434464,
  "std_chlorophyll": 2.4274728158966625,
  "min_chlorophyll": 0.25667954172172025,
  "max_chlorophyll": 12.0,
  "mean_sst": 20.403935082513495,
  "sst_range": [
    12.13260067946791,
    27.922162473496137
  ],
  "bloom_count": 3,
  "bloom_percentage": 1.5957446808510638,
  "bloom_locations": [
    {
      "region": "Gulf of Mexico",
      "bloom_pixels": 1
    },
    {
      "region": "Pacific Coast",
      "bloom_pixels": 2
    }
  ],
  "productivity_distribution": {
    "high": 131,
    "medium": 57
  },
  "regional_stats": {
    "Pacific Coast": {
      "mean_chlorophyll": 4.2839697860494725,
      "mean_sst": 15.133151101857528,
      "pixel_count": 60,
      "bloom_pixels": 2
    },
    "Gulf of Mexico": {
      "mean_chlorophyll": 2.803334544426881,
      "mean_sst": 24.988750521236636,
      "pixel_count": 71,
      "bloom_pixels": 1
    },
    "Atlantic Coast": {
      "mean_chlorophyll": 1.3311326731869457,
      "mean_sst": 20.241218287601484,
      "pixel_count": 57,
      "bloom_pixels": 0
    }
  },
  "ocean_health_status": "NORMAL - Moderate productivity",
  "spatial_extent": {
    "lon_range": [
      -127.89757270925104,
      -70.2096258128555
    ],
    "lat_range": [
      25.045489392553762,
      47.38059368300467
    ]
  },
  "summary": "NORMAL: Chl-a 2.83 mg/m\u00b3, 3 bloom pixels detected",
  "analysis_date": "2025-11-03 21:14:23"
}