{
  "total_pixels": 264,
  "good_quality_pixels": 183,
  "mean_chlorophyll": 2.705756461387975,
  "median_chlorophyll": 1.9324963410929537,
  "std_chlorophyll": 2.45153112045314,
  "min_chlorophyll": 0.2,
  "max_chlorophyll": 14.178752318090972,
  "mean_sst": 19.87802261891503,
  "sst_range": [
    12.032383930859634,
    27.945577262423793
  ],
  "bloom_count": 4,
  "bloom_percentage": 2.185792349726776,
  "bloom_locations": [
    {
      "region": "Gulf of Mexico",
      "bloom_pixels": 4
    }
  ],
  "productivity_distribution": {
    "high": 128,
    "medium": 55
  },
  "regional_stats": {
    "Pacific Coast": {
      "mean_chlorophyll": 3.377928438658253,
      "mean_sst": 14.514963284398219,
      "pixel_count": 66,
      "bloom_pixels": 0
    },
    "Gulf of Mexico": {
      "mean_chlorophyll": 3.299899174569759,
      "mean_sst": 25.085593832027207,
      "pixel_count": 62,
      "bloom_pixels": 4
    },
    "Atlantic Coast": {
      "mean_chlorophyll": 1.2293892119859904,
      "mean_sst": 20.44334081646329,
      "pixel_count": 55,
      "bloom_pixels": 0
    }
  },
  "ocean_health_status": "NORMAL - Moderate productivity",
  "spatial_extent": {
    "lon_range": [
      -127.84859417211484,
      -70.00332225485501
    ],
    "lat_range": [
      25.037487344727936,
      47.459926823807585
    ]
  },
  "summary": "NORMAL: Chl-a 2.71 mg/m\u00b3, 4 bloom pixels detected",
  "analysis_date": "2026-01-21 21:24:28"
}