{
  "total_pixels": 264,
  "good_quality_pixels": 191,
  "mean_chlorophyll": 2.440729665694037,
  "median_chlorophyll": 1.7184834394303707,
  "std_chlorophyll": 2.261176559169894,
  "min_chlorophyll": 0.23767168975905892,
  "max_chlorophyll": 15.0,
  "mean_sst": 20.164551596518344,
  "sst_range": [
    12.07144474103174,
    27.993931254770278
  ],
  "bloom_count": 3,
  "bloom_percentage": 1.5706806282722512,
  "bloom_locations": [
    {
      "region": "Gulf of Mexico",
      "bloom_pixels": 2
    },
    {
      "region": "Pacific Coast",
      "bloom_pixels": 1
    }
  ],
  "productivity_distribution": {
    "high": 133,
    "medium": 58
  },
  "regional_stats": {
    "Pacific Coast": {
      "mean_chlorophyll": 3.519926192158832,
      "mean_sst": 15.439770728278033,
      "pixel_count": 66,
      "bloom_pixels": 1
    },
    "Gulf of Mexico": {
      "mean_chlorophyll": 2.5251944423407,
      "mean_sst": 25.017642242889682,
      "pixel_count": 67,
      "bloom_pixels": 2
    },
    "Atlantic Coast": {
      "mean_chlorophyll": 1.1151070660043305,
      "mean_sst": 19.93486994129387,
      "pixel_count": 58,
      "bloom_pixels": 0
    }
  },
  "ocean_health_status": "NORMAL - Moderate productivity",
  "spatial_extent": {
    "lon_range": [
      -127.80447070070521,
      -70.2517639955864
    ],
    "lat_range": [
      25.083417964623337,
      47.1228000872186
    ]
  },
  "summary": "NORMAL: Chl-a 2.44 mg/m\u00b3, 3 bloom pixels detected",
  "analysis_date": "2025-12-03 15:19:11"
}