{
  "total_pixels": 264,
  "good_quality_pixels": 185,
  "mean_chlorophyll": 2.820879528099558,
  "median_chlorophyll": 1.7810199158651487,
  "std_chlorophyll": 2.59229723362212,
  "min_chlorophyll": 0.26213844780767487,
  "max_chlorophyll": 13.578410781380688,
  "mean_sst": 20.34454141957965,
  "sst_range": [
    12.019195707481256,
    27.96976617054241
  ],
  "bloom_count": 5,
  "bloom_percentage": 2.7027027027027026,
  "bloom_locations": [
    {
      "region": "Gulf of Mexico",
      "bloom_pixels": 2
    },
    {
      "region": "Pacific Coast",
      "bloom_pixels": 3
    }
  ],
  "productivity_distribution": {
    "high": 129,
    "medium": 56
  },
  "regional_stats": {
    "Pacific Coast": {
      "mean_chlorophyll": 4.1840286509442075,
      "mean_sst": 15.14735195747965,
      "pixel_count": 57,
      "bloom_pixels": 3
    },
    "Gulf of Mexico": {
      "mean_chlorophyll": 2.97415690640368,
      "mean_sst": 24.956678930038986,
      "pixel_count": 72,
      "bloom_pixels": 2
    },
    "Atlantic Coast": {
      "mean_chlorophyll": 1.236317541670239,
      "mean_sst": 19.70464675148371,
      "pixel_count": 56,
      "bloom_pixels": 0
    }
  },
  "ocean_health_status": "NORMAL - Moderate productivity",
  "spatial_extent": {
    "lon_range": [
      -127.79532931716028,
      -70.16904755537466
    ],
    "lat_range": [
      25.044808040107764,
      47.34527139900143
    ]
  },
  "summary": "NORMAL: Chl-a 2.82 mg/m\u00b3, 5 bloom pixels detected",
  "analysis_date": "2026-01-01 21:15:23"
}