{
  "total_pixels": 264,
  "good_quality_pixels": 198,
  "mean_chlorophyll": 2.650395507166947,
  "median_chlorophyll": 1.8728642661215524,
  "std_chlorophyll": 2.2643015306531855,
  "min_chlorophyll": 0.20960359685326732,
  "max_chlorophyll": 11.256757415694931,
  "mean_sst": 20.01503672070034,
  "sst_range": [
    12.020731785957464,
    27.951823617966106
  ],
  "bloom_count": 3,
  "bloom_percentage": 1.5151515151515151,
  "bloom_locations": [
    {
      "region": "Gulf of Mexico",
      "bloom_pixels": 1
    },
    {
      "region": "Pacific Coast",
      "bloom_pixels": 2
    }
  ],
  "productivity_distribution": {
    "high": 138,
    "medium": 60
  },
  "regional_stats": {
    "Pacific Coast": {
      "mean_chlorophyll": 3.723109600323275,
      "mean_sst": 15.28818885262218,
      "pixel_count": 67,
      "bloom_pixels": 2
    },
    "Gulf of Mexico": {
      "mean_chlorophyll": 2.7843533166041814,
      "mean_sst": 24.971683827061703,
      "pixel_count": 71,
      "bloom_pixels": 1
    },
    "Atlantic Coast": {
      "mean_chlorophyll": 1.294014695308321,
      "mean_sst": 19.427984430860022,
      "pixel_count": 60,
      "bloom_pixels": 0
    }
  },
  "ocean_health_status": "NORMAL - Moderate productivity",
  "spatial_extent": {
    "lon_range": [
      -127.96668177262396,
      -70.06045431959691
    ],
    "lat_range": [
      25.174840340590123,
      47.36505846387376
    ]
  },
  "summary": "NORMAL: Chl-a 2.65 mg/m\u00b3, 3 bloom pixels detected",
  "analysis_date": "2026-01-25 09:17:38"
}