{
  "total_pixels": 264,
  "good_quality_pixels": 185,
  "mean_chlorophyll": 2.604713225305436,
  "median_chlorophyll": 1.7423344105112593,
  "std_chlorophyll": 2.559044145550412,
  "min_chlorophyll": 0.23454737153988547,
  "max_chlorophyll": 15.0,
  "mean_sst": 19.977019744292427,
  "sst_range": [
    12.120427202319203,
    27.927049543280926
  ],
  "bloom_count": 6,
  "bloom_percentage": 3.2432432432432434,
  "bloom_locations": [
    {
      "region": "Gulf of Mexico",
      "bloom_pixels": 2
    },
    {
      "region": "Pacific Coast",
      "bloom_pixels": 4
    }
  ],
  "productivity_distribution": {
    "high": 126,
    "medium": 59
  },
  "regional_stats": {
    "Pacific Coast": {
      "mean_chlorophyll": 3.6173039079052938,
      "mean_sst": 15.012291590860963,
      "pixel_count": 61,
      "bloom_pixels": 4
    },
    "Gulf of Mexico": {
      "mean_chlorophyll": 3.052864433087167,
      "mean_sst": 25.129975485738896,
      "pixel_count": 65,
      "bloom_pixels": 2
    },
    "Atlantic Coast": {
      "mean_chlorophyll": 1.0640715279426598,
      "mean_sst": 19.433058628450034,
      "pixel_count": 59,
      "bloom_pixels": 0
    }
  },
  "ocean_health_status": "NORMAL - Moderate productivity",
  "spatial_extent": {
    "lon_range": [
      -127.99127717921306,
      -70.30005858445486
    ],
    "lat_range": [
      25.00709882734176,
      47.32512740714918
    ]
  },
  "summary": "NORMAL: Chl-a 2.60 mg/m\u00b3, 6 bloom pixels detected",
  "analysis_date": "2026-02-10 21:37:52"
}