{
  "total_pixels": 264,
  "good_quality_pixels": 181,
  "mean_chlorophyll": 2.4858011200849965,
  "median_chlorophyll": 1.8271476913958187,
  "std_chlorophyll": 1.913135108749195,
  "min_chlorophyll": 0.26771816135951554,
  "max_chlorophyll": 12.0,
  "mean_sst": 20.176572149568784,
  "sst_range": [
    12.027504413726295,
    27.87922531476551
  ],
  "bloom_count": 1,
  "bloom_percentage": 0.5524861878453038,
  "bloom_locations": [
    {
      "region": "Pacific Coast",
      "bloom_pixels": 1
    }
  ],
  "productivity_distribution": {
    "high": 122,
    "medium": 59
  },
  "regional_stats": {
    "Pacific Coast": {
      "mean_chlorophyll": 3.00821196077331,
      "mean_sst": 15.245640837776214,
      "pixel_count": 58,
      "bloom_pixels": 1
    },
    "Gulf of Mexico": {
      "mean_chlorophyll": 2.9635614526544733,
      "mean_sst": 25.013728229829752,
      "pixel_count": 64,
      "bloom_pixels": 0
    },
    "Atlantic Coast": {
      "mean_chlorophyll": 1.453996204078746,
      "mean_sst": 19.77684379274281,
      "pixel_count": 59,
      "bloom_pixels": 0
    }
  },
  "ocean_health_status": "NORMAL - Moderate productivity",
  "spatial_extent": {
    "lon_range": [
      -127.92438617289808,
      -70.22374141777738
    ],
    "lat_range": [
      25.00118113990972,
      47.42372622181601
    ]
  },
  "summary": "NORMAL: Chl-a 2.49 mg/m\u00b3, 1 bloom pixels detected",
  "analysis_date": "2026-04-12 05:16:02"
}