{
  "total_pixels": 264,
  "good_quality_pixels": 190,
  "mean_chlorophyll": 2.4104676457563925,
  "median_chlorophyll": 1.8066208427169066,
  "std_chlorophyll": 2.1078727686020677,
  "min_chlorophyll": 0.2,
  "max_chlorophyll": 15.0,
  "mean_sst": 20.4311108851628,
  "sst_range": [
    12.252502169518067,
    27.973541291515737
  ],
  "bloom_count": 3,
  "bloom_percentage": 1.5789473684210527,
  "bloom_locations": [
    {
      "region": "Gulf of Mexico",
      "bloom_pixels": 2
    },
    {
      "region": "Pacific Coast",
      "bloom_pixels": 1
    }
  ],
  "productivity_distribution": {
    "high": 124,
    "medium": 66
  },
  "regional_stats": {
    "Pacific Coast": {
      "mean_chlorophyll": 3.3425647448655735,
      "mean_sst": 14.943597204569112,
      "pixel_count": 56,
      "bloom_pixels": 1
    },
    "Gulf of Mexico": {
      "mean_chlorophyll": 2.623137177940626,
      "mean_sst": 25.115231261174287,
      "pixel_count": 68,
      "bloom_pixels": 2
    },
    "Atlantic Coast": {
      "mean_chlorophyll": 1.4004833163830273,
      "mean_sst": 20.26111968129107,
      "pixel_count": 66,
      "bloom_pixels": 0
    }
  },
  "ocean_health_status": "NORMAL - Moderate productivity",
  "spatial_extent": {
    "lon_range": [
      -127.84841799002841,
      -70.02899447639707
    ],
    "lat_range": [
      25.026408173396874,
      47.34375180134754
    ]
  },
  "summary": "NORMAL: Chl-a 2.41 mg/m\u00b3, 3 bloom pixels detected",
  "analysis_date": "2025-11-29 03:42:35"
}