{
  "total_pixels": 264,
  "good_quality_pixels": 173,
  "mean_chlorophyll": 2.5187132552546956,
  "median_chlorophyll": 1.9399948849861288,
  "std_chlorophyll": 2.262772534726989,
  "min_chlorophyll": 0.22296855020824893,
  "max_chlorophyll": 12.0,
  "mean_sst": 19.83966005400277,
  "sst_range": [
    12.081369989599134,
    27.87453736433647
  ],
  "bloom_count": 6,
  "bloom_percentage": 3.4682080924855487,
  "bloom_locations": [
    {
      "region": "Gulf of Mexico",
      "bloom_pixels": 1
    },
    {
      "region": "Pacific Coast",
      "bloom_pixels": 5
    }
  ],
  "productivity_distribution": {
    "high": 120,
    "medium": 53
  },
  "regional_stats": {
    "Pacific Coast": {
      "mean_chlorophyll": 3.907654625366142,
      "mean_sst": 14.96562491837792,
      "pixel_count": 60,
      "bloom_pixels": 5
    },
    "Gulf of Mexico": {
      "mean_chlorophyll": 2.413075891904452,
      "mean_sst": 24.588972556261293,
      "pixel_count": 60,
      "bloom_pixels": 1
    },
    "Atlantic Coast": {
      "mean_chlorophyll": 1.0659162664684299,
      "mean_sst": 19.98085548800238,
      "pixel_count": 53,
      "bloom_pixels": 0
    }
  },
  "ocean_health_status": "NORMAL - Moderate productivity",
  "spatial_extent": {
    "lon_range": [
      -127.99117087059044,
      -70.0197213064919
    ],
    "lat_range": [
      25.08162028920092,
      47.287255059780605
    ]
  },
  "summary": "NORMAL: Chl-a 2.52 mg/m\u00b3, 6 bloom pixels detected",
  "analysis_date": "2026-01-12 09:27:58"
}