{
  "total_pixels": 264,
  "good_quality_pixels": 181,
  "mean_chlorophyll": 2.488687661671425,
  "median_chlorophyll": 1.9333872923204203,
  "std_chlorophyll": 2.127521072853093,
  "min_chlorophyll": 0.2,
  "max_chlorophyll": 13.148558723302635,
  "mean_sst": 20.027933177055125,
  "sst_range": [
    12.049885851431263,
    27.863908144564885
  ],
  "bloom_count": 4,
  "bloom_percentage": 2.209944751381215,
  "bloom_locations": [
    {
      "region": "Gulf of Mexico",
      "bloom_pixels": 1
    },
    {
      "region": "Pacific Coast",
      "bloom_pixels": 3
    }
  ],
  "productivity_distribution": {
    "high": 130,
    "medium": 51
  },
  "regional_stats": {
    "Pacific Coast": {
      "mean_chlorophyll": 3.48944075114759,
      "mean_sst": 14.837379830984935,
      "pixel_count": 63,
      "bloom_pixels": 3
    },
    "Gulf of Mexico": {
      "mean_chlorophyll": 2.5098483440625743,
      "mean_sst": 24.67195844774312,
      "pixel_count": 67,
      "bloom_pixels": 1
    },
    "Atlantic Coast": {
      "mean_chlorophyll": 1.2246639291772021,
      "mean_sst": 20.338818817571326,
      "pixel_count": 51,
      "bloom_pixels": 0
    }
  },
  "ocean_health_status": "NORMAL - Moderate productivity",
  "spatial_extent": {
    "lon_range": [
      -127.91254864534423,
      -70.06137389702042
    ],
    "lat_range": [
      25.00229515566683,
      47.322010169463816
    ]
  },
  "summary": "NORMAL: Chl-a 2.49 mg/m\u00b3, 4 bloom pixels detected",
  "analysis_date": "2025-12-15 15:20:48"
}