{
  "total_pixels": 264,
  "good_quality_pixels": 189,
  "mean_chlorophyll": 2.7484630189951798,
  "median_chlorophyll": 1.9104328193599862,
  "std_chlorophyll": 2.417435482367232,
  "min_chlorophyll": 0.2,
  "max_chlorophyll": 12.0,
  "mean_sst": 20.324716480306215,
  "sst_range": [
    12.087891416560003,
    27.988296632274672
  ],
  "bloom_count": 5,
  "bloom_percentage": 2.6455026455026456,
  "bloom_locations": [
    {
      "region": "Gulf of Mexico",
      "bloom_pixels": 1
    },
    {
      "region": "Pacific Coast",
      "bloom_pixels": 4
    }
  ],
  "productivity_distribution": {
    "high": 135,
    "medium": 54
  },
  "regional_stats": {
    "Pacific Coast": {
      "mean_chlorophyll": 4.163308010132355,
      "mean_sst": 14.998644860489874,
      "pixel_count": 59,
      "bloom_pixels": 4
    },
    "Gulf of Mexico": {
      "mean_chlorophyll": 2.776677470900469,
      "mean_sst": 24.98388399491473,
      "pixel_count": 76,
      "bloom_pixels": 1
    },
    "Atlantic Coast": {
      "mean_chlorophyll": 1.162904633404527,
      "mean_sst": 19.586596007323195,
      "pixel_count": 54,
      "bloom_pixels": 0
    }
  },
  "ocean_health_status": "NORMAL - Moderate productivity",
  "spatial_extent": {
    "lon_range": [
      -127.94293639042765,
      -70.06106638888296
    ],
    "lat_range": [
      25.017827331210125,
      47.434588275669626
    ]
  },
  "summary": "NORMAL: Chl-a 2.75 mg/m\u00b3, 5 bloom pixels detected",
  "analysis_date": "2026-07-18 08:00:57"
}