{
  "total_pixels": 264,
  "good_quality_pixels": 182,
  "mean_chlorophyll": 2.715638007140154,
  "median_chlorophyll": 2.0649449836807405,
  "std_chlorophyll": 2.5077225192793065,
  "min_chlorophyll": 0.23912132291471697,
  "max_chlorophyll": 15.0,
  "mean_sst": 20.292384081385496,
  "sst_range": [
    12.027639078541625,
    27.87897288366026
  ],
  "bloom_count": 4,
  "bloom_percentage": 2.197802197802198,
  "bloom_locations": [
    {
      "region": "Gulf of Mexico",
      "bloom_pixels": 2
    },
    {
      "region": "Pacific Coast",
      "bloom_pixels": 2
    }
  ],
  "productivity_distribution": {
    "high": 128,
    "medium": 54
  },
  "regional_stats": {
    "Pacific Coast": {
      "mean_chlorophyll": 4.055894488304796,
      "mean_sst": 14.991691611309731,
      "pixel_count": 60,
      "bloom_pixels": 2
    },
    "Gulf of Mexico": {
      "mean_chlorophyll": 2.801997583104755,
      "mean_sst": 24.784415503550928,
      "pixel_count": 68,
      "bloom_pixels": 2
    },
    "Atlantic Coast": {
      "mean_chlorophyll": 1.1177150435203125,
      "mean_sst": 20.525410220224312,
      "pixel_count": 54,
      "bloom_pixels": 0
    }
  },
  "ocean_health_status": "NORMAL - Moderate productivity",
  "spatial_extent": {
    "lon_range": [
      -127.93417999759399,
      -70.08493397473293
    ],
    "lat_range": [
      25.052747879342512,
      47.34352997306307
    ]
  },
  "summary": "NORMAL: Chl-a 2.72 mg/m\u00b3, 4 bloom pixels detected",
  "analysis_date": "2026-02-26 04:48:06"
}