{
  "total_pixels": 264,
  "good_quality_pixels": 203,
  "mean_chlorophyll": 2.7536861787644233,
  "median_chlorophyll": 2.026158554252922,
  "std_chlorophyll": 2.4150353008746324,
  "min_chlorophyll": 0.24713002636581066,
  "max_chlorophyll": 13.793688611599704,
  "mean_sst": 20.157130864495592,
  "sst_range": [
    12.034439297907113,
    27.997250959117473
  ],
  "bloom_count": 6,
  "bloom_percentage": 2.955665024630542,
  "bloom_locations": [
    {
      "region": "Gulf of Mexico",
      "bloom_pixels": 4
    },
    {
      "region": "Pacific Coast",
      "bloom_pixels": 2
    }
  ],
  "productivity_distribution": {
    "high": 143,
    "medium": 60
  },
  "regional_stats": {
    "Pacific Coast": {
      "mean_chlorophyll": 3.5026896562427305,
      "mean_sst": 14.412277109869072,
      "pixel_count": 66,
      "bloom_pixels": 2
    },
    "Gulf of Mexico": {
      "mean_chlorophyll": 3.163387074278531,
      "mean_sst": 25.073844912083167,
      "pixel_count": 77,
      "bloom_pixels": 4
    },
    "Atlantic Coast": {
      "mean_chlorophyll": 1.4039995376285135,
      "mean_sst": 20.16668696684737,
      "pixel_count": 60,
      "bloom_pixels": 0
    }
  },
  "ocean_health_status": "NORMAL - Moderate productivity",
  "spatial_extent": {
    "lon_range": [
      -127.91507478246137,
      -70.28236526444167
    ],
    "lat_range": [
      25.087113629227417,
      47.3365608567935
    ]
  },
  "summary": "NORMAL: Chl-a 2.75 mg/m\u00b3, 6 bloom pixels detected",
  "analysis_date": "2026-06-28 20:06:29"
}