{
  "total_pixels": 264,
  "good_quality_pixels": 167,
  "mean_chlorophyll": 2.4312478973511134,
  "median_chlorophyll": 1.880581989130255,
  "std_chlorophyll": 1.980403250949393,
  "min_chlorophyll": 0.2,
  "max_chlorophyll": 15.0,
  "mean_sst": 20.106517378462094,
  "sst_range": [
    12.119890853113333,
    27.91313240703191
  ],
  "bloom_count": 2,
  "bloom_percentage": 1.1976047904191618,
  "bloom_locations": [
    {
      "region": "Gulf of Mexico",
      "bloom_pixels": 1
    },
    {
      "region": "Pacific Coast",
      "bloom_pixels": 1
    }
  ],
  "productivity_distribution": {
    "high": 115,
    "medium": 52
  },
  "regional_stats": {
    "Pacific Coast": {
      "mean_chlorophyll": 3.391596192135713,
      "mean_sst": 14.833652783992875,
      "pixel_count": 54,
      "bloom_pixels": 1
    },
    "Gulf of Mexico": {
      "mean_chlorophyll": 2.7781958229990673,
      "mean_sst": 24.94716633581791,
      "pixel_count": 61,
      "bloom_pixels": 1
    },
    "Atlantic Coast": {
      "mean_chlorophyll": 1.0269665246031596,
      "mean_sst": 19.903730872743495,
      "pixel_count": 52,
      "bloom_pixels": 0
    }
  },
  "ocean_health_status": "NORMAL - Moderate productivity",
  "spatial_extent": {
    "lon_range": [
      -127.97484517230295,
      -70.11368273501125
    ],
    "lat_range": [
      25.036413639136473,
      47.44057230841965
    ]
  },
  "summary": "NORMAL: Chl-a 2.43 mg/m\u00b3, 2 bloom pixels detected",
  "analysis_date": "2026-06-02 17:27:54"
}