{
  "total_pixels": 264,
  "good_quality_pixels": 197,
  "mean_chlorophyll": 2.671879259240334,
  "median_chlorophyll": 2.1777307976838816,
  "std_chlorophyll": 2.2389864829560144,
  "min_chlorophyll": 0.23835837034552837,
  "max_chlorophyll": 15.0,
  "mean_sst": 20.162947860752915,
  "sst_range": [
    12.311265214136837,
    27.955676178665996
  ],
  "bloom_count": 3,
  "bloom_percentage": 1.5228426395939088,
  "bloom_locations": [
    {
      "region": "Gulf of Mexico",
      "bloom_pixels": 3
    }
  ],
  "productivity_distribution": {
    "high": 139,
    "medium": 58
  },
  "regional_stats": {
    "Pacific Coast": {
      "mean_chlorophyll": 3.3399156845858857,
      "mean_sst": 14.779630066512317,
      "pixel_count": 68,
      "bloom_pixels": 0
    },
    "Gulf of Mexico": {
      "mean_chlorophyll": 3.274214756112424,
      "mean_sst": 25.36120322723657,
      "pixel_count": 71,
      "bloom_pixels": 3
    },
    "Atlantic Coast": {
      "mean_chlorophyll": 1.1513224109400606,
      "mean_sst": 20.111042326063618,
      "pixel_count": 58,
      "bloom_pixels": 0
    }
  },
  "ocean_health_status": "NORMAL - Moderate productivity",
  "spatial_extent": {
    "lon_range": [
      -127.96446015131652,
      -70.20179001419386
    ],
    "lat_range": [
      25.01328129544715,
      47.459018485269965
    ]
  },
  "summary": "NORMAL: Chl-a 2.67 mg/m\u00b3, 3 bloom pixels detected",
  "analysis_date": "2026-01-06 09:22:31"
}