{
  "total_pixels": 264,
  "good_quality_pixels": 180,
  "mean_chlorophyll": 2.8963193784481684,
  "median_chlorophyll": 2.0337257978442684,
  "std_chlorophyll": 2.6396911525201596,
  "min_chlorophyll": 0.2370456366744834,
  "max_chlorophyll": 15.0,
  "mean_sst": 20.119703011882407,
  "sst_range": [
    12.028341525265281,
    27.94958108802053
  ],
  "bloom_count": 5,
  "bloom_percentage": 2.7777777777777777,
  "bloom_locations": [
    {
      "region": "Gulf of Mexico",
      "bloom_pixels": 4
    },
    {
      "region": "Pacific Coast",
      "bloom_pixels": 1
    }
  ],
  "productivity_distribution": {
    "high": 127,
    "medium": 53
  },
  "regional_stats": {
    "Pacific Coast": {
      "mean_chlorophyll": 3.747697971864921,
      "mean_sst": 14.97477497775647,
      "pixel_count": 60,
      "bloom_pixels": 1
    },
    "Gulf of Mexico": {
      "mean_chlorophyll": 3.431615465268932,
      "mean_sst": 24.85388502823439,
      "pixel_count": 67,
      "bloom_pixels": 4
    },
    "Atlantic Coast": {
      "mean_chlorophyll": 1.255799502561445,
      "mean_sst": 19.959429180787566,
      "pixel_count": 53,
      "bloom_pixels": 0
    }
  },
  "ocean_health_status": "NORMAL - Moderate productivity",
  "spatial_extent": {
    "lon_range": [
      -127.9628797103096,
      -70.06710051382845
    ],
    "lat_range": [
      25.002021450995457,
      47.41790218947167
    ]
  },
  "summary": "NORMAL: Chl-a 2.90 mg/m\u00b3, 5 bloom pixels detected",
  "analysis_date": "2026-05-07 15:29:56"
}