{
  "total_pixels": 264,
  "good_quality_pixels": 192,
  "mean_chlorophyll": 2.455972861749075,
  "median_chlorophyll": 1.804966100335242,
  "std_chlorophyll": 2.0155170487063327,
  "min_chlorophyll": 0.2,
  "max_chlorophyll": 12.0,
  "mean_sst": 20.26581585632938,
  "sst_range": [
    12.011433059405812,
    27.967798287500738
  ],
  "bloom_count": 1,
  "bloom_percentage": 0.5208333333333333,
  "bloom_locations": [
    {
      "region": "Pacific Coast",
      "bloom_pixels": 1
    }
  ],
  "productivity_distribution": {
    "high": 135,
    "medium": 57
  },
  "regional_stats": {
    "Pacific Coast": {
      "mean_chlorophyll": 3.470272162876086,
      "mean_sst": 14.95804178872134,
      "pixel_count": 62,
      "bloom_pixels": 1
    },
    "Gulf of Mexico": {
      "mean_chlorophyll": 2.596575230955065,
      "mean_sst": 24.906158500045464,
      "pixel_count": 73,
      "bloom_pixels": 0
    },
    "Atlantic Coast": {
      "mean_chlorophyll": 1.1726302368032522,
      "mean_sst": 20.096289175635064,
      "pixel_count": 57,
      "bloom_pixels": 0
    }
  },
  "ocean_health_status": "NORMAL - Moderate productivity",
  "spatial_extent": {
    "lon_range": [
      -127.89721364983522,
      -70.08378616498365
    ],
    "lat_range": [
      25.075956976636373,
      47.498365313942806
    ]
  },
  "summary": "NORMAL: Chl-a 2.46 mg/m\u00b3, 1 bloom pixels detected",
  "analysis_date": "2026-04-04 13:56:03"
}