{
  "total_pixels": 264,
  "good_quality_pixels": 191,
  "mean_chlorophyll": 2.2925065192794127,
  "median_chlorophyll": 1.6703973067624356,
  "std_chlorophyll": 1.90087558737498,
  "min_chlorophyll": 0.2,
  "max_chlorophyll": 13.881269066870873,
  "mean_sst": 20.20145436220493,
  "sst_range": [
    12.38685902864769,
    27.901462787487333
  ],
  "bloom_count": 1,
  "bloom_percentage": 0.5235602094240838,
  "bloom_locations": [
    {
      "region": "Gulf of Mexico",
      "bloom_pixels": 1
    }
  ],
  "productivity_distribution": {
    "high": 133,
    "medium": 58
  },
  "regional_stats": {
    "Pacific Coast": {
      "mean_chlorophyll": 2.911586407797023,
      "mean_sst": 15.02167880439236,
      "pixel_count": 63,
      "bloom_pixels": 0
    },
    "Gulf of Mexico": {
      "mean_chlorophyll": 2.6296506321427677,
      "mean_sst": 25.156024605273004,
      "pixel_count": 70,
      "bloom_pixels": 1
    },
    "Atlantic Coast": {
      "mean_chlorophyll": 1.2131596076062356,
      "mean_sst": 19.848108554057113,
      "pixel_count": 58,
      "bloom_pixels": 0
    }
  },
  "ocean_health_status": "NORMAL - Moderate productivity",
  "spatial_extent": {
    "lon_range": [
      -127.89740440825683,
      -70.26878799946823
    ],
    "lat_range": [
      25.0535302932055,
      47.44536885391773
    ]
  },
  "summary": "NORMAL: Chl-a 2.29 mg/m\u00b3, 1 bloom pixels detected",
  "analysis_date": "2026-04-13 16:07:20"
}