{
  "total_pixels": 264,
  "good_quality_pixels": 194,
  "mean_chlorophyll": 2.640137984801335,
  "median_chlorophyll": 1.8592238778426478,
  "std_chlorophyll": 2.3124970792294692,
  "min_chlorophyll": 0.23565586567973176,
  "max_chlorophyll": 12.0,
  "mean_sst": 20.11568189474242,
  "sst_range": [
    12.045069901325512,
    27.897613572846133
  ],
  "bloom_count": 5,
  "bloom_percentage": 2.5773195876288657,
  "bloom_locations": [
    {
      "region": "Gulf of Mexico",
      "bloom_pixels": 1
    },
    {
      "region": "Pacific Coast",
      "bloom_pixels": 4
    }
  ],
  "productivity_distribution": {
    "high": 135,
    "medium": 59
  },
  "regional_stats": {
    "Pacific Coast": {
      "mean_chlorophyll": 3.8468469269912533,
      "mean_sst": 14.96627166603679,
      "pixel_count": 65,
      "bloom_pixels": 4
    },
    "Gulf of Mexico": {
      "mean_chlorophyll": 2.64571804464876,
      "mean_sst": 24.991386275002874,
      "pixel_count": 70,
      "bloom_pixels": 1
    },
    "Atlantic Coast": {
      "mean_chlorophyll": 1.3040924690104143,
      "mean_sst": 20.004026949787068,
      "pixel_count": 59,
      "bloom_pixels": 0
    }
  },
  "ocean_health_status": "NORMAL - Moderate productivity",
  "spatial_extent": {
    "lon_range": [
      -127.95109869868018,
      -70.02978971438931
    ],
    "lat_range": [
      25.07860929104593,
      47.1232708230497
    ]
  },
  "summary": "NORMAL: Chl-a 2.64 mg/m\u00b3, 5 bloom pixels detected",
  "analysis_date": "2025-11-26 15:15:04"
}