{
  "total_pixels": 264,
  "good_quality_pixels": 186,
  "mean_chlorophyll": 2.553586079257964,
  "median_chlorophyll": 1.8484084403222623,
  "std_chlorophyll": 2.3071591694662854,
  "min_chlorophyll": 0.2,
  "max_chlorophyll": 13.8754574610052,
  "mean_sst": 19.819977043173346,
  "sst_range": [
    12.155033176316904,
    27.912289206741843
  ],
  "bloom_count": 5,
  "bloom_percentage": 2.6881720430107525,
  "bloom_locations": [
    {
      "region": "Gulf of Mexico",
      "bloom_pixels": 4
    },
    {
      "region": "Pacific Coast",
      "bloom_pixels": 1
    }
  ],
  "productivity_distribution": {
    "high": 127,
    "medium": 59
  },
  "regional_stats": {
    "Pacific Coast": {
      "mean_chlorophyll": 3.3108511713905213,
      "mean_sst": 15.207189084963437,
      "pixel_count": 63,
      "bloom_pixels": 1
    },
    "Gulf of Mexico": {
      "mean_chlorophyll": 3.0144598885372904,
      "mean_sst": 24.695243194484526,
      "pixel_count": 64,
      "bloom_pixels": 4
    },
    "Atlantic Coast": {
      "mean_chlorophyll": 1.2450500691185071,
      "mean_sst": 19.45707208865315,
      "pixel_count": 59,
      "bloom_pixels": 0
    }
  },
  "ocean_health_status": "NORMAL - Moderate productivity",
  "spatial_extent": {
    "lon_range": [
      -127.97767122118942,
      -70.07328936984491
    ],
    "lat_range": [
      25.01750249290944,
      47.41743003065063
    ]
  },
  "summary": "NORMAL: Chl-a 2.55 mg/m\u00b3, 5 bloom pixels detected",
  "analysis_date": "2025-12-23 21:15:27"
}