{
  "total_pixels": 264,
  "good_quality_pixels": 194,
  "mean_chlorophyll": 2.648857653797444,
  "median_chlorophyll": 1.8634779054520887,
  "std_chlorophyll": 2.1960302797601594,
  "min_chlorophyll": 0.2,
  "max_chlorophyll": 13.44644667169161,
  "mean_sst": 20.40834856129909,
  "sst_range": [
    12.163724015180494,
    27.986354740502602
  ],
  "bloom_count": 3,
  "bloom_percentage": 1.5463917525773196,
  "bloom_locations": [
    {
      "region": "Gulf of Mexico",
      "bloom_pixels": 2
    },
    {
      "region": "Pacific Coast",
      "bloom_pixels": 1
    }
  ],
  "productivity_distribution": {
    "high": 134,
    "medium": 60
  },
  "regional_stats": {
    "Pacific Coast": {
      "mean_chlorophyll": 3.5020726400038504,
      "mean_sst": 15.367865879598982,
      "pixel_count": 59,
      "bloom_pixels": 1
    },
    "Gulf of Mexico": {
      "mean_chlorophyll": 2.9512226409856934,
      "mean_sst": 25.013100971191697,
      "pixel_count": 75,
      "bloom_pixels": 2
    },
    "Atlantic Coast": {
      "mean_chlorophyll": 1.4319066833758343,
      "mean_sst": 19.60888268593843,
      "pixel_count": 60,
      "bloom_pixels": 0
    }
  },
  "ocean_health_status": "NORMAL - Moderate productivity",
  "spatial_extent": {
    "lon_range": [
      -127.87640797392397,
      -70.02839120037699
    ],
    "lat_range": [
      25.014447897610967,
      47.228036276684236
    ]
  },
  "summary": "NORMAL: Chl-a 2.65 mg/m\u00b3, 3 bloom pixels detected",
  "analysis_date": "2026-06-02 10:46:25"
}