{
  "total_pixels": 264,
  "good_quality_pixels": 180,
  "mean_chlorophyll": 2.720173822915575,
  "median_chlorophyll": 1.995660095452179,
  "std_chlorophyll": 2.4155176251398114,
  "min_chlorophyll": 0.2,
  "max_chlorophyll": 12.0,
  "mean_sst": 20.332828860853812,
  "sst_range": [
    12.087011673253736,
    27.716672947300026
  ],
  "bloom_count": 5,
  "bloom_percentage": 2.7777777777777777,
  "bloom_locations": [
    {
      "region": "Gulf of Mexico",
      "bloom_pixels": 3
    },
    {
      "region": "Pacific Coast",
      "bloom_pixels": 2
    }
  ],
  "productivity_distribution": {
    "high": 133,
    "medium": 47
  },
  "regional_stats": {
    "Pacific Coast": {
      "mean_chlorophyll": 3.817089480596039,
      "mean_sst": 14.791738641400554,
      "pixel_count": 63,
      "bloom_pixels": 2
    },
    "Gulf of Mexico": {
      "mean_chlorophyll": 2.831479762876442,
      "mean_sst": 25.385391585020706,
      "pixel_count": 70,
      "bloom_pixels": 3
    },
    "Atlantic Coast": {
      "mean_chlorophyll": 1.0840652648064295,
      "mean_sst": 20.23515424668089,
      "pixel_count": 47,
      "bloom_pixels": 0
    }
  },
  "ocean_health_status": "NORMAL - Moderate productivity",
  "spatial_extent": {
    "lon_range": [
      -127.90398515176196,
      -70.19203071786185
    ],
    "lat_range": [
      25.152187233913782,
      47.48864633316306
    ]
  },
  "summary": "NORMAL: Chl-a 2.72 mg/m\u00b3, 5 bloom pixels detected",
  "analysis_date": "2025-11-11 03:43:27"
}