{
  "total_pixels": 264,
  "good_quality_pixels": 183,
  "mean_chlorophyll": 2.4644753380835684,
  "median_chlorophyll": 1.8987818779107308,
  "std_chlorophyll": 2.0736345440107953,
  "min_chlorophyll": 0.2,
  "max_chlorophyll": 12.0,
  "mean_sst": 20.24702826063447,
  "sst_range": [
    12.613905407282322,
    27.986958404676308
  ],
  "bloom_count": 2,
  "bloom_percentage": 1.092896174863388,
  "bloom_locations": [
    {
      "region": "Pacific Coast",
      "bloom_pixels": 2
    }
  ],
  "productivity_distribution": {
    "high": 128,
    "medium": 55
  },
  "regional_stats": {
    "Pacific Coast": {
      "mean_chlorophyll": 3.8570620789710413,
      "mean_sst": 14.905378833704228,
      "pixel_count": 60,
      "bloom_pixels": 2
    },
    "Gulf of Mexico": {
      "mean_chlorophyll": 2.3028991725731616,
      "mean_sst": 25.19078385098539,
      "pixel_count": 68,
      "bloom_pixels": 0
    },
    "Atlantic Coast": {
      "mean_chlorophyll": 1.145056698110102,
      "mean_sst": 19.962002541942688,
      "pixel_count": 55,
      "bloom_pixels": 0
    }
  },
  "ocean_health_status": "NORMAL - Moderate productivity",
  "spatial_extent": {
    "lon_range": [
      -127.82580204379964,
      -70.28371975619115
    ],
    "lat_range": [
      25.00292978227232,
      47.18796618492473
    ]
  },
  "summary": "NORMAL: Chl-a 2.46 mg/m\u00b3, 2 bloom pixels detected",
  "analysis_date": "2026-05-16 08:11:37"
}