{
  "total_pixels": 264,
  "good_quality_pixels": 204,
  "mean_chlorophyll": 2.5925197688682315,
  "median_chlorophyll": 1.854592436173292,
  "std_chlorophyll": 2.135301821057162,
  "min_chlorophyll": 0.2430964547296857,
  "max_chlorophyll": 12.0,
  "mean_sst": 20.120479556272958,
  "sst_range": [
    12.05026565623251,
    27.968073205643826
  ],
  "bloom_count": 1,
  "bloom_percentage": 0.49019607843137253,
  "bloom_locations": [
    {
      "region": "Pacific Coast",
      "bloom_pixels": 1
    }
  ],
  "productivity_distribution": {
    "high": 140,
    "medium": 64
  },
  "regional_stats": {
    "Pacific Coast": {
      "mean_chlorophyll": 3.512124890935679,
      "mean_sst": 14.74011846113442,
      "pixel_count": 69,
      "bloom_pixels": 1
    },
    "Gulf of Mexico": {
      "mean_chlorophyll": 2.7477826169551083,
      "mean_sst": 25.378474775052,
      "pixel_count": 71,
      "bloom_pixels": 0
    },
    "Atlantic Coast": {
      "mean_chlorophyll": 1.4288257745428843,
      "mean_sst": 20.08809291613621,
      "pixel_count": 64,
      "bloom_pixels": 0
    }
  },
  "ocean_health_status": "NORMAL - Moderate productivity",
  "spatial_extent": {
    "lon_range": [
      -127.97642702322014,
      -70.21142206508729
    ],
    "lat_range": [
      25.00571964823089,
      47.25263557855939
    ]
  },
  "summary": "NORMAL: Chl-a 2.59 mg/m\u00b3, 1 bloom pixels detected",
  "analysis_date": "2026-01-03 09:16:18"
}