{
  "total_pixels": 264,
  "good_quality_pixels": 178,
  "mean_chlorophyll": 2.6516866190464388,
  "median_chlorophyll": 2.054966746302033,
  "std_chlorophyll": 2.2873854361288637,
  "min_chlorophyll": 0.23293864870765738,
  "max_chlorophyll": 15.0,
  "mean_sst": 19.867411269970077,
  "sst_range": [
    12.108078018513353,
    27.87015351488845
  ],
  "bloom_count": 4,
  "bloom_percentage": 2.247191011235955,
  "bloom_locations": [
    {
      "region": "Gulf of Mexico",
      "bloom_pixels": 2
    },
    {
      "region": "Pacific Coast",
      "bloom_pixels": 2
    }
  ],
  "productivity_distribution": {
    "high": 129,
    "medium": 49
  },
  "regional_stats": {
    "Pacific Coast": {
      "mean_chlorophyll": 3.552268093720938,
      "mean_sst": 15.111276928183742,
      "pixel_count": 63,
      "bloom_pixels": 2
    },
    "Gulf of Mexico": {
      "mean_chlorophyll": 2.9568296396998326,
      "mean_sst": 24.68061699716469,
      "pixel_count": 66,
      "bloom_pixels": 2
    },
    "Atlantic Coast": {
      "mean_chlorophyll": 1.0827871850134312,
      "mean_sst": 19.499347709514872,
      "pixel_count": 49,
      "bloom_pixels": 0
    }
  },
  "ocean_health_status": "NORMAL - Moderate productivity",
  "spatial_extent": {
    "lon_range": [
      -127.98883646159518,
      -70.11200368136696
    ],
    "lat_range": [
      25.001678229028965,
      47.46165370537812
    ]
  },
  "summary": "NORMAL: Chl-a 2.65 mg/m\u00b3, 4 bloom pixels detected",
  "analysis_date": "2025-12-09 15:19:09"
}