{
  "total_pixels": 264,
  "good_quality_pixels": 181,
  "mean_chlorophyll": 2.4241316877626358,
  "median_chlorophyll": 1.7196488462878676,
  "std_chlorophyll": 2.0839067293701805,
  "min_chlorophyll": 0.2,
  "max_chlorophyll": 12.234963968144404,
  "mean_sst": 19.968237222348407,
  "sst_range": [
    12.075735235995474,
    27.812468349888878
  ],
  "bloom_count": 2,
  "bloom_percentage": 1.1049723756906076,
  "bloom_locations": [
    {
      "region": "Gulf of Mexico",
      "bloom_pixels": 1
    },
    {
      "region": "Pacific Coast",
      "bloom_pixels": 1
    }
  ],
  "productivity_distribution": {
    "high": 126,
    "medium": 55
  },
  "regional_stats": {
    "Pacific Coast": {
      "mean_chlorophyll": 3.4877055610854546,
      "mean_sst": 14.893815034170268,
      "pixel_count": 64,
      "bloom_pixels": 1
    },
    "Gulf of Mexico": {
      "mean_chlorophyll": 2.337216866355337,
      "mean_sst": 25.08444795097838,
      "pixel_count": 62,
      "bloom_pixels": 1
    },
    "Atlantic Coast": {
      "mean_chlorophyll": 1.2844951611188546,
      "mean_sst": 20.105654583590987,
      "pixel_count": 55,
      "bloom_pixels": 0
    }
  },
  "ocean_health_status": "NORMAL - Moderate productivity",
  "spatial_extent": {
    "lon_range": [
      -127.93754744259253,
      -70.25492822260053
    ],
    "lat_range": [
      25.043138698295373,
      47.30863032640294
    ]
  },
  "summary": "NORMAL: Chl-a 2.42 mg/m\u00b3, 2 bloom pixels detected",
  "analysis_date": "2026-06-12 20:59:28"
}