{
  "total_pixels": 264,
  "good_quality_pixels": 185,
  "mean_chlorophyll": 2.7653409269452265,
  "median_chlorophyll": 1.9806608599453495,
  "std_chlorophyll": 2.405012009824136,
  "min_chlorophyll": 0.2,
  "max_chlorophyll": 15.0,
  "mean_sst": 20.27602743469609,
  "sst_range": [
    12.007171817371102,
    27.910691964883956
  ],
  "bloom_count": 1,
  "bloom_percentage": 0.5405405405405406,
  "bloom_locations": [
    {
      "region": "Gulf of Mexico",
      "bloom_pixels": 1
    }
  ],
  "productivity_distribution": {
    "high": 130,
    "medium": 55
  },
  "regional_stats": {
    "Pacific Coast": {
      "mean_chlorophyll": 3.9848406742915463,
      "mean_sst": 14.61712419882665,
      "pixel_count": 60,
      "bloom_pixels": 0
    },
    "Gulf of Mexico": {
      "mean_chlorophyll": 2.8813626622620374,
      "mean_sst": 24.731198211733822,
      "pixel_count": 70,
      "bloom_pixels": 1
    },
    "Atlantic Coast": {
      "mean_chlorophyll": 1.287313539436937,
      "mean_sst": 20.779159066687452,
      "pixel_count": 55,
      "bloom_pixels": 0
    }
  },
  "ocean_health_status": "NORMAL - Moderate productivity",
  "spatial_extent": {
    "lon_range": [
      -127.96144456872744,
      -70.07229999668651
    ],
    "lat_range": [
      25.021824285229414,
      47.474702080322196
    ]
  },
  "summary": "NORMAL: Chl-a 2.77 mg/m\u00b3, 1 bloom pixels detected",
  "analysis_date": "2026-05-07 08:42:40"
}