{
  "total_pixels": 264,
  "good_quality_pixels": 181,
  "mean_chlorophyll": 2.5124230750759593,
  "median_chlorophyll": 1.8731920579661332,
  "std_chlorophyll": 2.2273419101989913,
  "min_chlorophyll": 0.2,
  "max_chlorophyll": 12.0,
  "mean_sst": 20.16810567482339,
  "sst_range": [
    12.12868173753412,
    27.967477044125104
  ],
  "bloom_count": 3,
  "bloom_percentage": 1.6574585635359116,
  "bloom_locations": [
    {
      "region": "Pacific Coast",
      "bloom_pixels": 3
    }
  ],
  "productivity_distribution": {
    "high": 120,
    "medium": 61
  },
  "regional_stats": {
    "Pacific Coast": {
      "mean_chlorophyll": 4.043200211328733,
      "mean_sst": 14.640411768842268,
      "pixel_count": 58,
      "bloom_pixels": 3
    },
    "Gulf of Mexico": {
      "mean_chlorophyll": 2.542812335922704,
      "mean_sst": 24.9626889623866,
      "pixel_count": 62,
      "bloom_pixels": 0
    },
    "Atlantic Coast": {
      "mean_chlorophyll": 1.026042614827451,
      "mean_sst": 20.550762768560865,
      "pixel_count": 61,
      "bloom_pixels": 0
    }
  },
  "ocean_health_status": "NORMAL - Moderate productivity",
  "spatial_extent": {
    "lon_range": [
      -127.88079269639874,
      -70.00609415849551
    ],
    "lat_range": [
      25.168657169167272,
      47.224316843730776
    ]
  },
  "summary": "NORMAL: Chl-a 2.51 mg/m\u00b3, 3 bloom pixels detected",
  "analysis_date": "2025-11-11 21:14:16"
}