{
  "total_pixels": 264,
  "good_quality_pixels": 185,
  "mean_chlorophyll": 2.685877895336273,
  "median_chlorophyll": 2.047211553129072,
  "std_chlorophyll": 2.5093271805136754,
  "min_chlorophyll": 0.23762747748880053,
  "max_chlorophyll": 15.0,
  "mean_sst": 20.35269864732833,
  "sst_range": [
    12.050230932331262,
    27.992909714170306
  ],
  "bloom_count": 6,
  "bloom_percentage": 3.2432432432432434,
  "bloom_locations": [
    {
      "region": "Gulf of Mexico",
      "bloom_pixels": 2
    },
    {
      "region": "Pacific Coast",
      "bloom_pixels": 4
    }
  ],
  "productivity_distribution": {
    "high": 127,
    "medium": 58
  },
  "regional_stats": {
    "Pacific Coast": {
      "mean_chlorophyll": 4.033367492070216,
      "mean_sst": 15.06989979123689,
      "pixel_count": 60,
      "bloom_pixels": 4
    },
    "Gulf of Mexico": {
      "mean_chlorophyll": 2.7076892239093766,
      "mean_sst": 24.951248942887258,
      "pixel_count": 67,
      "bloom_pixels": 2
    },
    "Atlantic Coast": {
      "mean_chlorophyll": 1.2667272950184367,
      "mean_sst": 20.50554453634622,
      "pixel_count": 58,
      "bloom_pixels": 0
    }
  },
  "ocean_health_status": "NORMAL - Moderate productivity",
  "spatial_extent": {
    "lon_range": [
      -127.73968847237924,
      -70.15576145603342
    ],
    "lat_range": [
      25.121063507965825,
      47.414284457810304
    ]
  },
  "summary": "NORMAL: Chl-a 2.69 mg/m\u00b3, 6 bloom pixels detected",
  "analysis_date": "2026-05-22 23:58:29"
}