{
  "total_pixels": 264,
  "good_quality_pixels": 181,
  "mean_chlorophyll": 2.694464909113851,
  "median_chlorophyll": 2.0028056600624398,
  "std_chlorophyll": 2.4489919725753304,
  "min_chlorophyll": 0.22921242042772083,
  "max_chlorophyll": 15.0,
  "mean_sst": 20.229370218065803,
  "sst_range": [
    12.009890859059063,
    27.989185321507687
  ],
  "bloom_count": 5,
  "bloom_percentage": 2.7624309392265194,
  "bloom_locations": [
    {
      "region": "Gulf of Mexico",
      "bloom_pixels": 2
    },
    {
      "region": "Pacific Coast",
      "bloom_pixels": 3
    }
  ],
  "productivity_distribution": {
    "high": 126,
    "medium": 55
  },
  "regional_stats": {
    "Pacific Coast": {
      "mean_chlorophyll": 3.374371350378811,
      "mean_sst": 14.941668622628693,
      "pixel_count": 60,
      "bloom_pixels": 3
    },
    "Gulf of Mexico": {
      "mean_chlorophyll": 3.3102354259928473,
      "mean_sst": 25.062018362030464,
      "pixel_count": 66,
      "bloom_pixels": 2
    },
    "Atlantic Coast": {
      "mean_chlorophyll": 1.2138241711154623,
      "mean_sst": 20.19859418578507,
      "pixel_count": 55,
      "bloom_pixels": 0
    }
  },
  "ocean_health_status": "NORMAL - Moderate productivity",
  "spatial_extent": {
    "lon_range": [
      -127.98469451148858,
      -70.00247762391224
    ],
    "lat_range": [
      25.022013415022624,
      47.24612700455004
    ]
  },
  "summary": "NORMAL: Chl-a 2.69 mg/m\u00b3, 5 bloom pixels detected",
  "analysis_date": "2026-04-06 08:18:58"
}