{
  "total_pixels": 264,
  "good_quality_pixels": 184,
  "mean_chlorophyll": 2.629528743255103,
  "median_chlorophyll": 2.1099995622056555,
  "std_chlorophyll": 2.0947186382170857,
  "min_chlorophyll": 0.20797218801701117,
  "max_chlorophyll": 12.0,
  "mean_sst": 19.951638632471106,
  "sst_range": [
    12.101066866983183,
    27.992125146477036
  ],
  "bloom_count": 2,
  "bloom_percentage": 1.0869565217391304,
  "bloom_locations": [
    {
      "region": "Pacific Coast",
      "bloom_pixels": 2
    }
  ],
  "productivity_distribution": {
    "high": 128,
    "medium": 56
  },
  "regional_stats": {
    "Pacific Coast": {
      "mean_chlorophyll": 3.703280645974428,
      "mean_sst": 14.64633160163565,
      "pixel_count": 60,
      "bloom_pixels": 2
    },
    "Gulf of Mexico": {
      "mean_chlorophyll": 2.7713316006721964,
      "mean_sst": 24.56340012204606,
      "pixel_count": 68,
      "bloom_pixels": 0
    },
    "Atlantic Coast": {
      "mean_chlorophyll": 1.3068910920493553,
      "mean_sst": 20.03590007102522,
      "pixel_count": 56,
      "bloom_pixels": 0
    }
  },
  "ocean_health_status": "NORMAL - Moderate productivity",
  "spatial_extent": {
    "lon_range": [
      -127.90047260569041,
      -70.02728992343583
    ],
    "lat_range": [
      25.02706306464111,
      47.329489971711745
    ]
  },
  "summary": "NORMAL: Chl-a 2.63 mg/m\u00b3, 2 bloom pixels detected",
  "analysis_date": "2026-04-13 11:59:30"
}