{
  "total_pixels": 264,
  "good_quality_pixels": 196,
  "mean_chlorophyll": 2.481595275923697,
  "median_chlorophyll": 1.9227380579668325,
  "std_chlorophyll": 2.049735724650555,
  "min_chlorophyll": 0.2947482199710307,
  "max_chlorophyll": 11.970104278327103,
  "mean_sst": 20.01099221985891,
  "sst_range": [
    12.146969802513226,
    27.74435584953401
  ],
  "bloom_count": 1,
  "bloom_percentage": 0.5102040816326531,
  "bloom_locations": [
    {
      "region": "Pacific Coast",
      "bloom_pixels": 1
    }
  ],
  "productivity_distribution": {
    "high": 141,
    "medium": 55
  },
  "regional_stats": {
    "Pacific Coast": {
      "mean_chlorophyll": 3.5796885989508334,
      "mean_sst": 14.91403186195134,
      "pixel_count": 70,
      "bloom_pixels": 1
    },
    "Gulf of Mexico": {
      "mean_chlorophyll": 2.341694932992701,
      "mean_sst": 24.874067684867224,
      "pixel_count": 71,
      "bloom_pixels": 0
    },
    "Atlantic Coast": {
      "mean_chlorophyll": 1.2646205802182646,
      "mean_sst": 20.220244347821442,
      "pixel_count": 55,
      "bloom_pixels": 0
    }
  },
  "ocean_health_status": "NORMAL - Moderate productivity",
  "spatial_extent": {
    "lon_range": [
      -127.98170216829247,
      -70.03056824879607
    ],
    "lat_range": [
      25.00234703681361,
      47.4422662172404
    ]
  },
  "summary": "NORMAL: Chl-a 2.48 mg/m\u00b3, 1 bloom pixels detected",
  "analysis_date": "2026-02-23 15:41:13"
}