{
  "total_pixels": 264,
  "good_quality_pixels": 190,
  "mean_chlorophyll": 2.442052209250607,
  "median_chlorophyll": 1.9694217746591307,
  "std_chlorophyll": 1.9072030595897942,
  "min_chlorophyll": 0.2,
  "max_chlorophyll": 11.17880286341918,
  "mean_sst": 19.697592025425774,
  "sst_range": [
    12.048372943717103,
    27.62751152088362
  ],
  "bloom_count": 3,
  "bloom_percentage": 1.5789473684210527,
  "bloom_locations": [
    {
      "region": "Gulf of Mexico",
      "bloom_pixels": 1
    },
    {
      "region": "Pacific Coast",
      "bloom_pixels": 2
    }
  ],
  "productivity_distribution": {
    "high": 135,
    "medium": 55
  },
  "regional_stats": {
    "Pacific Coast": {
      "mean_chlorophyll": 3.384435916186124,
      "mean_sst": 14.836058050370795,
      "pixel_count": 68,
      "bloom_pixels": 2
    },
    "Gulf of Mexico": {
      "mean_chlorophyll": 2.4313360172077325,
      "mean_sst": 24.53093974957154,
      "pixel_count": 67,
      "bloom_pixels": 1
    },
    "Atlantic Coast": {
      "mean_chlorophyll": 1.2899775328007415,
      "mean_sst": 19.82031953062528,
      "pixel_count": 55,
      "bloom_pixels": 0
    }
  },
  "ocean_health_status": "NORMAL - Moderate productivity",
  "spatial_extent": {
    "lon_range": [
      -127.97626538695202,
      -70.05878823945811
    ],
    "lat_range": [
      25.090289275669537,
      47.49418993084238
    ]
  },
  "summary": "NORMAL: Chl-a 2.44 mg/m\u00b3, 3 bloom pixels detected",
  "analysis_date": "2026-06-17 08:22:26"
}