{
  "total_pixels": 264,
  "good_quality_pixels": 185,
  "mean_chlorophyll": 2.6794758052814887,
  "median_chlorophyll": 1.9888747737779424,
  "std_chlorophyll": 2.3724321211277295,
  "min_chlorophyll": 0.32674781667186836,
  "max_chlorophyll": 15.0,
  "mean_sst": 19.76870348598055,
  "sst_range": [
    12.305966698707046,
    27.938595037013343
  ],
  "bloom_count": 3,
  "bloom_percentage": 1.6216216216216217,
  "bloom_locations": [
    {
      "region": "Gulf of Mexico",
      "bloom_pixels": 3
    }
  ],
  "productivity_distribution": {
    "high": 131,
    "medium": 54
  },
  "regional_stats": {
    "Pacific Coast": {
      "mean_chlorophyll": 3.4712662951622533,
      "mean_sst": 14.94778655610004,
      "pixel_count": 69,
      "bloom_pixels": 0
    },
    "Gulf of Mexico": {
      "mean_chlorophyll": 2.9579886906436905,
      "mean_sst": 24.920292436097693,
      "pixel_count": 62,
      "bloom_pixels": 3
    },
    "Atlantic Coast": {
      "mean_chlorophyll": 1.34796945909206,
      "mean_sst": 20.013976694397062,
      "pixel_count": 54,
      "bloom_pixels": 0
    }
  },
  "ocean_health_status": "NORMAL - Moderate productivity",
  "spatial_extent": {
    "lon_range": [
      -127.88595917514483,
      -70.07244612605798
    ],
    "lat_range": [
      25.03018281142918,
      47.33689132144412
    ]
  },
  "summary": "NORMAL: Chl-a 2.68 mg/m\u00b3, 3 bloom pixels detected",
  "analysis_date": "2026-01-31 04:22:55"
}