{
  "total_pixels": 264,
  "good_quality_pixels": 180,
  "mean_chlorophyll": 2.4423086177579227,
  "median_chlorophyll": 1.7344681072257915,
  "std_chlorophyll": 2.2005132150377684,
  "min_chlorophyll": 0.2,
  "max_chlorophyll": 14.080704900041445,
  "mean_sst": 20.185690484353117,
  "sst_range": [
    12.087650055262849,
    27.6323621174377
  ],
  "bloom_count": 4,
  "bloom_percentage": 2.2222222222222223,
  "bloom_locations": [
    {
      "region": "Gulf of Mexico",
      "bloom_pixels": 3
    },
    {
      "region": "Pacific Coast",
      "bloom_pixels": 1
    }
  ],
  "productivity_distribution": {
    "high": 126,
    "medium": 54
  },
  "regional_stats": {
    "Pacific Coast": {
      "mean_chlorophyll": 3.3803649668795717,
      "mean_sst": 14.421408914497034,
      "pixel_count": 56,
      "bloom_pixels": 1
    },
    "Gulf of Mexico": {
      "mean_chlorophyll": 2.712333224475601,
      "mean_sst": 24.79027235418597,
      "pixel_count": 70,
      "bloom_pixels": 3
    },
    "Atlantic Coast": {
      "mean_chlorophyll": 1.1194775432940387,
      "mean_sst": 20.19456154034647,
      "pixel_count": 54,
      "bloom_pixels": 0
    }
  },
  "ocean_health_status": "NORMAL - Moderate productivity",
  "spatial_extent": {
    "lon_range": [
      -127.756630934378,
      -70.02894939148457
    ],
    "lat_range": [
      25.081536243680013,
      47.32933091087581
    ]
  },
  "summary": "NORMAL: Chl-a 2.44 mg/m\u00b3, 4 bloom pixels detected",
  "analysis_date": "2025-12-31 03:58:31"
}