{
  "total_pixels": 264,
  "good_quality_pixels": 187,
  "mean_chlorophyll": 2.6530216442100727,
  "median_chlorophyll": 2.069919843539942,
  "std_chlorophyll": 2.0960094740966397,
  "min_chlorophyll": 0.2531961991805158,
  "max_chlorophyll": 12.0,
  "mean_sst": 20.299567058884353,
  "sst_range": [
    12.033094884390696,
    27.926850244721095
  ],
  "bloom_count": 2,
  "bloom_percentage": 1.06951871657754,
  "bloom_locations": [
    {
      "region": "Gulf of Mexico",
      "bloom_pixels": 1
    },
    {
      "region": "Pacific Coast",
      "bloom_pixels": 1
    }
  ],
  "productivity_distribution": {
    "high": 129,
    "medium": 58
  },
  "regional_stats": {
    "Pacific Coast": {
      "mean_chlorophyll": 3.763458211999688,
      "mean_sst": 14.556993279378924,
      "pixel_count": 61,
      "bloom_pixels": 1
    },
    "Gulf of Mexico": {
      "mean_chlorophyll": 2.8275184153368373,
      "mean_sst": 25.101844968727193,
      "pixel_count": 68,
      "bloom_pixels": 1
    },
    "Atlantic Coast": {
      "mean_chlorophyll": 1.280566280903408,
      "mean_sst": 20.70891365682433,
      "pixel_count": 58,
      "bloom_pixels": 0
    }
  },
  "ocean_health_status": "NORMAL - Moderate productivity",
  "spatial_extent": {
    "lon_range": [
      -127.65615346485781,
      -70.02344297090505
    ],
    "lat_range": [
      25.005678376106783,
      47.368074652412886
    ]
  },
  "summary": "NORMAL: Chl-a 2.65 mg/m\u00b3, 2 bloom pixels detected",
  "analysis_date": "2026-03-16 16:01:36"
}