{
  "total_pixels": 264,
  "good_quality_pixels": 184,
  "mean_chlorophyll": 2.637599401610293,
  "median_chlorophyll": 2.1416892646687167,
  "std_chlorophyll": 2.0159623140136773,
  "min_chlorophyll": 0.23663467098562924,
  "max_chlorophyll": 14.424959784351463,
  "mean_sst": 19.943622010368475,
  "sst_range": [
    12.14306464475489,
    27.937135176875596
  ],
  "bloom_count": 1,
  "bloom_percentage": 0.5434782608695652,
  "bloom_locations": [
    {
      "region": "Gulf of Mexico",
      "bloom_pixels": 1
    }
  ],
  "productivity_distribution": {
    "high": 131,
    "medium": 53
  },
  "regional_stats": {
    "Pacific Coast": {
      "mean_chlorophyll": 3.44698630317437,
      "mean_sst": 14.641461654645838,
      "pixel_count": 65,
      "bloom_pixels": 0
    },
    "Gulf of Mexico": {
      "mean_chlorophyll": 2.940871419769554,
      "mean_sst": 24.966848161041217,
      "pixel_count": 66,
      "bloom_pixels": 1
    },
    "Atlantic Coast": {
      "mean_chlorophyll": 1.2672955940597983,
      "mean_sst": 20.19093327786982,
      "pixel_count": 53,
      "bloom_pixels": 0
    }
  },
  "ocean_health_status": "NORMAL - Moderate productivity",
  "spatial_extent": {
    "lon_range": [
      -127.92007257896202,
      -70.05532746810177
    ],
    "lat_range": [
      25.01218425627292,
      47.47395563428338
    ]
  },
  "summary": "NORMAL: Chl-a 2.64 mg/m\u00b3, 1 bloom pixels detected",
  "analysis_date": "2026-04-15 19:58:18"
}