{
  "total_pixels": 264,
  "good_quality_pixels": 182,
  "mean_chlorophyll": 2.576342319241556,
  "median_chlorophyll": 1.8849874071343915,
  "std_chlorophyll": 2.2608512760561807,
  "min_chlorophyll": 0.2,
  "max_chlorophyll": 13.935165669767526,
  "mean_sst": 19.89134062168446,
  "sst_range": [
    12.024330848212845,
    27.85339824882113
  ],
  "bloom_count": 4,
  "bloom_percentage": 2.197802197802198,
  "bloom_locations": [
    {
      "region": "Gulf of Mexico",
      "bloom_pixels": 4
    }
  ],
  "productivity_distribution": {
    "high": 127,
    "medium": 55
  },
  "regional_stats": {
    "Pacific Coast": {
      "mean_chlorophyll": 3.3590676507656796,
      "mean_sst": 15.062072792949,
      "pixel_count": 65,
      "bloom_pixels": 0
    },
    "Gulf of Mexico": {
      "mean_chlorophyll": 2.8228143747329915,
      "mean_sst": 25.06457090251516,
      "pixel_count": 62,
      "bloom_pixels": 4
    },
    "Atlantic Coast": {
      "mean_chlorophyll": 1.3734620648863385,
      "mean_sst": 19.76701573907176,
      "pixel_count": 55,
      "bloom_pixels": 0
    }
  },
  "ocean_health_status": "NORMAL - Moderate productivity",
  "spatial_extent": {
    "lon_range": [
      -127.97646118704145,
      -70.57467153224943
    ],
    "lat_range": [
      25.01310522677108,
      47.38588222974646
    ]
  },
  "summary": "NORMAL: Chl-a 2.58 mg/m\u00b3, 4 bloom pixels detected",
  "analysis_date": "2026-06-24 16:59:27"
}