{
  "total_pixels": 264,
  "good_quality_pixels": 191,
  "mean_chlorophyll": 2.6941910588630087,
  "median_chlorophyll": 2.040492898697554,
  "std_chlorophyll": 2.2023946806176284,
  "min_chlorophyll": 0.2615180110376444,
  "max_chlorophyll": 12.0,
  "mean_sst": 20.239807590124276,
  "sst_range": [
    12.047244811667266,
    27.994403274319183
  ],
  "bloom_count": 2,
  "bloom_percentage": 1.0471204188481675,
  "bloom_locations": [
    {
      "region": "Pacific Coast",
      "bloom_pixels": 2
    }
  ],
  "productivity_distribution": {
    "high": 134,
    "medium": 57
  },
  "regional_stats": {
    "Pacific Coast": {
      "mean_chlorophyll": 3.9054163045758274,
      "mean_sst": 14.9996493987525,
      "pixel_count": 64,
      "bloom_pixels": 2
    },
    "Gulf of Mexico": {
      "mean_chlorophyll": 2.5660604554316637,
      "mean_sst": 24.928214682366022,
      "pixel_count": 70,
      "bloom_pixels": 0
    },
    "Atlantic Coast": {
      "mean_chlorophyll": 1.4915722257853572,
      "mean_sst": 20.36580106013956,
      "pixel_count": 57,
      "bloom_pixels": 0
    }
  },
  "ocean_health_status": "NORMAL - Moderate productivity",
  "spatial_extent": {
    "lon_range": [
      -127.99677187741754,
      -70.31817310601657
    ],
    "lat_range": [
      25.040662171178788,
      47.489490292865206
    ]
  },
  "summary": "NORMAL: Chl-a 2.69 mg/m\u00b3, 2 bloom pixels detected",
  "analysis_date": "2026-05-03 19:46:50"
}