{
  "total_pixels": 264,
  "good_quality_pixels": 194,
  "mean_chlorophyll": 3.0432936377285644,
  "median_chlorophyll": 2.156221048778737,
  "std_chlorophyll": 2.7016871734253614,
  "min_chlorophyll": 0.2,
  "max_chlorophyll": 15.0,
  "mean_sst": 19.949561465440173,
  "sst_range": [
    12.082489282067945,
    27.98672021108632
  ],
  "bloom_count": 6,
  "bloom_percentage": 3.0927835051546393,
  "bloom_locations": [
    {
      "region": "Gulf of Mexico",
      "bloom_pixels": 2
    },
    {
      "region": "Pacific Coast",
      "bloom_pixels": 4
    }
  ],
  "productivity_distribution": {
    "high": 143,
    "medium": 51
  },
  "regional_stats": {
    "Pacific Coast": {
      "mean_chlorophyll": 4.398481529470056,
      "mean_sst": 14.974291579358674,
      "pixel_count": 71,
      "bloom_pixels": 4
    },
    "Gulf of Mexico": {
      "mean_chlorophyll": 3.1333752554847583,
      "mean_sst": 24.95159866581109,
      "pixel_count": 72,
      "bloom_pixels": 2
    },
    "Atlantic Coast": {
      "mean_chlorophyll": 1.0294854653346073,
      "mean_sst": 19.814218004363294,
      "pixel_count": 51,
      "bloom_pixels": 0
    }
  },
  "ocean_health_status": "NORMAL - Moderate productivity",
  "spatial_extent": {
    "lon_range": [
      -127.8436504300265,
      -70.06694979957571
    ],
    "lat_range": [
      25.05485292468066,
      47.331214546318876
    ]
  },
  "summary": "NORMAL: Chl-a 3.04 mg/m\u00b3, 6 bloom pixels detected",
  "analysis_date": "2026-04-21 08:02:58"
}