{
  "total_pixels": 264,
  "good_quality_pixels": 173,
  "mean_chlorophyll": 2.590638094542681,
  "median_chlorophyll": 1.904417286770675,
  "std_chlorophyll": 2.2627235530426275,
  "min_chlorophyll": 0.2,
  "max_chlorophyll": 12.477305117862427,
  "mean_sst": 19.97202955848625,
  "sst_range": [
    12.124782314955173,
    27.91006400757047
  ],
  "bloom_count": 3,
  "bloom_percentage": 1.7341040462427744,
  "bloom_locations": [
    {
      "region": "Gulf of Mexico",
      "bloom_pixels": 1
    },
    {
      "region": "Pacific Coast",
      "bloom_pixels": 2
    }
  ],
  "productivity_distribution": {
    "high": 118,
    "medium": 55
  },
  "regional_stats": {
    "Pacific Coast": {
      "mean_chlorophyll": 3.963575679218176,
      "mean_sst": 14.89151170919155,
      "pixel_count": 54,
      "bloom_pixels": 2
    },
    "Gulf of Mexico": {
      "mean_chlorophyll": 2.5356408281986793,
      "mean_sst": 24.642206275768682,
      "pixel_count": 64,
      "bloom_pixels": 1
    },
    "Atlantic Coast": {
      "mean_chlorophyll": 1.306659830425215,
      "mean_sst": 19.525786903137845,
      "pixel_count": 55,
      "bloom_pixels": 0
    }
  },
  "ocean_health_status": "NORMAL - Moderate productivity",
  "spatial_extent": {
    "lon_range": [
      -127.92655148573907,
      -70.00724146836389
    ],
    "lat_range": [
      25.072642511914022,
      47.36658799597624
    ]
  },
  "summary": "NORMAL: Chl-a 2.59 mg/m\u00b3, 3 bloom pixels detected",
  "analysis_date": "2026-04-19 11:28:40"
}