{
  "total_pixels": 264,
  "good_quality_pixels": 170,
  "mean_chlorophyll": 2.5645333185765846,
  "median_chlorophyll": 1.9879881461161368,
  "std_chlorophyll": 2.196675405015203,
  "min_chlorophyll": 0.2,
  "max_chlorophyll": 14.068078416483045,
  "mean_sst": 20.26318784843669,
  "sst_range": [
    12.0095802051867,
    27.997266865825264
  ],
  "bloom_count": 2,
  "bloom_percentage": 1.1764705882352942,
  "bloom_locations": [
    {
      "region": "Gulf of Mexico",
      "bloom_pixels": 1
    },
    {
      "region": "Pacific Coast",
      "bloom_pixels": 1
    }
  ],
  "productivity_distribution": {
    "high": 124,
    "medium": 46
  },
  "regional_stats": {
    "Pacific Coast": {
      "mean_chlorophyll": 3.5342384951987795,
      "mean_sst": 14.931088348335233,
      "pixel_count": 56,
      "bloom_pixels": 1
    },
    "Gulf of Mexico": {
      "mean_chlorophyll": 2.5952923415374025,
      "mean_sst": 25.035997152652538,
      "pixel_count": 68,
      "bloom_pixels": 1
    },
    "Atlantic Coast": {
      "mean_chlorophyll": 1.338552808746615,
      "mean_sst": 19.698982181458504,
      "pixel_count": 46,
      "bloom_pixels": 0
    }
  },
  "ocean_health_status": "NORMAL - Moderate productivity",
  "spatial_extent": {
    "lon_range": [
      -127.98616715249771,
      -70.16608949022732
    ],
    "lat_range": [
      25.05519609296737,
      47.37560833581329
    ]
  },
  "summary": "NORMAL: Chl-a 2.56 mg/m\u00b3, 2 bloom pixels detected",
  "analysis_date": "2025-11-11 15:16:42"
}