{
  "total_pixels": 264,
  "good_quality_pixels": 192,
  "mean_chlorophyll": 2.5548553331879833,
  "median_chlorophyll": 1.8041643791383146,
  "std_chlorophyll": 2.2142109368839646,
  "min_chlorophyll": 0.2096830747038482,
  "max_chlorophyll": 12.0,
  "mean_sst": 20.10174421605537,
  "sst_range": [
    12.06745008128844,
    27.965596493310453
  ],
  "bloom_count": 3,
  "bloom_percentage": 1.5625,
  "bloom_locations": [
    {
      "region": "Gulf of Mexico",
      "bloom_pixels": 1
    },
    {
      "region": "Pacific Coast",
      "bloom_pixels": 2
    }
  ],
  "productivity_distribution": {
    "high": 131,
    "medium": 61
  },
  "regional_stats": {
    "Pacific Coast": {
      "mean_chlorophyll": 3.897606894772436,
      "mean_sst": 14.65967420656617,
      "pixel_count": 58,
      "bloom_pixels": 2
    },
    "Gulf of Mexico": {
      "mean_chlorophyll": 2.6946570072034373,
      "mean_sst": 24.884118183264505,
      "pixel_count": 73,
      "bloom_pixels": 1
    },
    "Atlantic Coast": {
      "mean_chlorophyll": 1.1108370909744358,
      "mean_sst": 19.553002592188253,
      "pixel_count": 61,
      "bloom_pixels": 0
    }
  },
  "ocean_health_status": "NORMAL - Moderate productivity",
  "spatial_extent": {
    "lon_range": [
      -127.96955446222769,
      -70.10691244510262
    ],
    "lat_range": [
      25.00068955733249,
      47.43409160746359
    ]
  },
  "summary": "NORMAL: Chl-a 2.55 mg/m\u00b3, 3 bloom pixels detected",
  "analysis_date": "2026-03-10 15:56:15"
}