{
  "total_pixels": 264,
  "good_quality_pixels": 184,
  "mean_chlorophyll": 2.5494551644640766,
  "median_chlorophyll": 1.8274096583462938,
  "std_chlorophyll": 2.3751625027800576,
  "min_chlorophyll": 0.2,
  "max_chlorophyll": 15.0,
  "mean_sst": 19.972012722205832,
  "sst_range": [
    12.168941683721966,
    27.97973413387939
  ],
  "bloom_count": 4,
  "bloom_percentage": 2.1739130434782608,
  "bloom_locations": [
    {
      "region": "Gulf of Mexico",
      "bloom_pixels": 4
    }
  ],
  "productivity_distribution": {
    "high": 125,
    "medium": 59
  },
  "regional_stats": {
    "Pacific Coast": {
      "mean_chlorophyll": 3.4209256908543435,
      "mean_sst": 14.812411375117838,
      "pixel_count": 63,
      "bloom_pixels": 0
    },
    "Gulf of Mexico": {
      "mean_chlorophyll": 2.7312195656812377,
      "mean_sst": 24.678742185969714,
      "pixel_count": 62,
      "bloom_pixels": 4
    },
    "Atlantic Coast": {
      "mean_chlorophyll": 1.4278952316157578,
      "mean_sst": 20.535362859717406,
      "pixel_count": 59,
      "bloom_pixels": 0
    }
  },
  "ocean_health_status": "NORMAL - Moderate productivity",
  "spatial_extent": {
    "lon_range": [
      -127.96693713230916,
      -70.10851085774534
    ],
    "lat_range": [
      25.01580266577453,
      47.45593605884525
    ]
  },
  "summary": "NORMAL: Chl-a 2.55 mg/m\u00b3, 4 bloom pixels detected",
  "analysis_date": "2026-06-24 20:28:59"
}