{
  "total_pixels": 264,
  "good_quality_pixels": 175,
  "mean_chlorophyll": 2.510911778119882,
  "median_chlorophyll": 1.8895233194544945,
  "std_chlorophyll": 2.157987758996294,
  "min_chlorophyll": 0.22024930506599794,
  "max_chlorophyll": 14.160006848216222,
  "mean_sst": 20.018183345511765,
  "sst_range": [
    12.064693715070025,
    27.972438552140076
  ],
  "bloom_count": 1,
  "bloom_percentage": 0.5714285714285714,
  "bloom_locations": [
    {
      "region": "Gulf of Mexico",
      "bloom_pixels": 1
    }
  ],
  "productivity_distribution": {
    "high": 121,
    "medium": 54
  },
  "regional_stats": {
    "Pacific Coast": {
      "mean_chlorophyll": 3.3234512119498274,
      "mean_sst": 14.938401632478573,
      "pixel_count": 62,
      "bloom_pixels": 0
    },
    "Gulf of Mexico": {
      "mean_chlorophyll": 2.777352153859305,
      "mean_sst": 25.29292289409737,
      "pixel_count": 59,
      "bloom_pixels": 1
    },
    "Atlantic Coast": {
      "mean_chlorophyll": 1.2868853509702047,
      "mean_sst": 20.087383953687823,
      "pixel_count": 54,
      "bloom_pixels": 0
    }
  },
  "ocean_health_status": "NORMAL - Moderate productivity",
  "spatial_extent": {
    "lon_range": [
      -127.94013999653505,
      -70.11479272121046
    ],
    "lat_range": [
      25.045495465796805,
      47.43257880914332
    ]
  },
  "summary": "NORMAL: Chl-a 2.51 mg/m\u00b3, 1 bloom pixels detected",
  "analysis_date": "2025-11-15 21:12:36"
}