{
  "total_pixels": 264,
  "good_quality_pixels": 170,
  "mean_chlorophyll": 2.4363846487159013,
  "median_chlorophyll": 1.938982999906469,
  "std_chlorophyll": 1.9580709665236602,
  "min_chlorophyll": 0.21097139590260186,
  "max_chlorophyll": 12.0,
  "mean_sst": 20.069755690825282,
  "sst_range": [
    12.085184107057259,
    27.826576474925844
  ],
  "bloom_count": 3,
  "bloom_percentage": 1.7647058823529411,
  "bloom_locations": [
    {
      "region": "Pacific Coast",
      "bloom_pixels": 3
    }
  ],
  "productivity_distribution": {
    "high": 116,
    "medium": 54
  },
  "regional_stats": {
    "Pacific Coast": {
      "mean_chlorophyll": 3.5052976387915797,
      "mean_sst": 14.459396193623,
      "pixel_count": 57,
      "bloom_pixels": 3
    },
    "Gulf of Mexico": {
      "mean_chlorophyll": 2.3882036458755116,
      "mean_sst": 24.76867519389484,
      "pixel_count": 59,
      "bloom_pixels": 0
    },
    "Atlantic Coast": {
      "mean_chlorophyll": 1.360729810443112,
      "mean_sst": 20.857797184518365,
      "pixel_count": 54,
      "bloom_pixels": 0
    }
  },
  "ocean_health_status": "NORMAL - Moderate productivity",
  "spatial_extent": {
    "lon_range": [
      -127.9367097135107,
      -70.09514384278171
    ],
    "lat_range": [
      25.026945249453973,
      47.47598656577833
    ]
  },
  "summary": "NORMAL: Chl-a 2.44 mg/m\u00b3, 3 bloom pixels detected",
  "analysis_date": "2026-04-20 09:04:33"
}