{
  "total_pixels": 264,
  "good_quality_pixels": 186,
  "mean_chlorophyll": 2.580468876330391,
  "median_chlorophyll": 1.8796321940224077,
  "std_chlorophyll": 2.122325496241337,
  "min_chlorophyll": 0.2261775785887673,
  "max_chlorophyll": 12.0,
  "mean_sst": 19.732347601115137,
  "sst_range": [
    12.052604535903312,
    27.946874622948826
  ],
  "bloom_count": 2,
  "bloom_percentage": 1.0752688172043012,
  "bloom_locations": [
    {
      "region": "Atlantic Coast",
      "bloom_pixels": 1
    },
    {
      "region": "Pacific Coast",
      "bloom_pixels": 1
    }
  ],
  "productivity_distribution": {
    "high": 131,
    "medium": 55
  },
  "regional_stats": {
    "Pacific Coast": {
      "mean_chlorophyll": 3.6219368864579566,
      "mean_sst": 14.627551224090572,
      "pixel_count": 67,
      "bloom_pixels": 1
    },
    "Gulf of Mexico": {
      "mean_chlorophyll": 2.432863731180144,
      "mean_sst": 25.015870869025626,
      "pixel_count": 64,
      "bloom_pixels": 0
    },
    "Atlantic Coast": {
      "mean_chlorophyll": 1.4835301965316419,
      "mean_sst": 19.802817930467395,
      "pixel_count": 55,
      "bloom_pixels": 1
    }
  },
  "ocean_health_status": "NORMAL - Moderate productivity",
  "spatial_extent": {
    "lon_range": [
      -127.87960042555956,
      -70.04126356123199
    ],
    "lat_range": [
      25.082205436579034,
      47.48925626841124
    ]
  },
  "summary": "NORMAL: Chl-a 2.58 mg/m\u00b3, 2 bloom pixels detected",
  "analysis_date": "2026-04-28 08:33:44"
}