{
  "total_pixels": 264,
  "good_quality_pixels": 186,
  "mean_chlorophyll": 2.7349311163166563,
  "median_chlorophyll": 1.9362692467530866,
  "std_chlorophyll": 2.404506224475554,
  "min_chlorophyll": 0.22766989344342253,
  "max_chlorophyll": 12.0,
  "mean_sst": 20.03008709912178,
  "sst_range": [
    12.099484490655165,
    27.727104857452694
  ],
  "bloom_count": 4,
  "bloom_percentage": 2.1505376344086025,
  "bloom_locations": [
    {
      "region": "Gulf of Mexico",
      "bloom_pixels": 2
    },
    {
      "region": "Pacific Coast",
      "bloom_pixels": 2
    }
  ],
  "productivity_distribution": {
    "high": 132,
    "medium": 54
  },
  "regional_stats": {
    "Pacific Coast": {
      "mean_chlorophyll": 3.5246320267901283,
      "mean_sst": 14.825531055894098,
      "pixel_count": 66,
      "bloom_pixels": 2
    },
    "Gulf of Mexico": {
      "mean_chlorophyll": 2.9137843450542453,
      "mean_sst": 24.992557220032957,
      "pixel_count": 66,
      "bloom_pixels": 2
    },
    "Atlantic Coast": {
      "mean_chlorophyll": 1.5511427239475826,
      "mean_sst": 20.325969893064165,
      "pixel_count": 54,
      "bloom_pixels": 0
    }
  },
  "ocean_health_status": "NORMAL - Moderate productivity",
  "spatial_extent": {
    "lon_range": [
      -127.82175400515723,
      -70.11273879260357
    ],
    "lat_range": [
      25.005675766256175,
      47.292016530477575
    ]
  },
  "summary": "NORMAL: Chl-a 2.73 mg/m\u00b3, 4 bloom pixels detected",
  "analysis_date": "2026-03-03 15:42:42"
}