{
  "total_pixels": 264,
  "good_quality_pixels": 181,
  "mean_chlorophyll": 2.526079984543796,
  "median_chlorophyll": 1.8976923352632615,
  "std_chlorophyll": 1.9605958711593097,
  "min_chlorophyll": 0.26638772644159064,
  "max_chlorophyll": 10.26102381769507,
  "mean_sst": 19.965536788973864,
  "sst_range": [
    12.033782748147413,
    27.970708686822388
  ],
  "bloom_count": 1,
  "bloom_percentage": 0.5524861878453038,
  "bloom_locations": [
    {
      "region": "Gulf of Mexico",
      "bloom_pixels": 1
    }
  ],
  "productivity_distribution": {
    "high": 122,
    "medium": 59
  },
  "regional_stats": {
    "Pacific Coast": {
      "mean_chlorophyll": 3.383475741687484,
      "mean_sst": 15.093444585339203,
      "pixel_count": 64,
      "bloom_pixels": 0
    },
    "Gulf of Mexico": {
      "mean_chlorophyll": 2.849022091707614,
      "mean_sst": 25.046155192909357,
      "pixel_count": 58,
      "bloom_pixels": 1
    },
    "Atlantic Coast": {
      "mean_chlorophyll": 1.278555057887907,
      "mean_sst": 20.256011934810466,
      "pixel_count": 59,
      "bloom_pixels": 0
    }
  },
  "ocean_health_status": "NORMAL - Moderate productivity",
  "spatial_extent": {
    "lon_range": [
      -127.93707269476596,
      -70.05390937972732
    ],
    "lat_range": [
      25.099900372663786,
      47.406847771436745
    ]
  },
  "summary": "NORMAL: Chl-a 2.53 mg/m\u00b3, 1 bloom pixels detected",
  "analysis_date": "2025-11-04 21:14:24"
}