{
  "total_pixels": 264,
  "good_quality_pixels": 172,
  "mean_chlorophyll": 2.257656248940603,
  "median_chlorophyll": 1.7551642312815607,
  "std_chlorophyll": 1.961914429820068,
  "min_chlorophyll": 0.3,
  "max_chlorophyll": 12.0,
  "mean_sst": 20.43592431002875,
  "sst_range": [
    12.010547964664674,
    27.641329933234616
  ],
  "bloom_count": 3,
  "bloom_percentage": 1.744186046511628,
  "bloom_locations": [
    {
      "region": "Gulf of Mexico",
      "bloom_pixels": 2
    },
    {
      "region": "Pacific Coast",
      "bloom_pixels": 1
    }
  ],
  "productivity_distribution": {
    "high": 118,
    "medium": 54
  },
  "regional_stats": {
    "Pacific Coast": {
      "mean_chlorophyll": 3.328893192233551,
      "mean_sst": 15.218558577315966,
      "pixel_count": 46,
      "bloom_pixels": 1
    },
    "Gulf of Mexico": {
      "mean_chlorophyll": 2.3585777492064346,
      "mean_sst": 24.43675475118745,
      "pixel_count": 72,
      "bloom_pixels": 2
    },
    "Atlantic Coast": {
      "mean_chlorophyll": 1.2105590746699457,
      "mean_sst": 19.545906383016927,
      "pixel_count": 54,
      "bloom_pixels": 0
    }
  },
  "ocean_health_status": "NORMAL - Moderate productivity",
  "spatial_extent": {
    "lon_range": [
      -127.98080338389924,
      -70.05390073391963
    ],
    "lat_range": [
      25.10046851940689,
      47.088939101007014
    ]
  },
  "summary": "NORMAL: Chl-a 2.26 mg/m\u00b3, 3 bloom pixels detected",
  "analysis_date": "2025-12-16 21:17:04"
}