{
  "total_pixels": 264,
  "good_quality_pixels": 186,
  "mean_chlorophyll": 2.562503393118821,
  "median_chlorophyll": 2.0302425534975983,
  "std_chlorophyll": 1.8825049441246593,
  "min_chlorophyll": 0.2,
  "max_chlorophyll": 10.374067008567195,
  "mean_sst": 20.285763049873484,
  "sst_range": [
    12.06672049206654,
    27.985921240136342
  ],
  "bloom_count": 1,
  "bloom_percentage": 0.5376344086021506,
  "bloom_locations": [
    {
      "region": "Gulf of Mexico",
      "bloom_pixels": 1
    }
  ],
  "productivity_distribution": {
    "high": 127,
    "medium": 59
  },
  "regional_stats": {
    "Pacific Coast": {
      "mean_chlorophyll": 3.6392249552422626,
      "mean_sst": 15.179209051658328,
      "pixel_count": 61,
      "bloom_pixels": 0
    },
    "Gulf of Mexico": {
      "mean_chlorophyll": 2.698875487702824,
      "mean_sst": 25.26858923382331,
      "pixel_count": 66,
      "bloom_pixels": 1
    },
    "Atlantic Coast": {
      "mean_chlorophyll": 1.2967309603718027,
      "mean_sst": 19.99141162191478,
      "pixel_count": 59,
      "bloom_pixels": 0
    }
  },
  "ocean_health_status": "NORMAL - Moderate productivity",
  "spatial_extent": {
    "lon_range": [
      -127.76395513258205,
      -70.04738499778617
    ],
    "lat_range": [
      25.019404886564907,
      47.338903920606796
    ]
  },
  "summary": "NORMAL: Chl-a 2.56 mg/m\u00b3, 1 bloom pixels detected",
  "analysis_date": "2026-01-14 15:21:12"
}