{
  "total_pixels": 264,
  "good_quality_pixels": 187,
  "mean_chlorophyll": 2.742043472301982,
  "median_chlorophyll": 1.940494630389507,
  "std_chlorophyll": 2.334776793590342,
  "min_chlorophyll": 0.24116297768018852,
  "max_chlorophyll": 15.0,
  "mean_sst": 20.388006286522018,
  "sst_range": [
    12.118494314650968,
    27.89477558754107
  ],
  "bloom_count": 2,
  "bloom_percentage": 1.06951871657754,
  "bloom_locations": [
    {
      "region": "Gulf of Mexico",
      "bloom_pixels": 1
    },
    {
      "region": "Pacific Coast",
      "bloom_pixels": 1
    }
  ],
  "productivity_distribution": {
    "high": 133,
    "medium": 54
  },
  "regional_stats": {
    "Pacific Coast": {
      "mean_chlorophyll": 3.626149628168643,
      "mean_sst": 14.843282637990672,
      "pixel_count": 60,
      "bloom_pixels": 1
    },
    "Gulf of Mexico": {
      "mean_chlorophyll": 3.071478622604864,
      "mean_sst": 25.152838197349826,
      "pixel_count": 73,
      "bloom_pixels": 1
    },
    "Atlantic Coast": {
      "mean_chlorophyll": 1.314355781114757,
      "mean_sst": 20.10746349803037,
      "pixel_count": 54,
      "bloom_pixels": 0
    }
  },
  "ocean_health_status": "NORMAL - Moderate productivity",
  "spatial_extent": {
    "lon_range": [
      -127.94617406644038,
      -70.27951132615013
    ],
    "lat_range": [
      25.026300766613247,
      47.379910089962245
    ]
  },
  "summary": "NORMAL: Chl-a 2.74 mg/m\u00b3, 2 bloom pixels detected",
  "analysis_date": "2025-11-15 03:37:12"
}