{
  "total_pixels": 200,
  "good_quality_pixels": 127,
  "mean_chlorophyll": 5.053764294977239,
  "median_chlorophyll": 4.30151662518347,
  "std_chlorophyll": 3.9978402541140112,
  "min_chlorophyll": 0.05,
  "max_chlorophyll": 15.0,
  "mean_sst": 21.059853401545386,
  "sst_range": [
    15.019834111405412,
    27.926000274410605
  ],
  "bloom_count": 18,
  "bloom_percentage": 14.173228346456693,
  "bloom_locations": [
    {
      "region": "Gulf of Mexico",
      "bloom_pixels": 12
    },
    {
      "region": "Pacific NW",
      "bloom_pixels": 6
    }
  ],
  "productivity_distribution": {
    "high": 75,
    "medium": 27,
    "low": 25
  },
  "regional_stats": {
    "Gulf of Mexico": {
      "mean_chlorophyll": 8.769509690744703,
      "mean_sst": 20.879561295805125,
      "pixel_count": 28,
      "bloom_pixels": 12
    },
    "California Current": {
      "mean_chlorophyll": 5.272861982190915,
      "mean_sst": 21.55610871633784,
      "pixel_count": 23,
      "bloom_pixels": 0
    },
    "US East Coast": {
      "mean_chlorophyll": 3.6711341860118587,
      "mean_sst": 20.416138879930017,
      "pixel_count": 27,
      "bloom_pixels": 0
    },
    "Caribbean Sea": {
      "mean_chlorophyll": 0.1743441342381268,
      "mean_sst": 21.396704548452618,
      "pixel_count": 25,
      "bloom_pixels": 0
    },
    "Pacific NW": {
      "mean_chlorophyll": 7.146947589691384,
      "mean_sst": 21.167908407021837,
      "pixel_count": 24,
      "bloom_pixels": 6
    }
  },
  "ocean_health_status": "ALERT - High harmful bloom activity",
  "spatial_extent": {
    "lon_range": [
      -127.97139813475579,
      -70.46885055533305
    ],
    "lat_range": [
      20.050918103636047,
      46.98318372643286
    ]
  },
  "summary": "ALERT: Chl-a 5.05 mg/m\u00b3, 18 bloom pixels detected",
  "analysis_date": "2025-10-20 14:36:33"
}