{
  "total_pixels": 264,
  "good_quality_pixels": 173,
  "mean_chlorophyll": 2.586335354634899,
  "median_chlorophyll": 1.8865490238563691,
  "std_chlorophyll": 2.3199336987895554,
  "min_chlorophyll": 0.24280014904274197,
  "max_chlorophyll": 15.0,
  "mean_sst": 19.705233176353705,
  "sst_range": [
    12.081829408887861,
    27.97128119488221
  ],
  "bloom_count": 4,
  "bloom_percentage": 2.312138728323699,
  "bloom_locations": [
    {
      "region": "Gulf of Mexico",
      "bloom_pixels": 1
    },
    {
      "region": "Pacific Coast",
      "bloom_pixels": 3
    }
  ],
  "productivity_distribution": {
    "high": 126,
    "medium": 47
  },
  "regional_stats": {
    "Pacific Coast": {
      "mean_chlorophyll": 3.732835436240155,
      "mean_sst": 15.08602236064177,
      "pixel_count": 66,
      "bloom_pixels": 3
    },
    "Gulf of Mexico": {
      "mean_chlorophyll": 2.3467520794873895,
      "mean_sst": 24.81205728654805,
      "pixel_count": 60,
      "bloom_pixels": 1
    },
    "Atlantic Coast": {
      "mean_chlorophyll": 1.28220750618604,
      "mean_sst": 19.67243460667983,
      "pixel_count": 47,
      "bloom_pixels": 0
    }
  },
  "ocean_health_status": "NORMAL - Moderate productivity",
  "spatial_extent": {
    "lon_range": [
      -127.92482896519341,
      -70.52504818943726
    ],
    "lat_range": [
      25.05340339855729,
      47.36889191301789
    ]
  },
  "summary": "NORMAL: Chl-a 2.59 mg/m\u00b3, 4 bloom pixels detected",
  "analysis_date": "2025-12-13 15:15:01"
}