{
  "total_pixels": 264,
  "good_quality_pixels": 186,
  "mean_chlorophyll": 2.5311630837403727,
  "median_chlorophyll": 1.7990563599603882,
  "std_chlorophyll": 2.1006151449780393,
  "min_chlorophyll": 0.24208571165168113,
  "max_chlorophyll": 12.0,
  "mean_sst": 19.777507572745453,
  "sst_range": [
    12.076762214005363,
    27.915338027367856
  ],
  "bloom_count": 2,
  "bloom_percentage": 1.0752688172043012,
  "bloom_locations": [
    {
      "region": "Pacific Coast",
      "bloom_pixels": 2
    }
  ],
  "productivity_distribution": {
    "high": 134,
    "medium": 52
  },
  "regional_stats": {
    "Pacific Coast": {
      "mean_chlorophyll": 3.503013714520022,
      "mean_sst": 15.036580025541332,
      "pixel_count": 67,
      "bloom_pixels": 2
    },
    "Gulf of Mexico": {
      "mean_chlorophyll": 2.537596586073338,
      "mean_sst": 24.958566719454435,
      "pixel_count": 67,
      "bloom_pixels": 0
    },
    "Atlantic Coast": {
      "mean_chlorophyll": 1.2706816045375813,
      "mean_sst": 19.210414934921882,
      "pixel_count": 52,
      "bloom_pixels": 0
    }
  },
  "ocean_health_status": "NORMAL - Moderate productivity",
  "spatial_extent": {
    "lon_range": [
      -127.95654649885908,
      -70.14300609771036
    ],
    "lat_range": [
      25.02161898851264,
      47.418681380398375
    ]
  },
  "summary": "NORMAL: Chl-a 2.53 mg/m\u00b3, 2 bloom pixels detected",
  "analysis_date": "2026-05-12 15:42:14"
}