{
  "total_pixels": 264,
  "good_quality_pixels": 186,
  "mean_chlorophyll": 2.6289452933205557,
  "median_chlorophyll": 1.9559118601902403,
  "std_chlorophyll": 2.1394426482564843,
  "min_chlorophyll": 0.2,
  "max_chlorophyll": 13.235526470254522,
  "mean_sst": 20.267575958488383,
  "sst_range": [
    12.195778197863783,
    27.979667039274005
  ],
  "bloom_count": 3,
  "bloom_percentage": 1.6129032258064515,
  "bloom_locations": [
    {
      "region": "Gulf of Mexico",
      "bloom_pixels": 2
    },
    {
      "region": "Pacific Coast",
      "bloom_pixels": 1
    }
  ],
  "productivity_distribution": {
    "high": 127,
    "medium": 59
  },
  "regional_stats": {
    "Pacific Coast": {
      "mean_chlorophyll": 3.595456407024346,
      "mean_sst": 15.3078618993404,
      "pixel_count": 62,
      "bloom_pixels": 1
    },
    "Gulf of Mexico": {
      "mean_chlorophyll": 2.848229506462454,
      "mean_sst": 25.14634464947567,
      "pixel_count": 65,
      "bloom_pixels": 2
    },
    "Atlantic Coast": {
      "mean_chlorophyll": 1.371705244102618,
      "mean_sst": 20.104564208539244,
      "pixel_count": 59,
      "bloom_pixels": 0
    }
  },
  "ocean_health_status": "NORMAL - Moderate productivity",
  "spatial_extent": {
    "lon_range": [
      -127.92917807489638,
      -70.20732225188239
    ],
    "lat_range": [
      25.005378259409373,
      47.22326361860374
    ]
  },
  "summary": "NORMAL: Chl-a 2.63 mg/m\u00b3, 3 bloom pixels detected",
  "analysis_date": "2026-07-20 13:00:27"
}