{
  "total_pixels": 264,
  "good_quality_pixels": 179,
  "mean_chlorophyll": 2.7547520410766317,
  "median_chlorophyll": 2.1272031354498173,
  "std_chlorophyll": 2.419141474678055,
  "min_chlorophyll": 0.2,
  "max_chlorophyll": 14.3706016924298,
  "mean_sst": 19.964438579665355,
  "sst_range": [
    12.287509485304774,
    27.953982844183464
  ],
  "bloom_count": 5,
  "bloom_percentage": 2.793296089385475,
  "bloom_locations": [
    {
      "region": "Gulf of Mexico",
      "bloom_pixels": 3
    },
    {
      "region": "Pacific Coast",
      "bloom_pixels": 2
    }
  ],
  "productivity_distribution": {
    "high": 125,
    "medium": 54
  },
  "regional_stats": {
    "Pacific Coast": {
      "mean_chlorophyll": 3.821116177230768,
      "mean_sst": 15.144935201005262,
      "pixel_count": 60,
      "bloom_pixels": 2
    },
    "Gulf of Mexico": {
      "mean_chlorophyll": 2.98360202388328,
      "mean_sst": 24.720676537446195,
      "pixel_count": 65,
      "bloom_pixels": 3
    },
    "Atlantic Coast": {
      "mean_chlorophyll": 1.2944354290084794,
      "mean_sst": 19.594341088255195,
      "pixel_count": 54,
      "bloom_pixels": 0
    }
  },
  "ocean_health_status": "NORMAL - Moderate productivity",
  "spatial_extent": {
    "lon_range": [
      -127.86164234920214,
      -70.06001259890319
    ],
    "lat_range": [
      25.022632258700757,
      47.30784544470796
    ]
  },
  "summary": "NORMAL: Chl-a 2.75 mg/m\u00b3, 5 bloom pixels detected",
  "analysis_date": "2026-06-17 14:23:54"
}