{
  "total_pixels": 264,
  "good_quality_pixels": 191,
  "mean_chlorophyll": 2.6119384146504334,
  "median_chlorophyll": 1.7041909888302542,
  "std_chlorophyll": 2.645490359474485,
  "min_chlorophyll": 0.20753183954404808,
  "max_chlorophyll": 15.0,
  "mean_sst": 20.492491086981175,
  "sst_range": [
    12.013485339304355,
    27.9589740250195
  ],
  "bloom_count": 5,
  "bloom_percentage": 2.6178010471204187,
  "bloom_locations": [
    {
      "region": "Gulf of Mexico",
      "bloom_pixels": 4
    },
    {
      "region": "Pacific Coast",
      "bloom_pixels": 1
    }
  ],
  "productivity_distribution": {
    "high": 133,
    "medium": 58
  },
  "regional_stats": {
    "Pacific Coast": {
      "mean_chlorophyll": 3.664549229940489,
      "mean_sst": 14.949349629595991,
      "pixel_count": 59,
      "bloom_pixels": 1
    },
    "Gulf of Mexico": {
      "mean_chlorophyll": 2.981067473919997,
      "mean_sst": 25.260998254971987,
      "pixel_count": 74,
      "bloom_pixels": 4
    },
    "Atlantic Coast": {
      "mean_chlorophyll": 1.0702213717528306,
      "mean_sst": 20.047246527574387,
      "pixel_count": 58,
      "bloom_pixels": 0
    }
  },
  "ocean_health_status": "NORMAL - Moderate productivity",
  "spatial_extent": {
    "lon_range": [
      -127.95570192920924,
      -70.00717165274823
    ],
    "lat_range": [
      25.04353658536707,
      47.21857958786812
    ]
  },
  "summary": "NORMAL: Chl-a 2.61 mg/m\u00b3, 5 bloom pixels detected",
  "analysis_date": "2025-11-05 09:18:00"
}