{
  "total_pixels": 264,
  "good_quality_pixels": 187,
  "mean_chlorophyll": 2.3794123436093217,
  "median_chlorophyll": 1.7767288188461834,
  "std_chlorophyll": 1.9833714930273965,
  "min_chlorophyll": 0.2,
  "max_chlorophyll": 11.834850886951253,
  "mean_sst": 20.3516202518741,
  "sst_range": [
    12.060153601603878,
    27.81408920141541
  ],
  "bloom_count": 1,
  "bloom_percentage": 0.53475935828877,
  "bloom_locations": [
    {
      "region": "Gulf of Mexico",
      "bloom_pixels": 1
    }
  ],
  "productivity_distribution": {
    "high": 127,
    "medium": 60
  },
  "regional_stats": {
    "Pacific Coast": {
      "mean_chlorophyll": 3.163379534837174,
      "mean_sst": 14.906687578249047,
      "pixel_count": 60,
      "bloom_pixels": 0
    },
    "Gulf of Mexico": {
      "mean_chlorophyll": 2.75538615572757,
      "mean_sst": 25.08533567471507,
      "pixel_count": 67,
      "bloom_pixels": 1
    },
    "Atlantic Coast": {
      "mean_chlorophyll": 1.1756077288494273,
      "mean_sst": 20.51057070332674,
      "pixel_count": 60,
      "bloom_pixels": 0
    }
  },
  "ocean_health_status": "NORMAL - Moderate productivity",
  "spatial_extent": {
    "lon_range": [
      -127.9085302757245,
      -70.01957152552748
    ],
    "lat_range": [
      25.1201358623374,
      47.223341587150976
    ]
  },
  "summary": "NORMAL: Chl-a 2.38 mg/m\u00b3, 1 bloom pixels detected",
  "analysis_date": "2026-04-15 08:23:16"
}