{
  "total_pixels": 264,
  "good_quality_pixels": 193,
  "mean_chlorophyll": 2.8768490917308243,
  "median_chlorophyll": 2.226656841885794,
  "std_chlorophyll": 2.5213897440338475,
  "min_chlorophyll": 0.23291790003066434,
  "max_chlorophyll": 13.603248183617394,
  "mean_sst": 20.17742542874528,
  "sst_range": [
    12.055943387990743,
    27.878949731036922
  ],
  "bloom_count": 6,
  "bloom_percentage": 3.1088082901554404,
  "bloom_locations": [
    {
      "region": "Gulf of Mexico",
      "bloom_pixels": 2
    },
    {
      "region": "Pacific Coast",
      "bloom_pixels": 4
    }
  ],
  "productivity_distribution": {
    "high": 137,
    "medium": 56
  },
  "regional_stats": {
    "Pacific Coast": {
      "mean_chlorophyll": 4.066224344598737,
      "mean_sst": 14.894477783803026,
      "pixel_count": 65,
      "bloom_pixels": 4
    },
    "Gulf of Mexico": {
      "mean_chlorophyll": 2.9510122229885414,
      "mean_sst": 25.207614869862798,
      "pixel_count": 72,
      "bloom_pixels": 2
    },
    "Atlantic Coast": {
      "mean_chlorophyll": 1.4009716473206468,
      "mean_sst": 19.84203180661644,
      "pixel_count": 56,
      "bloom_pixels": 0
    }
  },
  "ocean_health_status": "NORMAL - Moderate productivity",
  "spatial_extent": {
    "lon_range": [
      -127.83103904099214,
      -70.30050977067128
    ],
    "lat_range": [
      25.114491382098524,
      47.48171515576598
    ]
  },
  "summary": "NORMAL: Chl-a 2.88 mg/m\u00b3, 6 bloom pixels detected",
  "analysis_date": "2025-11-20 09:17:07"
}