{
  "total_pixels": 264,
  "good_quality_pixels": 184,
  "mean_chlorophyll": 2.8013084139091804,
  "median_chlorophyll": 2.16452911389852,
  "std_chlorophyll": 2.3148098580471723,
  "min_chlorophyll": 0.2,
  "max_chlorophyll": 15.0,
  "mean_sst": 19.946297700505692,
  "sst_range": [
    12.129734229222107,
    27.74594547818217
  ],
  "bloom_count": 3,
  "bloom_percentage": 1.6304347826086956,
  "bloom_locations": [
    {
      "region": "Gulf of Mexico",
      "bloom_pixels": 1
    },
    {
      "region": "Pacific Coast",
      "bloom_pixels": 2
    }
  ],
  "productivity_distribution": {
    "high": 123,
    "medium": 61
  },
  "regional_stats": {
    "Pacific Coast": {
      "mean_chlorophyll": 4.1401724790176795,
      "mean_sst": 14.9943966557552,
      "pixel_count": 63,
      "bloom_pixels": 2
    },
    "Gulf of Mexico": {
      "mean_chlorophyll": 2.8971095276393912,
      "mean_sst": 24.85429282131019,
      "pixel_count": 60,
      "bloom_pixels": 1
    },
    "Atlantic Coast": {
      "mean_chlorophyll": 1.3243165626690478,
      "mean_sst": 20.233019972161614,
      "pixel_count": 61,
      "bloom_pixels": 0
    }
  },
  "ocean_health_status": "NORMAL - Moderate productivity",
  "spatial_extent": {
    "lon_range": [
      -127.95275914577617,
      -70.11957434447979
    ],
    "lat_range": [
      25.005935323423408,
      47.4339675373783
    ]
  },
  "summary": "NORMAL: Chl-a 2.80 mg/m\u00b3, 3 bloom pixels detected",
  "analysis_date": "2026-01-26 15:24:46"
}