{
  "total_pixels": 264,
  "good_quality_pixels": 182,
  "mean_chlorophyll": 2.807082615201539,
  "median_chlorophyll": 2.128830115221993,
  "std_chlorophyll": 2.47445425317354,
  "min_chlorophyll": 0.25988749064380456,
  "max_chlorophyll": 15.0,
  "mean_sst": 20.111850558556966,
  "sst_range": [
    12.01839916934899,
    27.943346941395202
  ],
  "bloom_count": 6,
  "bloom_percentage": 3.296703296703297,
  "bloom_locations": [
    {
      "region": "Atlantic Coast",
      "bloom_pixels": 1
    },
    {
      "region": "Gulf of Mexico",
      "bloom_pixels": 3
    },
    {
      "region": "Pacific Coast",
      "bloom_pixels": 2
    }
  ],
  "productivity_distribution": {
    "high": 132,
    "medium": 50
  },
  "regional_stats": {
    "Pacific Coast": {
      "mean_chlorophyll": 3.52524685494425,
      "mean_sst": 14.943932641179105,
      "pixel_count": 64,
      "bloom_pixels": 2
    },
    "Gulf of Mexico": {
      "mean_chlorophyll": 3.178003714313092,
      "mean_sst": 24.912928657479895,
      "pixel_count": 68,
      "bloom_pixels": 3
    },
    "Atlantic Coast": {
      "mean_chlorophyll": 1.3833796935391558,
      "mean_sst": 20.197319278265446,
      "pixel_count": 50,
      "bloom_pixels": 1
    }
  },
  "ocean_health_status": "NORMAL - Moderate productivity",
  "spatial_extent": {
    "lon_range": [
      -127.94894842843831,
      -70.11223925474067
    ],
    "lat_range": [
      25.017281603405262,
      47.03562614446517
    ]
  },
  "summary": "NORMAL: Chl-a 2.81 mg/m\u00b3, 6 bloom pixels detected",
  "analysis_date": "2026-04-29 23:44:42"
}