{
  "total_pixels": 264,
  "good_quality_pixels": 195,
  "mean_chlorophyll": 2.616636875268574,
  "median_chlorophyll": 2.076002372266806,
  "std_chlorophyll": 2.086313199473052,
  "min_chlorophyll": 0.21965541228831165,
  "max_chlorophyll": 11.719245004101374,
  "mean_sst": 19.978073377005597,
  "sst_range": [
    12.02207485344049,
    27.781104001330277
  ],
  "bloom_count": 3,
  "bloom_percentage": 1.5384615384615385,
  "bloom_locations": [
    {
      "region": "Gulf of Mexico",
      "bloom_pixels": 1
    },
    {
      "region": "Pacific Coast",
      "bloom_pixels": 2
    }
  ],
  "productivity_distribution": {
    "high": 141,
    "medium": 54
  },
  "regional_stats": {
    "Pacific Coast": {
      "mean_chlorophyll": 3.6471420499280236,
      "mean_sst": 14.951423897576241,
      "pixel_count": 67,
      "bloom_pixels": 2
    },
    "Gulf of Mexico": {
      "mean_chlorophyll": 2.6768117860844893,
      "mean_sst": 24.73657805992451,
      "pixel_count": 74,
      "bloom_pixels": 1
    },
    "Atlantic Coast": {
      "mean_chlorophyll": 1.2555852067026334,
      "mean_sst": 19.69392835081611,
      "pixel_count": 54,
      "bloom_pixels": 0
    }
  },
  "ocean_health_status": "NORMAL - Moderate productivity",
  "spatial_extent": {
    "lon_range": [
      -127.95789941218999,
      -70.23840407271103
    ],
    "lat_range": [
      25.0607477090223,
      47.41621246346569
    ]
  },
  "summary": "NORMAL: Chl-a 2.62 mg/m\u00b3, 3 bloom pixels detected",
  "analysis_date": "2026-03-28 09:32:15"
}