{
  "total_pixels": 264,
  "good_quality_pixels": 186,
  "mean_chlorophyll": 2.87290844694532,
  "median_chlorophyll": 2.0100190883502504,
  "std_chlorophyll": 2.490820832379465,
  "min_chlorophyll": 0.24236621421725713,
  "max_chlorophyll": 15.0,
  "mean_sst": 20.093978846621354,
  "sst_range": [
    12.081041179187746,
    27.889058951310986
  ],
  "bloom_count": 4,
  "bloom_percentage": 2.1505376344086025,
  "bloom_locations": [
    {
      "region": "Gulf of Mexico",
      "bloom_pixels": 1
    },
    {
      "region": "Pacific Coast",
      "bloom_pixels": 3
    }
  ],
  "productivity_distribution": {
    "high": 132,
    "medium": 54
  },
  "regional_stats": {
    "Pacific Coast": {
      "mean_chlorophyll": 4.083348166228209,
      "mean_sst": 15.003770281908723,
      "pixel_count": 63,
      "bloom_pixels": 3
    },
    "Gulf of Mexico": {
      "mean_chlorophyll": 2.9668373481655683,
      "mean_sst": 24.962333521129928,
      "pixel_count": 69,
      "bloom_pixels": 1
    },
    "Atlantic Coast": {
      "mean_chlorophyll": 1.3407085117783017,
      "mean_sst": 19.811880088025138,
      "pixel_count": 54,
      "bloom_pixels": 0
    }
  },
  "ocean_health_status": "NORMAL - Moderate productivity",
  "spatial_extent": {
    "lon_range": [
      -127.95788590691183,
      -70.06863939805018
    ],
    "lat_range": [
      25.011314391838923,
      47.330041649931765
    ]
  },
  "summary": "NORMAL: Chl-a 2.87 mg/m\u00b3, 4 bloom pixels detected",
  "analysis_date": "2026-05-15 20:10:27"
}