{
  "total_pixels": 264,
  "good_quality_pixels": 188,
  "mean_chlorophyll": 2.506357009146323,
  "median_chlorophyll": 1.9639037466396385,
  "std_chlorophyll": 1.9442411022557837,
  "min_chlorophyll": 0.2,
  "max_chlorophyll": 10.398329889915816,
  "mean_sst": 19.92465886038237,
  "sst_range": [
    12.114789593427219,
    27.964135180752884
  ],
  "bloom_count": 2,
  "bloom_percentage": 1.0638297872340425,
  "bloom_locations": [
    {
      "region": "Gulf of Mexico",
      "bloom_pixels": 1
    },
    {
      "region": "Pacific Coast",
      "bloom_pixels": 1
    }
  ],
  "productivity_distribution": {
    "high": 136,
    "medium": 52
  },
  "regional_stats": {
    "Pacific Coast": {
      "mean_chlorophyll": 3.5473505709976125,
      "mean_sst": 14.855204730806953,
      "pixel_count": 68,
      "bloom_pixels": 1
    },
    "Gulf of Mexico": {
      "mean_chlorophyll": 2.4596446560463585,
      "mean_sst": 25.10290947958677,
      "pixel_count": 68,
      "bloom_pixels": 1
    },
    "Atlantic Coast": {
      "mean_chlorophyll": 1.206143120779206,
      "mean_sst": 19.782386527790607,
      "pixel_count": 52,
      "bloom_pixels": 0
    }
  },
  "ocean_health_status": "NORMAL - Moderate productivity",
  "spatial_extent": {
    "lon_range": [
      -127.98115796578652,
      -70.13944469609763
    ],
    "lat_range": [
      25.0609879831931,
      47.496367415082645
    ]
  },
  "summary": "NORMAL: Chl-a 2.51 mg/m\u00b3, 2 bloom pixels detected",
  "analysis_date": "2026-06-09 19:20:14"
}