{
  "total_pixels": 264,
  "good_quality_pixels": 172,
  "mean_chlorophyll": 2.6724171410278075,
  "median_chlorophyll": 1.8776131050771052,
  "std_chlorophyll": 2.334331155608103,
  "min_chlorophyll": 0.2,
  "max_chlorophyll": 15.0,
  "mean_sst": 20.17985421154072,
  "sst_range": [
    12.003701941763437,
    27.99449547874
  ],
  "bloom_count": 4,
  "bloom_percentage": 2.3255813953488373,
  "bloom_locations": [
    {
      "region": "Gulf of Mexico",
      "bloom_pixels": 2
    },
    {
      "region": "Pacific Coast",
      "bloom_pixels": 2
    }
  ],
  "productivity_distribution": {
    "high": 120,
    "medium": 52
  },
  "regional_stats": {
    "Pacific Coast": {
      "mean_chlorophyll": 3.8782816750084397,
      "mean_sst": 15.070795668937752,
      "pixel_count": 60,
      "bloom_pixels": 2
    },
    "Gulf of Mexico": {
      "mean_chlorophyll": 2.7543636771573903,
      "mean_sst": 25.580128018690306,
      "pixel_count": 60,
      "bloom_pixels": 2
    },
    "Atlantic Coast": {
      "mean_chlorophyll": 1.186481290900637,
      "mean_sst": 19.843836598602323,
      "pixel_count": 52,
      "bloom_pixels": 0
    }
  },
  "ocean_health_status": "NORMAL - Moderate productivity",
  "spatial_extent": {
    "lon_range": [
      -127.92463514256865,
      -70.0775246540878
    ],
    "lat_range": [
      25.022498776452238,
      47.48669423108282
    ]
  },
  "summary": "NORMAL: Chl-a 2.67 mg/m\u00b3, 4 bloom pixels detected",
  "analysis_date": "2026-07-14 18:08:34"
}