{
  "total_pixels": 264,
  "good_quality_pixels": 190,
  "mean_chlorophyll": 2.5291423938239226,
  "median_chlorophyll": 1.8184819478053247,
  "std_chlorophyll": 2.319386933749965,
  "min_chlorophyll": 0.2,
  "max_chlorophyll": 15.0,
  "mean_sst": 19.931623118605003,
  "sst_range": [
    12.158936326048527,
    27.89809173073035
  ],
  "bloom_count": 3,
  "bloom_percentage": 1.5789473684210527,
  "bloom_locations": [
    {
      "region": "Gulf of Mexico",
      "bloom_pixels": 1
    },
    {
      "region": "Pacific Coast",
      "bloom_pixels": 2
    }
  ],
  "productivity_distribution": {
    "high": 134,
    "medium": 56
  },
  "regional_stats": {
    "Pacific Coast": {
      "mean_chlorophyll": 3.608158225087717,
      "mean_sst": 15.008242185051518,
      "pixel_count": 64,
      "bloom_pixels": 2
    },
    "Gulf of Mexico": {
      "mean_chlorophyll": 2.5840171688169673,
      "mean_sst": 24.913521032370866,
      "pixel_count": 70,
      "bloom_pixels": 1
    },
    "Atlantic Coast": {
      "mean_chlorophyll": 1.2273879750668524,
      "mean_sst": 19.330971793315957,
      "pixel_count": 56,
      "bloom_pixels": 0
    }
  },
  "ocean_health_status": "NORMAL - Moderate productivity",
  "spatial_extent": {
    "lon_range": [
      -127.85632984370447,
      -70.02816507825236
    ],
    "lat_range": [
      25.020841957096856,
      47.2897707025273
    ]
  },
  "summary": "NORMAL: Chl-a 2.53 mg/m\u00b3, 3 bloom pixels detected",
  "analysis_date": "2026-03-30 16:02:55"
}