{
  "total_pixels": 264,
  "good_quality_pixels": 176,
  "mean_chlorophyll": 2.4647332341729586,
  "median_chlorophyll": 1.8414051560690996,
  "std_chlorophyll": 2.0499555930596154,
  "min_chlorophyll": 0.28480293505353854,
  "max_chlorophyll": 11.759082528735084,
  "mean_sst": 20.54087799331648,
  "sst_range": [
    12.026621716380387,
    27.92263980930197
  ],
  "bloom_count": 2,
  "bloom_percentage": 1.1363636363636365,
  "bloom_locations": [
    {
      "region": "Gulf of Mexico",
      "bloom_pixels": 2
    }
  ],
  "productivity_distribution": {
    "high": 123,
    "medium": 53
  },
  "regional_stats": {
    "Pacific Coast": {
      "mean_chlorophyll": 3.4294402536197115,
      "mean_sst": 15.093339836079164,
      "pixel_count": 55,
      "bloom_pixels": 0
    },
    "Gulf of Mexico": {
      "mean_chlorophyll": 2.6864380626831146,
      "mean_sst": 24.94894323512063,
      "pixel_count": 68,
      "bloom_pixels": 2
    },
    "Atlantic Coast": {
      "mean_chlorophyll": 1.1791706981680141,
      "mean_sst": 20.53835275190837,
      "pixel_count": 53,
      "bloom_pixels": 0
    }
  },
  "ocean_health_status": "NORMAL - Moderate productivity",
  "spatial_extent": {
    "lon_range": [
      -127.97262312880784,
      -70.0220884263567
    ],
    "lat_range": [
      25.070542854470688,
      47.473503334943416
    ]
  },
  "summary": "NORMAL: Chl-a 2.46 mg/m\u00b3, 2 bloom pixels detected",
  "analysis_date": "2026-04-26 11:33:34"
}