{
  "total_pixels": 264,
  "good_quality_pixels": 171,
  "mean_chlorophyll": 2.597945099458255,
  "median_chlorophyll": 1.838958328009225,
  "std_chlorophyll": 2.3018631438066026,
  "min_chlorophyll": 0.2,
  "max_chlorophyll": 12.0,
  "mean_sst": 20.31271907616944,
  "sst_range": [
    12.491844502915573,
    27.998834739145128
  ],
  "bloom_count": 5,
  "bloom_percentage": 2.923976608187134,
  "bloom_locations": [
    {
      "region": "Gulf of Mexico",
      "bloom_pixels": 2
    },
    {
      "region": "Pacific Coast",
      "bloom_pixels": 3
    }
  ],
  "productivity_distribution": {
    "high": 117,
    "medium": 54
  },
  "regional_stats": {
    "Pacific Coast": {
      "mean_chlorophyll": 3.8024654512596614,
      "mean_sst": 15.230737577591094,
      "pixel_count": 54,
      "bloom_pixels": 3
    },
    "Gulf of Mexico": {
      "mean_chlorophyll": 2.620085416160125,
      "mean_sst": 25.024453442890344,
      "pixel_count": 63,
      "bloom_pixels": 2
    },
    "Atlantic Coast": {
      "mean_chlorophyll": 1.3675943781713347,
      "mean_sst": 19.897677146906727,
      "pixel_count": 54,
      "bloom_pixels": 0
    }
  },
  "ocean_health_status": "NORMAL - Moderate productivity",
  "spatial_extent": {
    "lon_range": [
      -127.98340634954499,
      -70.09191229527858
    ],
    "lat_range": [
      25.00149960736859,
      47.384781659349926
    ]
  },
  "summary": "NORMAL: Chl-a 2.60 mg/m\u00b3, 5 bloom pixels detected",
  "analysis_date": "2026-01-16 04:00:41"
}