{
  "total_pixels": 264,
  "good_quality_pixels": 184,
  "mean_chlorophyll": 2.734272809784382,
  "median_chlorophyll": 2.069279026246961,
  "std_chlorophyll": 2.3695147510196373,
  "min_chlorophyll": 0.2268455069085116,
  "max_chlorophyll": 15.0,
  "mean_sst": 20.320165920668682,
  "sst_range": [
    12.12692109848829,
    27.986708649336514
  ],
  "bloom_count": 2,
  "bloom_percentage": 1.0869565217391304,
  "bloom_locations": [
    {
      "region": "Gulf of Mexico",
      "bloom_pixels": 2
    }
  ],
  "productivity_distribution": {
    "high": 130,
    "medium": 54
  },
  "regional_stats": {
    "Pacific Coast": {
      "mean_chlorophyll": 3.54991653715378,
      "mean_sst": 15.151940713107377,
      "pixel_count": 62,
      "bloom_pixels": 0
    },
    "Gulf of Mexico": {
      "mean_chlorophyll": 3.283921282529332,
      "mean_sst": 25.017847353788486,
      "pixel_count": 68,
      "bloom_pixels": 2
    },
    "Atlantic Coast": {
      "mean_chlorophyll": 1.1056430460147657,
      "mean_sst": 20.338455280236346,
      "pixel_count": 54,
      "bloom_pixels": 0
    }
  },
  "ocean_health_status": "NORMAL - Moderate productivity",
  "spatial_extent": {
    "lon_range": [
      -127.90116293192918,
      -70.0035709425376
    ],
    "lat_range": [
      25.005111421493147,
      47.49094579332605
    ]
  },
  "summary": "NORMAL: Chl-a 2.73 mg/m\u00b3, 2 bloom pixels detected",
  "analysis_date": "2025-12-14 09:15:41"
}