{
  "total_pixels": 264,
  "good_quality_pixels": 199,
  "mean_chlorophyll": 2.3725897033638805,
  "median_chlorophyll": 1.922379479904302,
  "std_chlorophyll": 1.7526223223705581,
  "min_chlorophyll": 0.24333060091167935,
  "max_chlorophyll": 10.374296113474841,
  "mean_sst": 19.85812719347936,
  "sst_range": [
    12.024248206727975,
    27.803403626709034
  ],
  "bloom_count": 1,
  "bloom_percentage": 0.5025125628140703,
  "bloom_locations": [
    {
      "region": "Gulf of Mexico",
      "bloom_pixels": 1
    }
  ],
  "productivity_distribution": {
    "high": 140,
    "medium": 59
  },
  "regional_stats": {
    "Pacific Coast": {
      "mean_chlorophyll": 3.1039236601241917,
      "mean_sst": 14.718075963295098,
      "pixel_count": 69,
      "bloom_pixels": 0
    },
    "Gulf of Mexico": {
      "mean_chlorophyll": 2.498075135165288,
      "mean_sst": 24.592946671389473,
      "pixel_count": 71,
      "bloom_pixels": 1
    },
    "Atlantic Coast": {
      "mean_chlorophyll": 1.3662929461713134,
      "mean_sst": 20.1715399384132,
      "pixel_count": 59,
      "bloom_pixels": 0
    }
  },
  "ocean_health_status": "NORMAL - Moderate productivity",
  "spatial_extent": {
    "lon_range": [
      -127.94780647782967,
      -70.11403743124953
    ],
    "lat_range": [
      25.01715436265941,
      47.48051466009314
    ]
  },
  "summary": "NORMAL: Chl-a 2.37 mg/m\u00b3, 1 bloom pixels detected",
  "analysis_date": "2026-04-18 14:03:15"
}