{
  "total_pixels": 264,
  "good_quality_pixels": 184,
  "mean_chlorophyll": 2.461252812327241,
  "median_chlorophyll": 1.9530381819962643,
  "std_chlorophyll": 2.049993472635973,
  "min_chlorophyll": 0.31886262756018224,
  "max_chlorophyll": 10.553504031556793,
  "mean_sst": 20.53042126141447,
  "sst_range": [
    12.005620617550502,
    27.98085994879761
  ],
  "bloom_count": 2,
  "bloom_percentage": 1.0869565217391304,
  "bloom_locations": [
    {
      "region": "Gulf of Mexico",
      "bloom_pixels": 1
    },
    {
      "region": "Pacific Coast",
      "bloom_pixels": 1
    }
  ],
  "productivity_distribution": {
    "high": 123,
    "medium": 61
  },
  "regional_stats": {
    "Pacific Coast": {
      "mean_chlorophyll": 3.329261306213562,
      "mean_sst": 14.893085251423322,
      "pixel_count": 53,
      "bloom_pixels": 1
    },
    "Gulf of Mexico": {
      "mean_chlorophyll": 2.8314699477112493,
      "mean_sst": 25.01613349659997,
      "pixel_count": 70,
      "bloom_pixels": 1
    },
    "Atlantic Coast": {
      "mean_chlorophyll": 1.282242162280426,
      "mean_sst": 20.28089588545621,
      "pixel_count": 61,
      "bloom_pixels": 0
    }
  },
  "ocean_health_status": "NORMAL - Moderate productivity",
  "spatial_extent": {
    "lon_range": [
      -127.85576127859817,
      -70.11413403717633
    ],
    "lat_range": [
      25.128056839720507,
      47.28643826420234
    ]
  },
  "summary": "NORMAL: Chl-a 2.46 mg/m\u00b3, 2 bloom pixels detected",
  "analysis_date": "2026-05-01 11:52:04"
}