{
  "total_pixels": 264,
  "good_quality_pixels": 182,
  "mean_chlorophyll": 2.6173810409689127,
  "median_chlorophyll": 1.757225633483595,
  "std_chlorophyll": 2.5109104322690814,
  "min_chlorophyll": 0.24239893028608112,
  "max_chlorophyll": 15.0,
  "mean_sst": 20.676045402455355,
  "sst_range": [
    12.013835936731805,
    27.956638732868832
  ],
  "bloom_count": 6,
  "bloom_percentage": 3.296703296703297,
  "bloom_locations": [
    {
      "region": "Gulf of Mexico",
      "bloom_pixels": 4
    },
    {
      "region": "Pacific Coast",
      "bloom_pixels": 2
    }
  ],
  "productivity_distribution": {
    "high": 125,
    "medium": 57
  },
  "regional_stats": {
    "Pacific Coast": {
      "mean_chlorophyll": 3.746852745391299,
      "mean_sst": 15.123607019925387,
      "pixel_count": 53,
      "bloom_pixels": 2
    },
    "Gulf of Mexico": {
      "mean_chlorophyll": 3.104237595332484,
      "mean_sst": 25.475607223525472,
      "pixel_count": 72,
      "bloom_pixels": 4
    },
    "Atlantic Coast": {
      "mean_chlorophyll": 0.9521938085379715,
      "mean_sst": 19.776234580649046,
      "pixel_count": 57,
      "bloom_pixels": 0
    }
  },
  "ocean_health_status": "NORMAL - Moderate productivity",
  "spatial_extent": {
    "lon_range": [
      -127.98195255571109,
      -70.0782368099628
    ],
    "lat_range": [
      25.00369666920774,
      47.40000429709141
    ]
  },
  "summary": "NORMAL: Chl-a 2.62 mg/m\u00b3, 6 bloom pixels detected",
  "analysis_date": "2025-12-30 03:59:19"
}