{
  "total_pixels": 264,
  "good_quality_pixels": 179,
  "mean_chlorophyll": 2.6112915350987027,
  "median_chlorophyll": 1.8379388760562614,
  "std_chlorophyll": 2.4002382971187703,
  "min_chlorophyll": 0.2,
  "max_chlorophyll": 15.0,
  "mean_sst": 19.86192399289384,
  "sst_range": [
    12.16870042214168,
    27.892679580679093
  ],
  "bloom_count": 3,
  "bloom_percentage": 1.675977653631285,
  "bloom_locations": [
    {
      "region": "Gulf of Mexico",
      "bloom_pixels": 2
    },
    {
      "region": "Pacific Coast",
      "bloom_pixels": 1
    }
  ],
  "productivity_distribution": {
    "high": 130,
    "medium": 49
  },
  "regional_stats": {
    "Pacific Coast": {
      "mean_chlorophyll": 3.36067020931168,
      "mean_sst": 15.079518445827933,
      "pixel_count": 68,
      "bloom_pixels": 1
    },
    "Gulf of Mexico": {
      "mean_chlorophyll": 3.029041187431745,
      "mean_sst": 24.847025812771083,
      "pixel_count": 62,
      "bloom_pixels": 2
    },
    "Atlantic Coast": {
      "mean_chlorophyll": 1.0427562638511279,
      "mean_sst": 20.191051837140627,
      "pixel_count": 49,
      "bloom_pixels": 0
    }
  },
  "ocean_health_status": "NORMAL - Moderate productivity",
  "spatial_extent": {
    "lon_range": [
      -127.98968130452485,
      -70.06414739844726
    ],
    "lat_range": [
      25.055329835453023,
      47.261671863369486
    ]
  },
  "summary": "NORMAL: Chl-a 2.61 mg/m\u00b3, 3 bloom pixels detected",
  "analysis_date": "2025-12-31 21:15:04"
}