{
  "total_pixels": 264,
  "good_quality_pixels": 190,
  "mean_chlorophyll": 2.670668996241276,
  "median_chlorophyll": 1.8533309841507397,
  "std_chlorophyll": 2.4928141632939234,
  "min_chlorophyll": 0.2,
  "max_chlorophyll": 15.0,
  "mean_sst": 19.990897366703283,
  "sst_range": [
    12.047967759287,
    27.91740661504093
  ],
  "bloom_count": 4,
  "bloom_percentage": 2.1052631578947367,
  "bloom_locations": [
    {
      "region": "Gulf of Mexico",
      "bloom_pixels": 3
    },
    {
      "region": "Pacific Coast",
      "bloom_pixels": 1
    }
  ],
  "productivity_distribution": {
    "high": 136,
    "medium": 54
  },
  "regional_stats": {
    "Pacific Coast": {
      "mean_chlorophyll": 3.5261904346361757,
      "mean_sst": 14.866255849104917,
      "pixel_count": 68,
      "bloom_pixels": 1
    },
    "Gulf of Mexico": {
      "mean_chlorophyll": 2.9422662285340024,
      "mean_sst": 24.979806873081074,
      "pixel_count": 68,
      "bloom_pixels": 3
    },
    "Atlantic Coast": {
      "mean_chlorophyll": 1.2513343738938956,
      "mean_sst": 20.161819158610662,
      "pixel_count": 54,
      "bloom_pixels": 0
    }
  },
  "ocean_health_status": "NORMAL - Moderate productivity",
  "spatial_extent": {
    "lon_range": [
      -127.87632248806129,
      -70.08535693205172
    ],
    "lat_range": [
      25.02100344184149,
      47.351241318884874
    ]
  },
  "summary": "NORMAL: Chl-a 2.67 mg/m\u00b3, 4 bloom pixels detected",
  "analysis_date": "2026-04-27 09:13:35"
}