{
  "total_pixels": 264,
  "good_quality_pixels": 181,
  "mean_chlorophyll": 2.444315668698649,
  "median_chlorophyll": 1.7849697724210285,
  "std_chlorophyll": 2.0221769746460923,
  "min_chlorophyll": 0.2,
  "max_chlorophyll": 12.0,
  "mean_sst": 20.31502665968072,
  "sst_range": [
    12.342680545586084,
    27.853918817626877
  ],
  "bloom_count": 2,
  "bloom_percentage": 1.1049723756906076,
  "bloom_locations": [
    {
      "region": "Gulf of Mexico",
      "bloom_pixels": 1
    },
    {
      "region": "Pacific Coast",
      "bloom_pixels": 1
    }
  ],
  "productivity_distribution": {
    "high": 126,
    "medium": 55
  },
  "regional_stats": {
    "Pacific Coast": {
      "mean_chlorophyll": 3.2916251551583287,
      "mean_sst": 14.869365965666088,
      "pixel_count": 59,
      "bloom_pixels": 1
    },
    "Gulf of Mexico": {
      "mean_chlorophyll": 2.751553869285607,
      "mean_sst": 25.14449708757556,
      "pixel_count": 67,
      "bloom_pixels": 1
    },
    "Atlantic Coast": {
      "mean_chlorophyll": 1.1611116843268798,
      "mean_sst": 20.273562337460884,
      "pixel_count": 55,
      "bloom_pixels": 0
    }
  },
  "ocean_health_status": "NORMAL - Moderate productivity",
  "spatial_extent": {
    "lon_range": [
      -127.73367140836586,
      -70.21410564281025
    ],
    "lat_range": [
      25.0786982175331,
      47.468830557495814
    ]
  },
  "summary": "NORMAL: Chl-a 2.44 mg/m\u00b3, 2 bloom pixels detected",
  "analysis_date": "2026-03-02 04:45:02"
}