{
  "total_pixels": 264,
  "good_quality_pixels": 191,
  "mean_chlorophyll": 2.4673337595714533,
  "median_chlorophyll": 1.7111322184267603,
  "std_chlorophyll": 2.310823450697179,
  "min_chlorophyll": 0.2507679164849046,
  "max_chlorophyll": 12.822543228020146,
  "mean_sst": 20.41268036955258,
  "sst_range": [
    12.185583156268185,
    27.770482934094606
  ],
  "bloom_count": 6,
  "bloom_percentage": 3.1413612565445024,
  "bloom_locations": [
    {
      "region": "Gulf of Mexico",
      "bloom_pixels": 4
    },
    {
      "region": "Pacific Coast",
      "bloom_pixels": 2
    }
  ],
  "productivity_distribution": {
    "high": 130,
    "medium": 61
  },
  "regional_stats": {
    "Pacific Coast": {
      "mean_chlorophyll": 3.0421198106963105,
      "mean_sst": 15.532955694703999,
      "pixel_count": 57,
      "bloom_pixels": 2
    },
    "Gulf of Mexico": {
      "mean_chlorophyll": 3.182622534190853,
      "mean_sst": 24.7865854865579,
      "pixel_count": 73,
      "bloom_pixels": 4
    },
    "Atlantic Coast": {
      "mean_chlorophyll": 1.074237276598779,
      "mean_sst": 19.738077630617813,
      "pixel_count": 61,
      "bloom_pixels": 0
    }
  },
  "ocean_health_status": "NORMAL - Moderate productivity",
  "spatial_extent": {
    "lon_range": [
      -127.75738999546778,
      -70.01001688596816
    ],
    "lat_range": [
      25.01792719403123,
      47.15520688633047
    ]
  },
  "summary": "NORMAL: Chl-a 2.47 mg/m\u00b3, 6 bloom pixels detected",
  "analysis_date": "2026-04-18 20:44:05"
}