{
  "total_pixels": 264,
  "good_quality_pixels": 185,
  "mean_chlorophyll": 2.50013482751522,
  "median_chlorophyll": 1.798175386175275,
  "std_chlorophyll": 2.394897474641764,
  "min_chlorophyll": 0.27007013880456826,
  "max_chlorophyll": 15.0,
  "mean_sst": 20.46069398217874,
  "sst_range": [
    12.014380318587547,
    27.984838460385813
  ],
  "bloom_count": 4,
  "bloom_percentage": 2.1621621621621623,
  "bloom_locations": [
    {
      "region": "Gulf of Mexico",
      "bloom_pixels": 2
    },
    {
      "region": "Pacific Coast",
      "bloom_pixels": 2
    }
  ],
  "productivity_distribution": {
    "high": 126,
    "medium": 59
  },
  "regional_stats": {
    "Pacific Coast": {
      "mean_chlorophyll": 3.5891469237931934,
      "mean_sst": 15.141871350177635,
      "pixel_count": 57,
      "bloom_pixels": 2
    },
    "Gulf of Mexico": {
      "mean_chlorophyll": 2.7959720873950755,
      "mean_sst": 25.10799481576123,
      "pixel_count": 69,
      "bloom_pixels": 2
    },
    "Atlantic Coast": {
      "mean_chlorophyll": 1.102059227183788,
      "mean_sst": 20.164238600939253,
      "pixel_count": 59,
      "bloom_pixels": 0
    }
  },
  "ocean_health_status": "NORMAL - Moderate productivity",
  "spatial_extent": {
    "lon_range": [
      -127.97588411206034,
      -70.00282766222388
    ],
    "lat_range": [
      25.061930623946303,
      47.316206238428464
    ]
  },
  "summary": "NORMAL: Chl-a 2.50 mg/m\u00b3, 4 bloom pixels detected",
  "analysis_date": "2026-06-05 23:59:19"
}