{
  "total_pixels": 264,
  "good_quality_pixels": 187,
  "mean_chlorophyll": 2.408460473423162,
  "median_chlorophyll": 1.8267896686225187,
  "std_chlorophyll": 2.0515369094061846,
  "min_chlorophyll": 0.2754635567678871,
  "max_chlorophyll": 12.0,
  "mean_sst": 20.016518714479194,
  "sst_range": [
    12.122966165018697,
    27.976619593273373
  ],
  "bloom_count": 2,
  "bloom_percentage": 1.06951871657754,
  "bloom_locations": [
    {
      "region": "Pacific Coast",
      "bloom_pixels": 2
    }
  ],
  "productivity_distribution": {
    "high": 129,
    "medium": 58
  },
  "regional_stats": {
    "Pacific Coast": {
      "mean_chlorophyll": 3.4549216467277786,
      "mean_sst": 14.956151983692349,
      "pixel_count": 64,
      "bloom_pixels": 2
    },
    "Gulf of Mexico": {
      "mean_chlorophyll": 2.4532767794368806,
      "mean_sst": 24.995453225345646,
      "pixel_count": 65,
      "bloom_pixels": 0
    },
    "Atlantic Coast": {
      "mean_chlorophyll": 1.2035195254509679,
      "mean_sst": 20.02053125868676,
      "pixel_count": 58,
      "bloom_pixels": 0
    }
  },
  "ocean_health_status": "NORMAL - Moderate productivity",
  "spatial_extent": {
    "lon_range": [
      -127.97163038416174,
      -70.16499281363305
    ],
    "lat_range": [
      25.030994456293925,
      47.43608354054576
    ]
  },
  "summary": "NORMAL: Chl-a 2.41 mg/m\u00b3, 2 bloom pixels detected",
  "analysis_date": "2026-04-14 21:02:19"
}