{
  "total_pixels": 264,
  "good_quality_pixels": 192,
  "mean_chlorophyll": 2.582387422601047,
  "median_chlorophyll": 1.93109471499359,
  "std_chlorophyll": 2.0507235176492213,
  "min_chlorophyll": 0.2292058441142842,
  "max_chlorophyll": 10.58271418391236,
  "mean_sst": 19.855574032716795,
  "sst_range": [
    12.03286508745791,
    27.954810815468463
  ],
  "bloom_count": 1,
  "bloom_percentage": 0.5208333333333333,
  "bloom_locations": [
    {
      "region": "Pacific Coast",
      "bloom_pixels": 1
    }
  ],
  "productivity_distribution": {
    "high": 137,
    "medium": 55
  },
  "regional_stats": {
    "Pacific Coast": {
      "mean_chlorophyll": 3.551018388483766,
      "mean_sst": 14.972518711985984,
      "pixel_count": 70,
      "bloom_pixels": 1
    },
    "Gulf of Mexico": {
      "mean_chlorophyll": 2.644608420389111,
      "mean_sst": 25.089069788459888,
      "pixel_count": 67,
      "bloom_pixels": 0
    },
    "Atlantic Coast": {
      "mean_chlorophyll": 1.2737878868994001,
      "mean_sst": 19.695022338468984,
      "pixel_count": 55,
      "bloom_pixels": 0
    }
  },
  "ocean_health_status": "NORMAL - Moderate productivity",
  "spatial_extent": {
    "lon_range": [
      -127.93547728501274,
      -70.25727838008169
    ],
    "lat_range": [
      25.061779759458336,
      47.40938856333525
    ]
  },
  "summary": "NORMAL: Chl-a 2.58 mg/m\u00b3, 1 bloom pixels detected",
  "analysis_date": "2026-05-17 15:51:09"
}