{
  "total_pixels": 264,
  "good_quality_pixels": 176,
  "mean_chlorophyll": 2.454471419751792,
  "median_chlorophyll": 1.9281397093988217,
  "std_chlorophyll": 2.0188911048998834,
  "min_chlorophyll": 0.2,
  "max_chlorophyll": 9.776794082063855,
  "mean_sst": 20.151066727167862,
  "sst_range": [
    12.21544936021254,
    27.94203194017301
  ],
  "bloom_count": 0,
  "bloom_percentage": 0.0,
  "bloom_locations": [],
  "productivity_distribution": {
    "high": 119,
    "medium": 57
  },
  "regional_stats": {
    "Pacific Coast": {
      "mean_chlorophyll": 3.331409535967378,
      "mean_sst": 15.069364332438411,
      "pixel_count": 57,
      "bloom_pixels": 0
    },
    "Gulf of Mexico": {
      "mean_chlorophyll": 2.772737813185724,
      "mean_sst": 24.998878545255156,
      "pixel_count": 62,
      "bloom_pixels": 0
    },
    "Atlantic Coast": {
      "mean_chlorophyll": 1.2313488054150867,
      "mean_sst": 19.95971065310061,
      "pixel_count": 57,
      "bloom_pixels": 0
    }
  },
  "ocean_health_status": "NORMAL - Moderate productivity",
  "spatial_extent": {
    "lon_range": [
      -127.90782577087467,
      -70.04844619784849
    ],
    "lat_range": [
      25.003024669463624,
      47.43914736483562
    ]
  },
  "summary": "NORMAL: Chl-a 2.45 mg/m\u00b3",
  "analysis_date": "2026-05-07 21:09:24"
}