{
  "total_pixels": 264,
  "good_quality_pixels": 176,
  "mean_chlorophyll": 2.7029999976545884,
  "median_chlorophyll": 1.8471939721815085,
  "std_chlorophyll": 2.4157398456378756,
  "min_chlorophyll": 0.2,
  "max_chlorophyll": 12.0,
  "mean_sst": 20.266906835089515,
  "sst_range": [
    12.19437558467757,
    27.965944231467134
  ],
  "bloom_count": 5,
  "bloom_percentage": 2.840909090909091,
  "bloom_locations": [
    {
      "region": "Gulf of Mexico",
      "bloom_pixels": 1
    },
    {
      "region": "Pacific Coast",
      "bloom_pixels": 4
    }
  ],
  "productivity_distribution": {
    "high": 119,
    "medium": 57
  },
  "regional_stats": {
    "Pacific Coast": {
      "mean_chlorophyll": 3.772066561155702,
      "mean_sst": 15.020981186511158,
      "pixel_count": 55,
      "bloom_pixels": 4
    },
    "Gulf of Mexico": {
      "mean_chlorophyll": 3.2390693963720723,
      "mean_sst": 25.280629059071142,
      "pixel_count": 64,
      "bloom_pixels": 1
    },
    "Atlantic Coast": {
      "mean_chlorophyll": 1.0695420588742353,
      "mean_sst": 19.69932241994891,
      "pixel_count": 57,
      "bloom_pixels": 0
    }
  },
  "ocean_health_status": "NORMAL - Moderate productivity",
  "spatial_extent": {
    "lon_range": [
      -127.85593755360605,
      -70.2667231821165
    ],
    "lat_range": [
      25.088348372128195,
      46.86780722184575
    ]
  },
  "summary": "NORMAL: Chl-a 2.70 mg/m\u00b3, 5 bloom pixels detected",
  "analysis_date": "2026-03-18 16:05:04"
}