{
  "total_pixels": 264,
  "good_quality_pixels": 173,
  "mean_chlorophyll": 2.3741727708251363,
  "median_chlorophyll": 1.8898758085952199,
  "std_chlorophyll": 1.8154941675621628,
  "min_chlorophyll": 0.2,
  "max_chlorophyll": 11.732369830270905,
  "mean_sst": 20.54153525918304,
  "sst_range": [
    12.342015317461184,
    27.98765644372842
  ],
  "bloom_count": 1,
  "bloom_percentage": 0.5780346820809248,
  "bloom_locations": [
    {
      "region": "Pacific Coast",
      "bloom_pixels": 1
    }
  ],
  "productivity_distribution": {
    "high": 121,
    "medium": 52
  },
  "regional_stats": {
    "Pacific Coast": {
      "mean_chlorophyll": 3.4081674205144483,
      "mean_sst": 15.082967365996208,
      "pixel_count": 53,
      "bloom_pixels": 1
    },
    "Gulf of Mexico": {
      "mean_chlorophyll": 2.4180083714207172,
      "mean_sst": 25.230598700613925,
      "pixel_count": 68,
      "bloom_pixels": 0
    },
    "Atlantic Coast": {
      "mean_chlorophyll": 1.262970130939885,
      "mean_sst": 19.973223419213845,
      "pixel_count": 52,
      "bloom_pixels": 0
    }
  },
  "ocean_health_status": "NORMAL - Moderate productivity",
  "spatial_extent": {
    "lon_range": [
      -127.94291568086207,
      -70.10501885121946
    ],
    "lat_range": [
      25.079780337386673,
      47.070036336880385
    ]
  },
  "summary": "NORMAL: Chl-a 2.37 mg/m\u00b3, 1 bloom pixels detected",
  "analysis_date": "2026-02-01 09:26:15"
}