{
  "total_pixels": 264,
  "good_quality_pixels": 182,
  "mean_chlorophyll": 2.6323221858001054,
  "median_chlorophyll": 2.185108622972222,
  "std_chlorophyll": 2.2602703867389353,
  "min_chlorophyll": 0.22003793663414978,
  "max_chlorophyll": 15.0,
  "mean_sst": 20.283064765757693,
  "sst_range": [
    12.016347060687904,
    27.959308944978353
  ],
  "bloom_count": 3,
  "bloom_percentage": 1.6483516483516485,
  "bloom_locations": [
    {
      "region": "Gulf of Mexico",
      "bloom_pixels": 1
    },
    {
      "region": "Pacific Coast",
      "bloom_pixels": 2
    }
  ],
  "productivity_distribution": {
    "high": 131,
    "medium": 51
  },
  "regional_stats": {
    "Pacific Coast": {
      "mean_chlorophyll": 3.609448538358193,
      "mean_sst": 14.757306562958716,
      "pixel_count": 62,
      "bloom_pixels": 2
    },
    "Gulf of Mexico": {
      "mean_chlorophyll": 2.724085125502683,
      "mean_sst": 24.99346548869827,
      "pixel_count": 69,
      "bloom_pixels": 1
    },
    "Atlantic Coast": {
      "mean_chlorophyll": 1.3202932309358053,
      "mean_sst": 20.627758073417244,
      "pixel_count": 51,
      "bloom_pixels": 0
    }
  },
  "ocean_health_status": "NORMAL - Moderate productivity",
  "spatial_extent": {
    "lon_range": [
      -127.98375869992356,
      -70.07853172236443
    ],
    "lat_range": [
      25.0155357914049,
      47.283934376430174
    ]
  },
  "summary": "NORMAL: Chl-a 2.63 mg/m\u00b3, 3 bloom pixels detected",
  "analysis_date": "2025-12-30 09:20:58"
}