{
  "total_pixels": 264,
  "good_quality_pixels": 191,
  "mean_chlorophyll": 2.6933524756580867,
  "median_chlorophyll": 2.1310217797855424,
  "std_chlorophyll": 2.392827808217926,
  "min_chlorophyll": 0.3,
  "max_chlorophyll": 15.0,
  "mean_sst": 20.583570881655742,
  "sst_range": [
    12.053111277086348,
    27.967260671862036
  ],
  "bloom_count": 5,
  "bloom_percentage": 2.6178010471204187,
  "bloom_locations": [
    {
      "region": "Gulf of Mexico",
      "bloom_pixels": 2
    },
    {
      "region": "Pacific Coast",
      "bloom_pixels": 3
    }
  ],
  "productivity_distribution": {
    "high": 130,
    "medium": 61
  },
  "regional_stats": {
    "Pacific Coast": {
      "mean_chlorophyll": 3.686386105250709,
      "mean_sst": 15.281202207795959,
      "pixel_count": 57,
      "bloom_pixels": 3
    },
    "Gulf of Mexico": {
      "mean_chlorophyll": 3.116291324210664,
      "mean_sst": 25.132096641167028,
      "pixel_count": 73,
      "bloom_pixels": 2
    },
    "Atlantic Coast": {
      "mean_chlorophyll": 1.259295871869274,
      "mean_sst": 20.094925536830885,
      "pixel_count": 61,
      "bloom_pixels": 0
    }
  },
  "ocean_health_status": "NORMAL - Moderate productivity",
  "spatial_extent": {
    "lon_range": [
      -127.92550174710311,
      -70.03137058912642
    ],
    "lat_range": [
      25.004572713212063,
      47.407086272217306
    ]
  },
  "summary": "NORMAL: Chl-a 2.69 mg/m\u00b3, 5 bloom pixels detected",
  "analysis_date": "2026-02-01 15:20:05"
}