{
  "total_pixels": 264,
  "good_quality_pixels": 174,
  "mean_chlorophyll": 2.7792982359642022,
  "median_chlorophyll": 2.017327626697816,
  "std_chlorophyll": 2.5441823988892507,
  "min_chlorophyll": 0.25467215202839977,
  "max_chlorophyll": 14.753396244612416,
  "mean_sst": 19.51277770516253,
  "sst_range": [
    12.12885535938966,
    27.953588598010178
  ],
  "bloom_count": 6,
  "bloom_percentage": 3.4482758620689653,
  "bloom_locations": [
    {
      "region": "Gulf of Mexico",
      "bloom_pixels": 2
    },
    {
      "region": "Pacific Coast",
      "bloom_pixels": 4
    }
  ],
  "productivity_distribution": {
    "high": 126,
    "medium": 48
  },
  "regional_stats": {
    "Pacific Coast": {
      "mean_chlorophyll": 3.785142893519973,
      "mean_sst": 15.04429694818116,
      "pixel_count": 70,
      "bloom_pixels": 4
    },
    "Gulf of Mexico": {
      "mean_chlorophyll": 2.765679399512127,
      "mean_sst": 24.708667052052203,
      "pixel_count": 56,
      "bloom_pixels": 2
    },
    "Atlantic Coast": {
      "mean_chlorophyll": 1.3283300862227914,
      "mean_sst": 19.967441237722408,
      "pixel_count": 48,
      "bloom_pixels": 0
    }
  },
  "ocean_health_status": "NORMAL - Moderate productivity",
  "spatial_extent": {
    "lon_range": [
      -127.91266707853285,
      -70.01303465888563
    ],
    "lat_range": [
      25.01471539997529,
      47.49318310047975
    ]
  },
  "summary": "NORMAL: Chl-a 2.78 mg/m\u00b3, 6 bloom pixels detected",
  "analysis_date": "2025-12-26 21:14:13"
}