{
  "total_pixels": 264,
  "good_quality_pixels": 181,
  "mean_chlorophyll": 2.427172077098871,
  "median_chlorophyll": 1.670120649197085,
  "std_chlorophyll": 2.444861451061196,
  "min_chlorophyll": 0.2,
  "max_chlorophyll": 15.0,
  "mean_sst": 20.496467770305806,
  "sst_range": [
    12.053694281835645,
    27.97556647846183
  ],
  "bloom_count": 5,
  "bloom_percentage": 2.7624309392265194,
  "bloom_locations": [
    {
      "region": "Gulf of Mexico",
      "bloom_pixels": 3
    },
    {
      "region": "Pacific Coast",
      "bloom_pixels": 2
    }
  ],
  "productivity_distribution": {
    "high": 123,
    "medium": 58
  },
  "regional_stats": {
    "Pacific Coast": {
      "mean_chlorophyll": 3.211123492179652,
      "mean_sst": 15.43159078803877,
      "pixel_count": 55,
      "bloom_pixels": 2
    },
    "Gulf of Mexico": {
      "mean_chlorophyll": 2.6730384196887846,
      "mean_sst": 24.523459386506342,
      "pixel_count": 68,
      "bloom_pixels": 3
    },
    "Atlantic Coast": {
      "mean_chlorophyll": 1.395512781830645,
      "mean_sst": 20.578067841392876,
      "pixel_count": 58,
      "bloom_pixels": 0
    }
  },
  "ocean_health_status": "NORMAL - Moderate productivity",
  "spatial_extent": {
    "lon_range": [
      -127.80041020493951,
      -70.02403565036131
    ],
    "lat_range": [
      25.147781071262884,
      47.48274317815973
    ]
  },
  "summary": "NORMAL: Chl-a 2.43 mg/m\u00b3, 5 bloom pixels detected",
  "analysis_date": "2026-02-11 21:29:36"
}