{
  "total_pixels": 264,
  "good_quality_pixels": 185,
  "mean_chlorophyll": 2.4203409788713652,
  "median_chlorophyll": 1.7571134110595772,
  "std_chlorophyll": 1.995677812351036,
  "min_chlorophyll": 0.2,
  "max_chlorophyll": 12.0,
  "mean_sst": 20.021736860397603,
  "sst_range": [
    12.110569273703044,
    27.815434679840337
  ],
  "bloom_count": 1,
  "bloom_percentage": 0.5405405405405406,
  "bloom_locations": [
    {
      "region": "Pacific Coast",
      "bloom_pixels": 1
    }
  ],
  "productivity_distribution": {
    "high": 131,
    "medium": 54
  },
  "regional_stats": {
    "Pacific Coast": {
      "mean_chlorophyll": 3.775490887696415,
      "mean_sst": 14.695887146431259,
      "pixel_count": 62,
      "bloom_pixels": 1
    },
    "Gulf of Mexico": {
      "mean_chlorophyll": 2.2804386558758325,
      "mean_sst": 24.71527638612084,
      "pixel_count": 69,
      "bloom_pixels": 0
    },
    "Atlantic Coast": {
      "mean_chlorophyll": 1.0431921999739346,
      "mean_sst": 20.139300841712604,
      "pixel_count": 54,
      "bloom_pixels": 0
    }
  },
  "ocean_health_status": "NORMAL - Moderate productivity",
  "spatial_extent": {
    "lon_range": [
      -127.87821118224817,
      -70.1328205980257
    ],
    "lat_range": [
      25.05670545156989,
      47.39828062095906
    ]
  },
  "summary": "NORMAL: Chl-a 2.42 mg/m\u00b3, 1 bloom pixels detected",
  "analysis_date": "2025-12-29 21:15:08"
}