{
  "total_pixels": 264,
  "good_quality_pixels": 181,
  "mean_chlorophyll": 2.6064900925522685,
  "median_chlorophyll": 2.071563544742186,
  "std_chlorophyll": 2.0035366331253224,
  "min_chlorophyll": 0.2,
  "max_chlorophyll": 12.123768838939126,
  "mean_sst": 20.085705602919443,
  "sst_range": [
    12.206581421047375,
    27.950309512089916
  ],
  "bloom_count": 2,
  "bloom_percentage": 1.1049723756906076,
  "bloom_locations": [
    {
      "region": "Gulf of Mexico",
      "bloom_pixels": 1
    },
    {
      "region": "Pacific Coast",
      "bloom_pixels": 1
    }
  ],
  "productivity_distribution": {
    "high": 129,
    "medium": 52
  },
  "regional_stats": {
    "Pacific Coast": {
      "mean_chlorophyll": 3.4722214417600172,
      "mean_sst": 15.37865252969316,
      "pixel_count": 63,
      "bloom_pixels": 1
    },
    "Gulf of Mexico": {
      "mean_chlorophyll": 2.6111147996997937,
      "mean_sst": 25.104709205295492,
      "pixel_count": 66,
      "bloom_pixels": 1
    },
    "Atlantic Coast": {
      "mean_chlorophyll": 1.551753445017177,
      "mean_sst": 19.41820763862015,
      "pixel_count": 52,
      "bloom_pixels": 0
    }
  },
  "ocean_health_status": "NORMAL - Moderate productivity",
  "spatial_extent": {
    "lon_range": [
      -127.99818112414765,
      -70.08212542759937
    ],
    "lat_range": [
      25.15717851713017,
      47.2933659560787
    ]
  },
  "summary": "NORMAL: Chl-a 2.61 mg/m\u00b3, 2 bloom pixels detected",
  "analysis_date": "2026-07-11 08:04:04"
}