{
  "total_pixels": 264,
  "good_quality_pixels": 193,
  "mean_chlorophyll": 2.3664796730021886,
  "median_chlorophyll": 1.8295754994233506,
  "std_chlorophyll": 2.0083273783773326,
  "min_chlorophyll": 0.25676327176964114,
  "max_chlorophyll": 15.0,
  "mean_sst": 19.61340320884111,
  "sst_range": [
    12.025411250037397,
    27.91015890832029
  ],
  "bloom_count": 3,
  "bloom_percentage": 1.5544041450777202,
  "bloom_locations": [
    {
      "region": "Gulf of Mexico",
      "bloom_pixels": 2
    },
    {
      "region": "Pacific Coast",
      "bloom_pixels": 1
    }
  ],
  "productivity_distribution": {
    "high": 130,
    "medium": 63
  },
  "regional_stats": {
    "Pacific Coast": {
      "mean_chlorophyll": 2.9524205237469596,
      "mean_sst": 14.711445093942814,
      "pixel_count": 69,
      "bloom_pixels": 1
    },
    "Gulf of Mexico": {
      "mean_chlorophyll": 2.9403824046568627,
      "mean_sst": 25.00090498028231,
      "pixel_count": 61,
      "bloom_pixels": 2
    },
    "Atlantic Coast": {
      "mean_chlorophyll": 1.1690513343938653,
      "mean_sst": 19.76574450836602,
      "pixel_count": 63,
      "bloom_pixels": 0
    }
  },
  "ocean_health_status": "NORMAL - Moderate productivity",
  "spatial_extent": {
    "lon_range": [
      -127.9202875444989,
      -70.1341497722112
    ],
    "lat_range": [
      25.003316659364803,
      47.48447558966322
    ]
  },
  "summary": "NORMAL: Chl-a 2.37 mg/m\u00b3, 3 bloom pixels detected",
  "analysis_date": "2026-05-15 23:45:27"
}