{
  "total_pixels": 264,
  "good_quality_pixels": 194,
  "mean_chlorophyll": 2.571863646018139,
  "median_chlorophyll": 1.8249703331967109,
  "std_chlorophyll": 2.290435230622096,
  "min_chlorophyll": 0.23788002311964018,
  "max_chlorophyll": 15.0,
  "mean_sst": 20.412442714999894,
  "sst_range": [
    12.06123217742152,
    27.88774314133211
  ],
  "bloom_count": 4,
  "bloom_percentage": 2.0618556701030926,
  "bloom_locations": [
    {
      "region": "Gulf of Mexico",
      "bloom_pixels": 2
    },
    {
      "region": "Pacific Coast",
      "bloom_pixels": 2
    }
  ],
  "productivity_distribution": {
    "high": 137,
    "medium": 57
  },
  "regional_stats": {
    "Pacific Coast": {
      "mean_chlorophyll": 3.7353122679800794,
      "mean_sst": 14.755854117732783,
      "pixel_count": 62,
      "bloom_pixels": 2
    },
    "Gulf of Mexico": {
      "mean_chlorophyll": 2.476766898302449,
      "mean_sst": 24.892878832612862,
      "pixel_count": 75,
      "bloom_pixels": 2
    },
    "Atlantic Coast": {
      "mean_chlorophyll": 1.4314854270187796,
      "mean_sst": 20.66991261341373,
      "pixel_count": 57,
      "bloom_pixels": 0
    }
  },
  "ocean_health_status": "NORMAL - Moderate productivity",
  "spatial_extent": {
    "lon_range": [
      -127.90784513080698,
      -70.03783961155759
    ],
    "lat_range": [
      25.10431843790137,
      47.17353035446747
    ]
  },
  "summary": "NORMAL: Chl-a 2.57 mg/m\u00b3, 4 bloom pixels detected",
  "analysis_date": "2026-07-08 20:16:24"
}