{
  "total_pixels": 264,
  "good_quality_pixels": 183,
  "mean_chlorophyll": 2.624465111094998,
  "median_chlorophyll": 1.853226410107614,
  "std_chlorophyll": 2.474868125178463,
  "min_chlorophyll": 0.21903773236204016,
  "max_chlorophyll": 15.0,
  "mean_sst": 20.22792236617485,
  "sst_range": [
    12.027411151719882,
    27.878355146436405
  ],
  "bloom_count": 7,
  "bloom_percentage": 3.825136612021858,
  "bloom_locations": [
    {
      "region": "Gulf of Mexico",
      "bloom_pixels": 2
    },
    {
      "region": "Pacific Coast",
      "bloom_pixels": 5
    }
  ],
  "productivity_distribution": {
    "high": 132,
    "medium": 51
  },
  "regional_stats": {
    "Pacific Coast": {
      "mean_chlorophyll": 3.489257936766678,
      "mean_sst": 15.081899104943583,
      "pixel_count": 63,
      "bloom_pixels": 5
    },
    "Gulf of Mexico": {
      "mean_chlorophyll": 2.7720528406201224,
      "mean_sst": 25.070035998014973,
      "pixel_count": 69,
      "bloom_pixels": 2
    },
    "Atlantic Coast": {
      "mean_chlorophyll": 1.3565141041430462,
      "mean_sst": 20.033679716382736,
      "pixel_count": 51,
      "bloom_pixels": 0
    }
  },
  "ocean_health_status": "NORMAL - Moderate productivity",
  "spatial_extent": {
    "lon_range": [
      -127.96966369370357,
      -70.71622230104204
    ],
    "lat_range": [
      25.030989015312887,
      47.486844617005275
    ]
  },
  "summary": "NORMAL: Chl-a 2.62 mg/m\u00b3, 7 bloom pixels detected",
  "analysis_date": "2026-06-04 21:46:33"
}