{
  "total_pixels": 264,
  "good_quality_pixels": 182,
  "mean_chlorophyll": 2.466522214096329,
  "median_chlorophyll": 1.7644436820864806,
  "std_chlorophyll": 2.090372486520987,
  "min_chlorophyll": 0.26010397063378343,
  "max_chlorophyll": 10.997035977426872,
  "mean_sst": 20.333669591751352,
  "sst_range": [
    12.042824385540964,
    27.88941232685929
  ],
  "bloom_count": 2,
  "bloom_percentage": 1.098901098901099,
  "bloom_locations": [
    {
      "region": "Gulf of Mexico",
      "bloom_pixels": 2
    }
  ],
  "productivity_distribution": {
    "high": 127,
    "medium": 55
  },
  "regional_stats": {
    "Pacific Coast": {
      "mean_chlorophyll": 3.460214461544743,
      "mean_sst": 14.835658869147677,
      "pixel_count": 57,
      "bloom_pixels": 0
    },
    "Gulf of Mexico": {
      "mean_chlorophyll": 2.462873644343497,
      "mean_sst": 25.19464902474948,
      "pixel_count": 70,
      "bloom_pixels": 2
    },
    "Atlantic Coast": {
      "mean_chlorophyll": 1.4413393373352144,
      "mean_sst": 19.844906880452093,
      "pixel_count": 55,
      "bloom_pixels": 0
    }
  },
  "ocean_health_status": "NORMAL - Moderate productivity",
  "spatial_extent": {
    "lon_range": [
      -127.92478514278673,
      -70.09993496483058
    ],
    "lat_range": [
      25.015109669136717,
      47.4966510557196
    ]
  },
  "summary": "NORMAL: Chl-a 2.47 mg/m\u00b3, 2 bloom pixels detected",
  "analysis_date": "2026-05-19 19:05:43"
}