{
  "total_pixels": 264,
  "good_quality_pixels": 188,
  "mean_chlorophyll": 2.448258995481678,
  "median_chlorophyll": 1.8257761116832882,
  "std_chlorophyll": 1.8459044475113888,
  "min_chlorophyll": 0.2,
  "max_chlorophyll": 8.346398538028971,
  "mean_sst": 19.979033656803015,
  "sst_range": [
    12.023660891185898,
    27.998743308439614
  ],
  "bloom_count": 0,
  "bloom_percentage": 0.0,
  "bloom_locations": [],
  "productivity_distribution": {
    "high": 141,
    "medium": 47
  },
  "regional_stats": {
    "Pacific Coast": {
      "mean_chlorophyll": 3.2266690139029186,
      "mean_sst": 14.919715930187417,
      "pixel_count": 67,
      "bloom_pixels": 0
    },
    "Gulf of Mexico": {
      "mean_chlorophyll": 2.525134260121896,
      "mean_sst": 24.792667356676027,
      "pixel_count": 74,
      "bloom_pixels": 0
    },
    "Atlantic Coast": {
      "mean_chlorophyll": 1.21757302063914,
      "mean_sst": 19.61233990983796,
      "pixel_count": 47,
      "bloom_pixels": 0
    }
  },
  "ocean_health_status": "NORMAL - Moderate productivity",
  "spatial_extent": {
    "lon_range": [
      -127.87365131631111,
      -70.12879644053498
    ],
    "lat_range": [
      25.020063089360654,
      47.448882470234196
    ]
  },
  "summary": "NORMAL: Chl-a 2.45 mg/m\u00b3",
  "analysis_date": "2026-04-05 07:50:33"
}