{
  "total_pixels": 264,
  "good_quality_pixels": 201,
  "mean_chlorophyll": 2.4535261800392414,
  "median_chlorophyll": 1.6819869732596504,
  "std_chlorophyll": 2.1985167939436976,
  "min_chlorophyll": 0.20635917440916562,
  "max_chlorophyll": 12.463107733294647,
  "mean_sst": 20.18395703479707,
  "sst_range": [
    12.141546585733424,
    27.582521441633432
  ],
  "bloom_count": 3,
  "bloom_percentage": 1.4925373134328357,
  "bloom_locations": [
    {
      "region": "Gulf of Mexico",
      "bloom_pixels": 2
    },
    {
      "region": "Pacific Coast",
      "bloom_pixels": 1
    }
  ],
  "productivity_distribution": {
    "high": 139,
    "medium": 62
  },
  "regional_stats": {
    "Pacific Coast": {
      "mean_chlorophyll": 3.735681952587405,
      "mean_sst": 14.787660143861181,
      "pixel_count": 64,
      "bloom_pixels": 1
    },
    "Gulf of Mexico": {
      "mean_chlorophyll": 2.3806662774990253,
      "mean_sst": 24.905350600244223,
      "pixel_count": 75,
      "bloom_pixels": 2
    },
    "Atlantic Coast": {
      "mean_chlorophyll": 1.2181475227397862,
      "mean_sst": 20.042964834980314,
      "pixel_count": 62,
      "bloom_pixels": 0
    }
  },
  "ocean_health_status": "NORMAL - Moderate productivity",
  "spatial_extent": {
    "lon_range": [
      -127.81663129847247,
      -70.07565342724253
    ],
    "lat_range": [
      25.13100262861594,
      47.485699262131924
    ]
  },
  "summary": "NORMAL: Chl-a 2.45 mg/m\u00b3, 3 bloom pixels detected",
  "analysis_date": "2026-07-12 20:02:35"
}