{
  "total_pixels": 264,
  "good_quality_pixels": 182,
  "mean_chlorophyll": 2.4159117478539085,
  "median_chlorophyll": 1.9263418719823178,
  "std_chlorophyll": 1.9050859614524693,
  "min_chlorophyll": 0.20477399609999525,
  "max_chlorophyll": 8.566680596735562,
  "mean_sst": 20.24606025371151,
  "sst_range": [
    12.00538990503204,
    27.810795436643403
  ],
  "bloom_count": 0,
  "bloom_percentage": 0.0,
  "bloom_locations": [],
  "productivity_distribution": {
    "high": 125,
    "medium": 57
  },
  "regional_stats": {
    "Pacific Coast": {
      "mean_chlorophyll": 3.516301655688723,
      "mean_sst": 15.208098573712112,
      "pixel_count": 59,
      "bloom_pixels": 0
    },
    "Gulf of Mexico": {
      "mean_chlorophyll": 2.615576614996845,
      "mean_sst": 24.993381502059876,
      "pixel_count": 66,
      "bloom_pixels": 0
    },
    "Atlantic Coast": {
      "mean_chlorophyll": 1.0457207690172807,
      "mean_sst": 19.963894231412787,
      "pixel_count": 57,
      "bloom_pixels": 0
    }
  },
  "ocean_health_status": "NORMAL - Moderate productivity",
  "spatial_extent": {
    "lon_range": [
      -127.93640962265282,
      -70.05353803059238
    ],
    "lat_range": [
      25.00645023169884,
      47.48011510911763
    ]
  },
  "summary": "NORMAL: Chl-a 2.42 mg/m\u00b3",
  "analysis_date": "2025-12-19 21:15:22"
}