{
  "total_pixels": 264,
  "good_quality_pixels": 186,
  "mean_chlorophyll": 2.754479063953193,
  "median_chlorophyll": 1.9908823565408473,
  "std_chlorophyll": 2.47807646228839,
  "min_chlorophyll": 0.2644864716396247,
  "max_chlorophyll": 15.0,
  "mean_sst": 20.387988451639792,
  "sst_range": [
    12.075753134251048,
    27.920160733082575
  ],
  "bloom_count": 4,
  "bloom_percentage": 2.1505376344086025,
  "bloom_locations": [
    {
      "region": "Gulf of Mexico",
      "bloom_pixels": 2
    },
    {
      "region": "Pacific Coast",
      "bloom_pixels": 2
    }
  ],
  "productivity_distribution": {
    "high": 132,
    "medium": 54
  },
  "regional_stats": {
    "Pacific Coast": {
      "mean_chlorophyll": 3.899340329999543,
      "mean_sst": 15.295656695035346,
      "pixel_count": 62,
      "bloom_pixels": 2
    },
    "Gulf of Mexico": {
      "mean_chlorophyll": 2.77582260299774,
      "mean_sst": 25.042276402498214,
      "pixel_count": 70,
      "bloom_pixels": 2
    },
    "Atlantic Coast": {
      "mean_chlorophyll": 1.4123411708422309,
      "mean_sst": 20.201403495146945,
      "pixel_count": 54,
      "bloom_pixels": 0
    }
  },
  "ocean_health_status": "NORMAL - Moderate productivity",
  "spatial_extent": {
    "lon_range": [
      -127.90938146584294,
      -70.01580847832608
    ],
    "lat_range": [
      25.103644231154508,
      47.46375517453218
    ]
  },
  "summary": "NORMAL: Chl-a 2.75 mg/m\u00b3, 4 bloom pixels detected",
  "analysis_date": "2026-04-17 23:31:41"
}