{
  "total_pixels": 264,
  "good_quality_pixels": 180,
  "mean_chlorophyll": 2.78835973271191,
  "median_chlorophyll": 2.036331020892179,
  "std_chlorophyll": 2.3057174697679685,
  "min_chlorophyll": 0.2,
  "max_chlorophyll": 12.0,
  "mean_sst": 20.174167752220672,
  "sst_range": [
    12.014868415141859,
    27.899657715387782
  ],
  "bloom_count": 3,
  "bloom_percentage": 1.6666666666666667,
  "bloom_locations": [
    {
      "region": "Pacific Coast",
      "bloom_pixels": 3
    }
  ],
  "productivity_distribution": {
    "high": 126,
    "medium": 54
  },
  "regional_stats": {
    "Pacific Coast": {
      "mean_chlorophyll": 4.188160162014624,
      "mean_sst": 14.904252698368508,
      "pixel_count": 59,
      "bloom_pixels": 3
    },
    "Gulf of Mexico": {
      "mean_chlorophyll": 2.4405344340905466,
      "mean_sst": 25.00164020932039,
      "pixel_count": 67,
      "bloom_pixels": 0
    },
    "Atlantic Coast": {
      "mean_chlorophyll": 1.690509171207675,
      "mean_sst": 19.94239615132432,
      "pixel_count": 54,
      "bloom_pixels": 0
    }
  },
  "ocean_health_status": "NORMAL - Moderate productivity",
  "spatial_extent": {
    "lon_range": [
      -127.90394999912883,
      -70.16518473770606
    ],
    "lat_range": [
      25.12680017573711,
      47.486226774060746
    ]
  },
  "summary": "NORMAL: Chl-a 2.79 mg/m\u00b3, 3 bloom pixels detected",
  "analysis_date": "2026-03-26 05:02:11"
}