{
  "total_pixels": 264,
  "good_quality_pixels": 182,
  "mean_chlorophyll": 2.3938061147146383,
  "median_chlorophyll": 1.9331418833851928,
  "std_chlorophyll": 1.9889557620000327,
  "min_chlorophyll": 0.2,
  "max_chlorophyll": 15.0,
  "mean_sst": 20.00494983343228,
  "sst_range": [
    12.117899164073666,
    27.98557174567939
  ],
  "bloom_count": 2,
  "bloom_percentage": 1.098901098901099,
  "bloom_locations": [
    {
      "region": "Gulf of Mexico",
      "bloom_pixels": 2
    }
  ],
  "productivity_distribution": {
    "high": 126,
    "medium": 56
  },
  "regional_stats": {
    "Pacific Coast": {
      "mean_chlorophyll": 3.0531434090521063,
      "mean_sst": 14.677799447222801,
      "pixel_count": 62,
      "bloom_pixels": 0
    },
    "Gulf of Mexico": {
      "mean_chlorophyll": 2.735917970209093,
      "mean_sst": 24.833113790370934,
      "pixel_count": 64,
      "bloom_pixels": 2
    },
    "Atlantic Coast": {
      "mean_chlorophyll": 1.272840561133065,
      "mean_sst": 20.384964667377176,
      "pixel_count": 56,
      "bloom_pixels": 0
    }
  },
  "ocean_health_status": "NORMAL - Moderate productivity",
  "spatial_extent": {
    "lon_range": [
      -127.68225326973803,
      -70.16091225406869
    ],
    "lat_range": [
      25.09700435429329,
      47.43499979867276
    ]
  },
  "summary": "NORMAL: Chl-a 2.39 mg/m\u00b3, 2 bloom pixels detected",
  "analysis_date": "2026-04-30 08:30:19"
}