{
  "total_pixels": 264,
  "good_quality_pixels": 167,
  "mean_chlorophyll": 2.684019111189893,
  "median_chlorophyll": 1.7616374657482508,
  "std_chlorophyll": 2.583484609756596,
  "min_chlorophyll": 0.2,
  "max_chlorophyll": 12.0,
  "mean_sst": 19.848179259661496,
  "sst_range": [
    12.01189008579615,
    27.99229429942385
  ],
  "bloom_count": 7,
  "bloom_percentage": 4.191616766467066,
  "bloom_locations": [
    {
      "region": "Gulf of Mexico",
      "bloom_pixels": 1
    },
    {
      "region": "Pacific Coast",
      "bloom_pixels": 6
    }
  ],
  "productivity_distribution": {
    "high": 121,
    "medium": 46
  },
  "regional_stats": {
    "Pacific Coast": {
      "mean_chlorophyll": 4.262407714170499,
      "mean_sst": 15.101427665546849,
      "pixel_count": 62,
      "bloom_pixels": 6
    },
    "Gulf of Mexico": {
      "mean_chlorophyll": 2.2227223044759206,
      "mean_sst": 24.709854416795544,
      "pixel_count": 59,
      "bloom_pixels": 1
    },
    "Atlantic Coast": {
      "mean_chlorophyll": 1.148289072305693,
      "mean_sst": 20.010348054535392,
      "pixel_count": 46,
      "bloom_pixels": 0
    }
  },
  "ocean_health_status": "NORMAL - Moderate productivity",
  "spatial_extent": {
    "lon_range": [
      -127.96863282434856,
      -70.04771567298705
    ],
    "lat_range": [
      25.207816887431562,
      47.37137405544377
    ]
  },
  "summary": "NORMAL: Chl-a 2.68 mg/m\u00b3, 7 bloom pixels detected",
  "analysis_date": "2026-01-24 15:16:00"
}