{
  "total_pixels": 264,
  "good_quality_pixels": 187,
  "mean_chlorophyll": 2.402926993505374,
  "median_chlorophyll": 1.894426135584913,
  "std_chlorophyll": 1.861177925486787,
  "min_chlorophyll": 0.2,
  "max_chlorophyll": 10.832362801393788,
  "mean_sst": 20.143842551600002,
  "sst_range": [
    12.104490333246419,
    27.991086068590324
  ],
  "bloom_count": 1,
  "bloom_percentage": 0.53475935828877,
  "bloom_locations": [
    {
      "region": "Pacific Coast",
      "bloom_pixels": 1
    }
  ],
  "productivity_distribution": {
    "high": 131,
    "medium": 56
  },
  "regional_stats": {
    "Pacific Coast": {
      "mean_chlorophyll": 3.287105677241567,
      "mean_sst": 14.898345691281309,
      "pixel_count": 65,
      "bloom_pixels": 1
    },
    "Gulf of Mexico": {
      "mean_chlorophyll": 2.442451560068531,
      "mean_sst": 25.26225757204838,
      "pixel_count": 66,
      "bloom_pixels": 0
    },
    "Atlantic Coast": {
      "mean_chlorophyll": 1.3300656392907146,
      "mean_sst": 20.19994799037005,
      "pixel_count": 56,
      "bloom_pixels": 0
    }
  },
  "ocean_health_status": "NORMAL - Moderate productivity",
  "spatial_extent": {
    "lon_range": [
      -127.96850597563468,
      -70.00143784217663
    ],
    "lat_range": [
      25.013252392406116,
      47.39601579467732
    ]
  },
  "summary": "NORMAL: Chl-a 2.40 mg/m\u00b3, 1 bloom pixels detected",
  "analysis_date": "2025-11-08 15:13:33"
}