{
  "total_pixels": 264,
  "good_quality_pixels": 191,
  "mean_chlorophyll": 2.570991850617319,
  "median_chlorophyll": 1.9845344586672915,
  "std_chlorophyll": 2.2071636401803505,
  "min_chlorophyll": 0.2,
  "max_chlorophyll": 15.0,
  "mean_sst": 20.36343023180695,
  "sst_range": [
    12.161301526968057,
    27.90043792550815
  ],
  "bloom_count": 2,
  "bloom_percentage": 1.0471204188481675,
  "bloom_locations": [
    {
      "region": "Gulf of Mexico",
      "bloom_pixels": 2
    }
  ],
  "productivity_distribution": {
    "high": 137,
    "medium": 54
  },
  "regional_stats": {
    "Pacific Coast": {
      "mean_chlorophyll": 3.190895847173024,
      "mean_sst": 15.080823858101027,
      "pixel_count": 66,
      "bloom_pixels": 0
    },
    "Gulf of Mexico": {
      "mean_chlorophyll": 2.9821754706995334,
      "mean_sst": 25.038044660468362,
      "pixel_count": 71,
      "bloom_pixels": 2
    },
    "Atlantic Coast": {
      "mean_chlorophyll": 1.2727010950892876,
      "mean_sst": 20.673696828651966,
      "pixel_count": 54,
      "bloom_pixels": 0
    }
  },
  "ocean_health_status": "NORMAL - Moderate productivity",
  "spatial_extent": {
    "lon_range": [
      -127.9871363101435,
      -70.09732253869997
    ],
    "lat_range": [
      25.078127650996038,
      47.39414205148282
    ]
  },
  "summary": "NORMAL: Chl-a 2.57 mg/m\u00b3, 2 bloom pixels detected",
  "analysis_date": "2026-07-16 08:22:41"
}