{
  "total_pixels": 264,
  "good_quality_pixels": 167,
  "mean_chlorophyll": 2.4098549195986756,
  "median_chlorophyll": 1.7553462179953272,
  "std_chlorophyll": 2.012940203131073,
  "min_chlorophyll": 0.2,
  "max_chlorophyll": 12.616489345103899,
  "mean_sst": 20.148335885741034,
  "sst_range": [
    12.244045293755278,
    27.971137790678853
  ],
  "bloom_count": 2,
  "bloom_percentage": 1.1976047904191618,
  "bloom_locations": [
    {
      "region": "Gulf of Mexico",
      "bloom_pixels": 2
    }
  ],
  "productivity_distribution": {
    "high": 116,
    "medium": 51
  },
  "regional_stats": {
    "Pacific Coast": {
      "mean_chlorophyll": 3.169850289019833,
      "mean_sst": 15.282348477486902,
      "pixel_count": 57,
      "bloom_pixels": 0
    },
    "Gulf of Mexico": {
      "mean_chlorophyll": 2.6349636186727,
      "mean_sst": 24.90683857335264,
      "pixel_count": 59,
      "bloom_pixels": 2
    },
    "Atlantic Coast": {
      "mean_chlorophyll": 1.3000284626893917,
      "mean_sst": 20.081857919101843,
      "pixel_count": 51,
      "bloom_pixels": 0
    }
  },
  "ocean_health_status": "NORMAL - Moderate productivity",
  "spatial_extent": {
    "lon_range": [
      -127.88918738909629,
      -70.32482413884001
    ],
    "lat_range": [
      25.041174558315912,
      47.295906228160945
    ]
  },
  "summary": "NORMAL: Chl-a 2.41 mg/m\u00b3, 2 bloom pixels detected",
  "analysis_date": "2026-05-17 23:50:09"
}