{
  "total_pixels": 264,
  "good_quality_pixels": 178,
  "mean_chlorophyll": 2.5866747032136,
  "median_chlorophyll": 2.106963391893698,
  "std_chlorophyll": 2.1624368281331567,
  "min_chlorophyll": 0.2696161159168119,
  "max_chlorophyll": 15.0,
  "mean_sst": 19.996860808168876,
  "sst_range": [
    12.13254045253114,
    27.909824444383002
  ],
  "bloom_count": 3,
  "bloom_percentage": 1.6853932584269662,
  "bloom_locations": [
    {
      "region": "Gulf of Mexico",
      "bloom_pixels": 1
    },
    {
      "region": "Pacific Coast",
      "bloom_pixels": 2
    }
  ],
  "productivity_distribution": {
    "high": 121,
    "medium": 57
  },
  "regional_stats": {
    "Pacific Coast": {
      "mean_chlorophyll": 3.663860956221673,
      "mean_sst": 15.24173486167045,
      "pixel_count": 63,
      "bloom_pixels": 2
    },
    "Gulf of Mexico": {
      "mean_chlorophyll": 2.7459509241212845,
      "mean_sst": 24.961130412287478,
      "pixel_count": 58,
      "bloom_pixels": 1
    },
    "Atlantic Coast": {
      "mean_chlorophyll": 1.2340298830003649,
      "mean_sst": 20.201164274669257,
      "pixel_count": 57,
      "bloom_pixels": 0
    }
  },
  "ocean_health_status": "NORMAL - Moderate productivity",
  "spatial_extent": {
    "lon_range": [
      -127.95960645776493,
      -70.15491558759612
    ],
    "lat_range": [
      25.003999782043323,
      47.32237647645992
    ]
  },
  "summary": "NORMAL: Chl-a 2.59 mg/m\u00b3, 3 bloom pixels detected",
  "analysis_date": "2025-10-22 15:14:48"
}