{
  "total_pixels": 264,
  "good_quality_pixels": 189,
  "mean_chlorophyll": 2.6011412132748846,
  "median_chlorophyll": 1.6850949652545515,
  "std_chlorophyll": 2.452152185754347,
  "min_chlorophyll": 0.26074788452315334,
  "max_chlorophyll": 15.0,
  "mean_sst": 20.254774807644782,
  "sst_range": [
    12.142940721329426,
    27.951078469146182
  ],
  "bloom_count": 5,
  "bloom_percentage": 2.6455026455026456,
  "bloom_locations": [
    {
      "region": "Gulf of Mexico",
      "bloom_pixels": 2
    },
    {
      "region": "Pacific Coast",
      "bloom_pixels": 3
    }
  ],
  "productivity_distribution": {
    "high": 132,
    "medium": 57
  },
  "regional_stats": {
    "Pacific Coast": {
      "mean_chlorophyll": 3.955305651655394,
      "mean_sst": 15.169833221448602,
      "pixel_count": 62,
      "bloom_pixels": 3
    },
    "Gulf of Mexico": {
      "mean_chlorophyll": 2.4682494196072327,
      "mean_sst": 25.043784238949605,
      "pixel_count": 70,
      "bloom_pixels": 2
    },
    "Atlantic Coast": {
      "mean_chlorophyll": 1.2913908690142555,
      "mean_sst": 19.904524248922424,
      "pixel_count": 57,
      "bloom_pixels": 0
    }
  },
  "ocean_health_status": "NORMAL - Moderate productivity",
  "spatial_extent": {
    "lon_range": [
      -127.97206535726087,
      -70.07725109672839
    ],
    "lat_range": [
      25.00499231510129,
      47.387705811031424
    ]
  },
  "summary": "NORMAL: Chl-a 2.60 mg/m\u00b3, 5 bloom pixels detected",
  "analysis_date": "2025-12-17 15:18:33"
}