{
  "total_pixels": 264,
  "good_quality_pixels": 172,
  "mean_chlorophyll": 2.8326730380539846,
  "median_chlorophyll": 2.119637443987739,
  "std_chlorophyll": 2.2543800713782183,
  "min_chlorophyll": 0.26710111366280026,
  "max_chlorophyll": 10.735447685788753,
  "mean_sst": 20.037078748960088,
  "sst_range": [
    12.14811061853901,
    27.944795328532436
  ],
  "bloom_count": 2,
  "bloom_percentage": 1.1627906976744187,
  "bloom_locations": [
    {
      "region": "Gulf of Mexico",
      "bloom_pixels": 1
    },
    {
      "region": "Pacific Coast",
      "bloom_pixels": 1
    }
  ],
  "productivity_distribution": {
    "high": 119,
    "medium": 53
  },
  "regional_stats": {
    "Pacific Coast": {
      "mean_chlorophyll": 3.8864093509169084,
      "mean_sst": 15.077690137246488,
      "pixel_count": 60,
      "bloom_pixels": 1
    },
    "Gulf of Mexico": {
      "mean_chlorophyll": 2.9286919995558534,
      "mean_sst": 25.13683982760508,
      "pixel_count": 59,
      "bloom_pixels": 1
    },
    "Atlantic Coast": {
      "mean_chlorophyll": 1.5328749720089718,
      "mean_sst": 19.974388429389556,
      "pixel_count": 53,
      "bloom_pixels": 0
    }
  },
  "ocean_health_status": "NORMAL - Moderate productivity",
  "spatial_extent": {
    "lon_range": [
      -127.95375352372896,
      -70.08746336998793
    ],
    "lat_range": [
      25.002300863107685,
      47.390347335914534
    ]
  },
  "summary": "NORMAL: Chl-a 2.83 mg/m\u00b3, 2 bloom pixels detected",
  "analysis_date": "2026-05-09 11:02:13"
}