{
  "total_pixels": 264,
  "good_quality_pixels": 176,
  "mean_chlorophyll": 2.797240425857502,
  "median_chlorophyll": 1.7796173774066868,
  "std_chlorophyll": 2.7323313993205405,
  "min_chlorophyll": 0.24995434029689145,
  "max_chlorophyll": 15.0,
  "mean_sst": 20.102239299074323,
  "sst_range": [
    12.024756764914322,
    27.922376229991784
  ],
  "bloom_count": 7,
  "bloom_percentage": 3.977272727272727,
  "bloom_locations": [
    {
      "region": "Gulf of Mexico",
      "bloom_pixels": 6
    },
    {
      "region": "Pacific Coast",
      "bloom_pixels": 1
    }
  ],
  "productivity_distribution": {
    "high": 121,
    "medium": 55
  },
  "regional_stats": {
    "Pacific Coast": {
      "mean_chlorophyll": 3.4027802066849913,
      "mean_sst": 14.621015244995062,
      "pixel_count": 59,
      "bloom_pixels": 1
    },
    "Gulf of Mexico": {
      "mean_chlorophyll": 3.4738435780425796,
      "mean_sst": 25.375836857933113,
      "pixel_count": 62,
      "bloom_pixels": 6
    },
    "Atlantic Coast": {
      "mean_chlorophyll": 1.3849451075975627,
      "mean_sst": 20.037315127100346,
      "pixel_count": 55,
      "bloom_pixels": 0
    }
  },
  "ocean_health_status": "NORMAL - Moderate productivity",
  "spatial_extent": {
    "lon_range": [
      -127.99270356160025,
      -70.08176554583224
    ],
    "lat_range": [
      25.06949659013388,
      47.3025016561516
    ]
  },
  "summary": "NORMAL: Chl-a 2.80 mg/m\u00b3, 7 bloom pixels detected",
  "analysis_date": "2026-02-21 09:25:14"
}