{
  "total_pixels": 264,
  "good_quality_pixels": 173,
  "mean_chlorophyll": 2.3877357171744205,
  "median_chlorophyll": 1.8114382394239001,
  "std_chlorophyll": 1.992734854696309,
  "min_chlorophyll": 0.2606819297465996,
  "max_chlorophyll": 15.0,
  "mean_sst": 20.10150330955717,
  "sst_range": [
    12.205210200744066,
    27.812012724618423
  ],
  "bloom_count": 1,
  "bloom_percentage": 0.5780346820809248,
  "bloom_locations": [
    {
      "region": "Gulf of Mexico",
      "bloom_pixels": 1
    }
  ],
  "productivity_distribution": {
    "high": 118,
    "medium": 55
  },
  "regional_stats": {
    "Pacific Coast": {
      "mean_chlorophyll": 3.280922240568746,
      "mean_sst": 15.314331601984632,
      "pixel_count": 61,
      "bloom_pixels": 0
    },
    "Gulf of Mexico": {
      "mean_chlorophyll": 2.653261815682501,
      "mean_sst": 25.05519764224245,
      "pixel_count": 57,
      "bloom_pixels": 1
    },
    "Atlantic Coast": {
      "mean_chlorophyll": 1.1219290709559757,
      "mean_sst": 20.277083258627417,
      "pixel_count": 55,
      "bloom_pixels": 0
    }
  },
  "ocean_health_status": "NORMAL - Moderate productivity",
  "spatial_extent": {
    "lon_range": [
      -127.83645821435792,
      -70.44115595814066
    ],
    "lat_range": [
      25.002689714668243,
      47.46226676231382
    ]
  },
  "summary": "NORMAL: Chl-a 2.39 mg/m\u00b3, 1 bloom pixels detected",
  "analysis_date": "2026-02-28 09:21:27"
}