{
  "total_pixels": 264,
  "good_quality_pixels": 184,
  "mean_chlorophyll": 2.535168006744807,
  "median_chlorophyll": 1.8828708528874802,
  "std_chlorophyll": 2.048470005271405,
  "min_chlorophyll": 0.2,
  "max_chlorophyll": 12.0,
  "mean_sst": 20.07281838076187,
  "sst_range": [
    12.069412322956003,
    27.98818351912864
  ],
  "bloom_count": 1,
  "bloom_percentage": 0.5434782608695652,
  "bloom_locations": [
    {
      "region": "Pacific Coast",
      "bloom_pixels": 1
    }
  ],
  "productivity_distribution": {
    "high": 128,
    "medium": 56
  },
  "regional_stats": {
    "Pacific Coast": {
      "mean_chlorophyll": 3.7222111890030813,
      "mean_sst": 14.680871413406225,
      "pixel_count": 62,
      "bloom_pixels": 1
    },
    "Gulf of Mexico": {
      "mean_chlorophyll": 2.4848562324907917,
      "mean_sst": 25.140969646697062,
      "pixel_count": 66,
      "bloom_pixels": 0
    },
    "Atlantic Coast": {
      "mean_chlorophyll": 1.28023764604395,
      "mean_sst": 20.069295674053425,
      "pixel_count": 56,
      "bloom_pixels": 0
    }
  },
  "ocean_health_status": "NORMAL - Moderate productivity",
  "spatial_extent": {
    "lon_range": [
      -127.9678754002664,
      -70.09920206876858
    ],
    "lat_range": [
      25.054914370237242,
      47.4269168613194
    ]
  },
  "summary": "NORMAL: Chl-a 2.54 mg/m\u00b3, 1 bloom pixels detected",
  "analysis_date": "2026-05-23 21:00:23"
}