{
  "total_pixels": 264,
  "good_quality_pixels": 196,
  "mean_chlorophyll": 2.477325740732769,
  "median_chlorophyll": 1.871415652391097,
  "std_chlorophyll": 2.0569069711603314,
  "min_chlorophyll": 0.2,
  "max_chlorophyll": 11.451648574495984,
  "mean_sst": 20.247086579247465,
  "sst_range": [
    12.037225017188966,
    27.87684068652714
  ],
  "bloom_count": 3,
  "bloom_percentage": 1.530612244897959,
  "bloom_locations": [
    {
      "region": "Pacific Coast",
      "bloom_pixels": 3
    }
  ],
  "productivity_distribution": {
    "high": 141,
    "medium": 55
  },
  "regional_stats": {
    "Pacific Coast": {
      "mean_chlorophyll": 3.4018106268191244,
      "mean_sst": 15.279860608938279,
      "pixel_count": 68,
      "bloom_pixels": 3
    },
    "Gulf of Mexico": {
      "mean_chlorophyll": 2.479845162403069,
      "mean_sst": 25.06306894432077,
      "pixel_count": 73,
      "bloom_pixels": 0
    },
    "Atlantic Coast": {
      "mean_chlorophyll": 1.3309822855363318,
      "mean_sst": 19.996262094350605,
      "pixel_count": 55,
      "bloom_pixels": 0
    }
  },
  "ocean_health_status": "NORMAL - Moderate productivity",
  "spatial_extent": {
    "lon_range": [
      -127.98503072609815,
      -70.01648806536254
    ],
    "lat_range": [
      25.00601204068667,
      47.428662712200136
    ]
  },
  "summary": "NORMAL: Chl-a 2.48 mg/m\u00b3, 3 bloom pixels detected",
  "analysis_date": "2026-04-24 08:56:14"
}