{
  "total_pixels": 264,
  "good_quality_pixels": 188,
  "mean_chlorophyll": 2.5653389422589945,
  "median_chlorophyll": 2.095363531228882,
  "std_chlorophyll": 1.9885735921499417,
  "min_chlorophyll": 0.3,
  "max_chlorophyll": 12.0,
  "mean_sst": 20.30095130725388,
  "sst_range": [
    12.003741731375703,
    27.970827589117654
  ],
  "bloom_count": 1,
  "bloom_percentage": 0.5319148936170213,
  "bloom_locations": [
    {
      "region": "Pacific Coast",
      "bloom_pixels": 1
    }
  ],
  "productivity_distribution": {
    "high": 131,
    "medium": 57
  },
  "regional_stats": {
    "Pacific Coast": {
      "mean_chlorophyll": 3.5642138276532673,
      "mean_sst": 15.073477701124627,
      "pixel_count": 64,
      "bloom_pixels": 1
    },
    "Gulf of Mexico": {
      "mean_chlorophyll": 2.597722502941987,
      "mean_sst": 25.18846785372402,
      "pixel_count": 67,
      "bloom_pixels": 0
    },
    "Atlantic Coast": {
      "mean_chlorophyll": 1.4057303241713812,
      "mean_sst": 20.425419766530588,
      "pixel_count": 57,
      "bloom_pixels": 0
    }
  },
  "ocean_health_status": "NORMAL - Moderate productivity",
  "spatial_extent": {
    "lon_range": [
      -127.97015004155665,
      -70.01038682121902
    ],
    "lat_range": [
      25.005779622704196,
      47.462311834958555
    ]
  },
  "summary": "NORMAL: Chl-a 2.57 mg/m\u00b3, 1 bloom pixels detected",
  "analysis_date": "2025-11-04 15:17:21"
}