{
  "total_pixels": 264,
  "good_quality_pixels": 189,
  "mean_chlorophyll": 2.4745334942409847,
  "median_chlorophyll": 1.804175197745673,
  "std_chlorophyll": 2.028537757563237,
  "min_chlorophyll": 0.2,
  "max_chlorophyll": 14.437653211204811,
  "mean_sst": 19.959917540488906,
  "sst_range": [
    12.2601902489669,
    27.96694028724505
  ],
  "bloom_count": 2,
  "bloom_percentage": 1.0582010582010581,
  "bloom_locations": [
    {
      "region": "Gulf of Mexico",
      "bloom_pixels": 2
    }
  ],
  "productivity_distribution": {
    "high": 128,
    "medium": 61
  },
  "regional_stats": {
    "Pacific Coast": {
      "mean_chlorophyll": 3.2807374166836696,
      "mean_sst": 15.137651996944196,
      "pixel_count": 63,
      "bloom_pixels": 0
    },
    "Gulf of Mexico": {
      "mean_chlorophyll": 2.8016454648721685,
      "mean_sst": 24.478581080870754,
      "pixel_count": 65,
      "bloom_pixels": 2
    },
    "Atlantic Coast": {
      "mean_chlorophyll": 1.2933347203899006,
      "mean_sst": 20.12532080472657,
      "pixel_count": 61,
      "bloom_pixels": 0
    }
  },
  "ocean_health_status": "NORMAL - Moderate productivity",
  "spatial_extent": {
    "lon_range": [
      -127.76782423748813,
      -70.17280594673898
    ],
    "lat_range": [
      25.08369810298356,
      47.44629303846854
    ]
  },
  "summary": "NORMAL: Chl-a 2.47 mg/m\u00b3, 2 bloom pixels detected",
  "analysis_date": "2026-01-22 15:26:01"
}